symbol,description,price,price_change_1d,perf_1w,perf_1m,perf_3m,perf_6m,perf_ytd,perf_1y,perf_5y,performance_10_years,perf_all_time,vol_1w,vol_1m,technical_rating_1d,moving_averages_rating_1d,oscillators_rating_1d,rsi_14,momentum_10_1_day,awesome_oscillator_1d,cci_20_1d,stochastic_k_1d,stochastic_d_1d,candlestick_pattern_1d,pre-market_price,pre-market_change,pre-market_gap,pre-market_volume,gap_1_day,volume_1d,volume_change_1_day,post-market_price,post-market_change,post-market_volume,market_cap,market_cap_perf_1y,pe_ratio,price_to_earning_to_growth_trailing_12_months,ps_ratio,pb_ratio,pcf_ratio,p_fcf_ratio,p_cash_ratio,enterprise_value,enterprise_value_to_revenue_ratio_trailing_12_months,enterprise_value_to_ebit_ratio_trailing_12_months,enterprise_value_to_ebitda_ratio_trailing_12_months,dividends_per_share_annual,dividends_per_share_quarterly,dividend_yield_trailing_12_months,dividend_yield_indicated,dividend_payout,dividends_per_share_growth_annual_yoy,continuous_dividend_payout,continuous_dividend_growth,gross_margin_ttm,operating_margin_ttm,pretax_margin_trailing_12_months,net_margin_ttm,fcf_margin_ttm,roa_ttm,roe_ttm,roic_ttm,research_and_development_ratio_trailing_12_months,selling_general_and_admin_expenses_ratio_trailing_12_months,recent_fiscal_period_current,fiscal_period_end_date_current,total_revenue_trailing_12_months,revenue_growth_ttm,gross_profit_trailing_12_months,operating_income_trailing_12_months,net_income_trailing_12_months,ebitda_trailing_12_months,eps_diluted_ttm,eps_growth_ttm,total_assets_quarterly,total_current_assets_quarterly,cash_and_short-term_investments_quarterly,total_liabilities_quarterly,total_debt_quarterly,net_debt_quarterly,total_equity_quarterly,current_ratio,quick_ratio,debt_to_equity,cash_to_debt_ratio,cash_flow_from_operating_activities_trailing_12_months,cash_flow_from_investing_activities_trailing_12_months,cash_flow_from_financing_activities_trailing_12_months,free_cash_flow_trailing_12_months,capital_expenditures_trailing_12_months,revenue_per_share,basic_earnings_per_share_trailing_12_months,operating_cash_flow_per_share_trailing_12_months,fcf_per_share,ebit_per_share_trailing_12_months,ebitda_per_share_trailing_12_months,bvps,total_debt_per_share_quarterly,cash_per_share_quarterly,relative_volume_1d,sector,snapshot_date
BHG,BHP Group Ltd,70265.0,-3.838784726974134,1.9308323904024136,7.274809160305343,21.13193235299188,46.63285961727081,37.03559239395417,53.172890371242346,56.30422209369578,290.3611111111111,1461.4444444444443,2.842068214832222,2.146882448790951,,,,61.25737138761337,4528.0,6930.979411764871,86.01828837951528,79.84889058913542,88.7676566929894,,,,,,-0.9169289722184208,443688.0,123.95590417638329,,,,3775377415244.6006,46.76640517623439,20.258822203138624,,3.737615606020884,4.245313607570273,10.310500868620002,19.839623902330157,15.520704686737714,4096636668951.183,4.401035086710324,10.752754305782316,8.512680373176408,20.08211744,11.548640670833334,3.15459555269094,3.038647871903654,62.63972611505728,-25.44178552237608,26.0,0.0,40.9293745759385,40.9293745759385,38.2023923645699,18.951950998927,19.36267916395681,9.42417055323535,21.278041715691,14.5665355865582,,,,,930834812319.8738,-2.628875926572403,380984867017.63525,380984867017.63525,176411357511.81577,481239338183.0417,34.683655,-13.276996753056435,1934693134396.1812,432392542052.7544,230388112020.16315,1009721970212.4392,467296799632.0668,236908687611.9036,924971164183.74,1.64873457967697,1.27883759379371,0.555895014581308,0.4930230898254872,346810101232.12354,-248393360605.37723,-40620819036.93084,180234558255.91663,173445113615.7195,182.9111440990121,34.7570525,68.14896860525118,35.41649798701447,74.86438730374337,94.56461744606833,165.5119185416667,,,1.29567131285103,Non-energy minerals,2026-05-15
ANH,Anheuser-Busch InBev SA/NV,133707.0,-0.1202677264170675,2.2138810956265145,8.62980866880611,4.532092877804707,21.55181818181818,25.1938202247191,9.775862068965518,25.793340922561647,-24.483214350262063,-24.483214350262063,1.4619451678766495,1.8553341401559256,,,,66.09597953898017,7997.0,8224.158823529418,97.44114371072192,87.66493363081906,83.52935651089278,,,,,,0.3481041025487794,97942.0,-64.2595707878863,,,,2675174742319.765,1.7423120474398062,22.65636170936794,1.6680833224760845,2.6636427993004195,1.7928162642163397,10.74734313633918,14.247145977736396,13.486011837279268,3867435649139.908,3.761153951697199,14.831500482578427,10.785928781221395,15.758009166666666,,1.1552812858783,1.6732527564466488,26.0965409926411,14.381661063992834,35.0,4.0,55.9339459766035,25.3592275216566,18.5202845056394,11.5836289741996,18.32628378929592,3.12352595632396,8.11966092380431,4.35266692535025,,30.57471845494693,,,1028257736537.147,-5.444742266128758,575145126854.9346,260758218917.49188,119109561098.96576,358563061891.63995,59.01521246666666,13.24407422969328,3682388115327.23,412837756542.9199,199076836535.53296,2053371563448.7217,1217178846423.3423,1018102009887.8096,1629016551878.5083,0.718462654097172,0.570326323422771,0.8366308843241249,0.1635559450614152,249806165113.3624,-63093554704.10046,-186762964403.43887,188441430883.18832,61364734237.34819,512.0965652785,60.38351661666666,124.40935243605128,93.84826982817476,129.8637331003845,178.57284794065563,745.7931003233332,,,0.2657983843457338,Consumer non-durables,2026-05-15
BTI,British American Tobacco p.l.c.,108984.0,-0.166718575380613,14.660859135814158,16.029299037560683,14.863882126031555,16.52927024859663,13.030491599253269,48.17675050985724,95.38185729652206,18.848418756815704,290.6236559139785,2.941905674994502,2.3812201474017995,,,,72.97204541807821,11367.0,6977.858823529416,214.60839081533308,92.2432315018958,91.99422016660348,,,,,,1.1926790392613085,126451.0,-68.57407711157171,,,,2385331821843.015,19.29027829076763,13.903355604420907,0.0890562759288858,4.232151986757343,2.201087381436998,21.63984899311838,24.373355823748422,27.66499560322421,3091399341843.015,5.376067437615441,13.370990295943615,10.719486692411357,55.019648,27.509824,4.8415961305925,4.983602953300478,69.80599948722332,-3.7133208623896743,46.0,26.0,62.4326434986333,40.2069504099961,31.9328387348692,29.9765716516986,17.03240921515033,6.72863284382683,15.7365556682963,9.48275329648272,,23.033971105037097,,,575029866666.6666,-6.537356766385267,359006346666.6667,231201973333.3333,172374240000.0,288390613333.3333,78.386832,144.64536760022938,2453924800000.0,284798080000.0,86288160000.0,1372909066666.6667,787438400000.0,701150240000.0,1081015733333.3334,0.873313136876893,0.571605618286973,0.7317531193923971,0.1095808383233532,110313226666.66669,26180586666.666668,-159688106666.66666,97941440000.0,15807146666.666666,262.5254019454027,78.817936,50.36264348917485,44.714400753059344,105.55345817383127,131.66248584876072,495.1370896,,,0.3219271790949857,Consumer non-durables,2026-05-15
CFR,Compagnie Financiere Richemont SA,328291.0,-2.047715378602075,-1.8893467976438452,1.089443361570178,-0.7347583008033962,-10.057260273972602,-9.636388659510049,-1.627107673775399,127.04958849159694,241.93417352359128,2851.673053369454,2.6314085710669923,2.629339443393393,,,,55.610930800206056,11885.0,12490.720588235416,63.640329929279154,78.46194042849679,74.14213551646056,,,,,,-1.225108457604564,33189.0,-58.120078740157474,,,,1943182583122.7263,-4.345142489577896,22.985884007952148,0.1182504992317018,4.565116027629581,4.263500445460648,18.798123992713474,23.9909358985736,5.686311937811473,1906663560426.3245,4.239908859715671,19.87525860365841,14.826369021643831,62.52564575645757,,1.9163206643245,1.964320879356952,0.0,7.683483895978085,37.0,5.0,65.8236624204558,21.3325971911759,20.8791172217834,17.4526729897451,17.934294512250876,9.14442915091595,18.2024117551596,12.7498538344667,,44.49106522927965,,,449694468327.3653,12.205473669191033,296005368755.26746,95931509519.27692,84173206740.3002,128599494430.69563,142.88900086956522,226.95929230800925,845979797432.6412,580221744618.5217,340265840875.5326,391686421184.21735,302379140973.6196,-37886699901.91304,454293376248.4239,2.82012104375434,1.86635578926481,0.6676131242112849,1.1252953486802133,102928234421.1576,-46027886096.20179,-56759531663.82267,80649530355.13043,24365989336.566746,763.3584592214659,143.20342173913045,174.72115841310088,136.90295426095813,162.8441852724495,218.29824211627167,770.359952347826,,,0.2955159469653065,Consumer durables,2026-05-15
GLN,Glencore plc,12732.0,-3.4210725934916177,1.523004545092098,0.244075269663806,17.88888888888889,51.57142857142857,37.61348897535668,92.85065131778248,93.20182094081942,346.7368421052632,131.4909090909091,2.0708802488284643,2.5009613060855376,,,,54.05562435878218,-120.0,381.77058823529296,66.34345882887742,80.84613558623705,87.45102025509603,,,,,,-2.07084882045058,813327.0,-11.050948517783752,,,,1549011667348.4478,102.82443875186384,268.7406423433261,,0.3840780454158699,2.2973380249423405,14.488485286122028,236.57038342459413,31.225383768923997,2104681796092.1123,0.499698028697303,50.69574362857225,12.440346317329327,2.812392266666667,1.4122024000000002,1.25200537002853,2.123211712053402,544.5869565217391,58.48568383247266,15.0,1.0,2.05108795781735,0.985680439841881,-0.398174694541209,0.135978383341422,0.1540622713489034,0.243057914382779,0.831350945507947,0.502095858219716,,1.0654075179755125,,,4211907342478.3184,-2.058022965277782,86389924295.99753,41515946819.07272,5727283512.140664,169181929699.2,0.4737653333333333,,2373771641698.581,1118952405734.6062,49161790763.66424,1812776347843.3264,692538557426.6132,643376766662.9484,560995293855.2455,1.06245046758599,0.541258519575209,1.06757591353577,0.0709878031143035,105952813772.28365,-81254523744.34042,-16431992007.728754,6488960118.933333,99463853663.1092,349.333278519953,0.5164266666666667,8.787668102334687,0.5381907834654321,3.443309795665051,14.031856202557986,55.42066453333333,,,0.2107970812014044,Distribution services,2026-05-15
PRX,Prosus N.V. Class N,76368.0,1.4951556955464296,-5.507368316856184,-5.838255058382551,-6.868292682926829,-37.91219512195122,-27.31495141195618,-19.443037974683545,15.981476421986336,34.39804255290908,34.39804255290908,3.976583343961051,2.938525346233045,,,,41.39736018595308,-3765.0,-3495.314705882324,-133.52810217138313,37.54290332609849,30.749796832064664,,,,,,-0.3056762755339367,651160.0,-29.84482385250132,,,,1492547748436.5308,-11.755826318857572,7.0922559970811685,0.0916493891054535,14.163049486028692,1.743297086708942,46.95439587534316,49.06246326308239,4.421655418792862,1416926541997.406,11.244712570720017,324.5764697425737,177.5192778479391,3.992066420664207,,0.516528925619835,0.5481386972874553,0.0,94.2386349257376,6.0,3.0,42.2103596876322,3.4644262722793,107.15201743622,198.640714978528,27.583065048062664,18.9176329702152,27.2505523384291,20.7640417322783,,38.74593341535304,,,126008249040.25786,20.48091966444754,53188535155.98016,4365462884.989813,249652520057.99185,7981817857.613913,107.68505822608697,91.4093273406516,1382492515238.3938,448707824610.6599,385661205553.6951,419841851918.4627,308581069086.806,-77080136466.89017,962650663319.9312,3.66142290249433,3.62046485260771,0.321040078060063,1.249788934541561,36317386850.890274,291257054303.21216,-177013664311.63773,34756937298.69913,1560449542.933283,56.43492833843717,107.68505822608697,16.26535675227487,15.566482993418663,1.9551464978906608,3.574792303168861,438.0951507478261,,,0.4484042333581211,Technology services,2026-05-15
AGL,Anglo American plc,84065.0,-6.3154727410511295,-2.242042956984871,5.450326141495234,6.749206349206349,32.1880650994575,22.70471464019851,58.83305257082315,29.38194237661803,528.0094879163945,536.7738716235649,2.9824074203754862,3.1158463718849854,,,,53.739177960118326,2844.0,8715.338235294112,32.88988767331848,75.14338411784028,85.58125064796047,,,,,,-2.89974591004324,582616.0,2.7599441238306217,,,,974419683549.418,36.92808836469611,,-0.6171138850126148,3.0999280516758003,3.0018661741242214,10.663019536678704,31.63739256082202,8.381256656124817,1227907558845.717,3.889891238906762,19.33710507182257,11.958954801584596,3.849848533333333,2.6913463466666667,0.422003445729756,0.4262180715909597,-6.196602818937478,-70.6544441529753,9.0,0.0,39.1104871424026,20.1162026371921,4.50629383016085,-6.26155750995305,9.019316141227575,-1.88454183789113,-5.88041694294777,-3.28602168273519,0.2049733179866869,18.789311187223795,,,315666295901.58295,-38.04673783909919,123458626071.48692,63500071740.88069,-70545030304.53766,102676829139.2,-62.12837333333333,-16.88653215790171,934725063506.1542,225710211516.71127,107471514070.30434,532132565085.2882,258429094334.01428,150957580263.7101,402592498420.8661,1.97675438596491,1.53625730994152,0.861251738525733,0.4158646082294419,84473852790.68079,-37441467503.29311,-78689120910.41394,28470941178.666668,56690372426.6162,294.6055499601273,-62.12837333333333,78.8378936293167,26.571405920506045,59.263449387421495,95.8263967659918,280.042464,,,0.5262062196661871,Non-energy minerals,2026-05-15
ANG,Anglogold Ashanti PLC,158759.0,-4.943837716146956,-4.649249249249249,-11.025987345390146,-6.6798727979168016,14.627436823104691,10.62574036652498,120.80528511821974,392.6425867312108,596.311403508772,465.2783860481181,4.767523412079694,4.143030160979408,,,,44.1981555365323,3616.0,3987.264705882408,-38.40763657517626,43.65096912079003,54.56239537601465,,,,,,-1.86688700483786,308263.0,-35.61893026461436,,,,854827744676.617,106.18568052218336,13.671263239738286,,4.587294762894173,5.512739192984697,8.185801218055735,11.759061505155415,14.805298966934842,871028766823.3375,4.579024593605813,9.433466533677104,,59.41666666666667,19.761499148211243,3.49270108748898,2.8932677108779994,66.78765880217784,243.32820681826504,10.0,2.0,56.0361812645347,48.5402113559207,45.1818018986336,31.1123052122664,35.8344537880564,23.879571074916,45.3850676070124,35.561469955766,,2.4986566362102227,,,190221465077.87903,126.6715843117525,106592844975.09438,92333901193.13168,59182282794.27462,,116.12606473594548,,267546848385.1193,81618398638.2109,54139693356.75946,90749574106.81483,38943781942.59029,-15195911414.169132,176797274278.30325,2.70677966101695,2.11129943502824,0.267838312829526,1.390201224846896,97920084396.5012,-25325097650.49472,-43827363717.11328,68164822998.296425,29755261455.71942,376.7601001765332,117.33390119250429,193.9443626481176,135.00992398959457,182.88014892922536,,287.9856899488927,77.13358311027763,107.2312017167378,0.3076827411185245,Non-energy minerals,2026-05-15
NPN,Naspers Limited Class N,86489.0,1.275175644028103,-5.8366902558519325,-5.990217391304348,-4.537527593818985,-30.224922148538973,-23.736420711060948,-19.85822831727205,41.99101648946999,228.2812532832301,26411.382630207296,4.102291239315174,3.3226003646545785,,,,43.51444172346577,-3284.0,-3413.108823529634,-124.47399649123314,38.26662447924906,34.18786258834052,,,,,,0.0,786474.0,-32.99841371801666,,,,653812589535.0,-13.780276188697158,6.884510190370967,0.0801593235144049,4.825971325410604,1.610077290374458,19.564034127850174,20.730283162578854,1.7867983856031846,1123270367035.0,7.912590846281599,310.78475970022714,140.09064022906998,5.08,,0.594847775175644,0.594847775175644,0.0,110.78838174273858,30.0,3.0,41.4356785108354,2.54600349850173,90.8943521507985,73.0092761278051,23.40443956142311,8.01818189401081,26.6602473533711,15.4076835831452,,38.889675012333655,,,141959869890.513,11.466393342365452,58822035302.23309,3614303253.88097,103336660959.987,8018168560.0,125.6284,85.42800422137105,1383892035000.0,450652552500.0,385472607500.0,423566127500.0,313460672500.0,-72011934999.9999,960325907500.0,3.71511875977813,3.66249466647703,0.748373012604004,1.229731961032528,35205511719.8334,287368997374.665,-170459803175.902,33224911950.0,1980599774.77738,178.261433817965,128.7233,44.2081625061569,41.72108953925198,4.538542336611352,10.068551240587263,537.17297,,,0.460244719007344,Technology services,2026-05-15
GFI,Gold Fields Limited,68648.0,-5.780949766675817,-8.469333333333333,-17.03066268627854,-19.40263460680489,-0.2223804886556881,-7.099358540612228,90.78958339123426,356.5272328256966,956.123076923077,431.3312693498452,4.575540953706027,4.292099874863724,,,,38.53503772020881,-2575.0,-2795.0823529411573,-124.99169221035068,27.282890265168444,36.96949032657896,,,,,,-2.701070546253088,874938.0,-3.273992789808889,,,,652114632824.0,66.21560481606858,9.849286338730352,0.059243966097645,4.236244050269064,4.391944636353935,7.819861757681434,11.39405977066725,20.89919963523767,679982058824.0,4.370469999042308,9.024255478363818,7.371457589181249,25.5,18.5,3.49986275048037,3.499862750480373,36.20862986544589,155.0,46.0,2.0,54.1189729893273,48.4302556530436,60.2229871127174,40.5106495098457,34.75594719882724,28.4119167184936,52.9923450771298,38.5556648497868,,5.6887173362836245,,,155585568365.188,63.76856547609634,84201311718.8474,75350488518.5016,63028724288.3227,92245265010.0,69.6619,177.8418586100309,252281564000.0,49227813000.0,29481344000.0,108579896000.0,53375284000.0,23893940000.0,143701668000.0,1.74769104064945,1.28731101829519,0.381993691151009,0.5523407425804048,78791225837.96149,-48062630383.678,-16251418010.997,54075237990.0,24715987849.7018,173.257664893939,70.4252,87.7406815185737,60.21734252845859,83.9091300482971,102.722889925382,156.22237,,,0.4880739461257125,Non-energy minerals,2026-05-15
CPI,Capitec Bank Holdings Limited,429384.0,-0.9305126471735072,-1.6430844082216067,-1.040564739720534,-8.515180568871845,10.381491002570694,1.9916911916655384,21.63887149821954,177.02193548387098,671.5933799349494,167661.60130328505,2.0080390294277417,2.4073109454916586,,,,47.06652269018173,-3128.0,-1261.2823529415764,-89.47387204762724,22.64789957742978,23.232103457129416,,,,,,-1.1584686341329482,54962.0,-61.366463993252026,,,,503196459974.0,28.44467163740592,29.530757078808247,1.3360402817155044,7.549434683214695,8.368503862732712,14.229860074375145,14.67182661509054,,485824600974.0,6.373659706443942,,,79.8,53.6,1.62545539284338,1.841182971595484,54.81714224086707,22.58064516129033,25.0,6.0,,33.14667385934952,29.1150851218319,25.126707596694093,44.47656549713616,6.70990429660604,30.5059765858222,29.2047181922591,,,,,76223806000.0,18.818535090184408,,22206286000.0,16833389000.0,,145.4023,22.47498315363881,263283842000.0,67273643000.0,,203770962000.0,3639187000.0,-17447553000.0,59512880000.0,0.519842428350997,,0.0611845164287537,,34954688000.0,-35891727000.0,6113641000.0,33901731000.0,1136056000.0,578.3300669582222,145.5749,301.748575007583,222.166203597239,,,513.0953,,,0.2548831109447815,Finance,2026-05-15
FSR,FirstRand Limited,8784.0,-1.8547486033519556,-4.272013949433305,-2.2914349276974417,-7.721399306649858,5.640408899579074,-2.5191432693374765,19.59155888359428,64.21761076836792,105.18570427470218,1103.2876712328766,2.1437521052726964,2.2287466358898302,,,,46.39400152868222,-39.0,2.723529411741765,-57.42879690077505,28.20512820512821,26.81159420289856,,,,,,-1.318435754189944,3401340.0,-27.689035683732698,,,,501924696533.0,21.382358524233133,11.181689728477412,1.0752873947895645,3.2690589369297496,2.208164224672666,6.175517317179652,6.92760607691808,,367187696533.0,1.411136889218968,,,4.66,2.59,5.6536312849162,5.653631284916201,64.31440337587065,12.289156626506015,29.0,5.0,,37.67075260998286,22.2984008885234,29.649924687061755,27.214102618300046,1.74811998056198,21.3349030380326,17.7015642170097,,,,,260207000000.0,2.349812966845374,,58022000000.0,45668000000.0,,7.8557,10.673278764739862,2681769000000.0,189028000000.0,,2454830000000.0,48138000000.0,-140280000000.0,226939000000.0,18.3077966101695,,0.217429402518564,,79437000000.0,-197572000000.0,126973000000.0,70813000000.0,9176000000.0,27.579383044595893,7.8676,14.2239095914505,7.69792536533412,,,39.77965,,,0.2296542767797011,Finance,2026-05-15
SBK,Standard Bank Group Limited,30265.0,-1.8039648291749133,-2.7724235415060394,-5.421875,-3.1489007648244742,13.119043169501028,4.003436426116839,31.33570560666551,151.182670761059,156.5047885414018,917.310924369748,2.2106426993041883,2.518274839779572,,,,43.31011556313998,-1784.0,-941.685294117513,-94.24219943784304,31.854817850668468,26.710610197215924,,,,,,-0.7819343953797735,799255.0,-51.985450045355975,,,,499033136045.0,35.693286596304624,10.130204846699693,0.7357978541291511,1.453891362606088,1.8593675508569127,6.787017594831078,7.257363619533645,,672567136045.0,2.7572815140986537,,,16.95,8.78,5.49949709613575,5.499497096135752,56.14237308345837,12.475116124751152,46.0,5.0,,23.07283116645408,33.0742362375166,14.042292754634529,27.993145405946112,1.42520600177178,18.6756279251986,9.6204525727363,,,,,243924000000.0,15.05143552518006,,80676000000.0,49100000000.0,,29.876,14.123749933151514,3620854000000.0,784144000000.0,,3330802000000.0,300964000000.0,147640000000.0,290052000000.0,1.05441758832823,,1.11608278542318,,73014000000.0,-297380000000.0,238904000000.0,68282000000.0,5469000000.0,213.54973204381608,30.1911,44.5924879037436,22.7726202710013,,,162.7704,,,0.2611488628733135,Finance,2026-05-15
VAL,Valterra Platinum Limited,136965.0,-6.549357277366884,-7.779476026636322,-12.20248588150076,-5.541379310344827,25.08219178082192,-3.2117871528513886,127.29007633587786,-24.67704592574669,252.36686390532543,345.8963472082686,4.349844196888302,5.0381683862389,,,,43.48873080729624,3529.0,1731.6764705885437,-65.30962503321115,65.7335715703792,73.12595918449368,,,,,,-3.642777216779018,353612.0,-37.22314143487122,,,,384891031861.0,101.70130262620386,23.438823583770716,0.2137286540085021,3.349310597955484,3.649252787083012,12.251625805427818,29.66818226313153,21.77132059461098,373953031861.0,3.2145880844236223,14.297026757187645,10.853059898450198,25.0,23.0,1.70573947217598,3.0703310499167595,42.57464186211266,96.07843137254902,9.0,1.0,24.5491274821628,22.4843118714003,19.6252041605777,13.2553941373678,10.472792916702485,9.02775948222111,15.3980577676811,15.3277270829606,0.0876815954611879,1.9582222986331987,,,116330000000.0,6.737500802848046,28558000000.0,26156000000.0,15420000000.0,34456000000.0,58.4351,118.21566474722351,170670000000.0,52690000000.0,16602000000.0,71727000000.0,5267000000.0,-11335000000.0,98943000000.0,1.17417658332219,0.54826848509159,0.0534471211413958,3.1520789823428896,29502000000.0,-16861000000.0,-19905000000.0,12183000000.0,17319000000.0,440.814779860846,58.7204,111.79332618804,46.16561904104437,99.11416987913952,130.56575307216818,375.32341,,,0.5848911983808855,Non-energy minerals,2026-05-15
MTN,MTN Group Limited,20794.0,-1.1410097936673955,-1.0469211002189016,1.4985112510372431,6.816664098217497,24.963942307692307,22.31764705882353,76.02641158046221,116.46887362065377,57.4110522331567,1543.794466403162,3.5143613852213664,3.2366753928350644,,,,52.05318410407532,-93.0,761.4617647058003,11.628268507288494,49.45037574928652,61.433986285125705,,,,,,-0.1806598839973376,1286171.0,-46.74967809781686,,,,368561300314.0,64.88328872242008,18.883551131977807,,1.7270184284844603,2.62866309714259,4.929593638118924,8.524476339564748,7.461689644027293,488525300314.0,2.1548752368210957,6.325098403775441,4.202006711801135,5.0,5.0,2.37710373680707,2.3771037368070744,44.928877586780125,44.927536231884055,5.0,2.0,47.6077050995338,34.0686436678179,19.5291720149797,8.93752729293758,19.88205039985532,4.35895670731183,15.0959983907138,7.80188404987938,,13.19632830040537,,,226707000000.0,20.58818836070021,107930000000.0,77236000000.0,20262000000.0,116260000000.0,11.0117,,498712000000.0,185913000000.0,51494000000.0,328979000000.0,146722000000.0,95228000000.0,169733000000.0,0.940250952070279,0.933625655575617,1.01189679786478,0.3509630457600087,77944000000.0,-42048000000.0,-23720000000.0,45074000000.0,42295000000.0,122.68999805662,11.1287,42.1819758919008,24.39328724919861,41.79881825396246,62.91794772134336,79.10485,,,0.3344539257356163,Communications,2026-05-15
VOD,Vodacom Group Limited,15352.0,-1.7534877767822858,3.926347143243975,2.7714553487749365,-2.035607172484206,8.887155117384212,8.341566690190543,19.00775193798449,23.79646802677204,-8.455575432319618,158.01680672268907,3.913342891064656,3.1270072021815296,,,,57.15422119247713,1221.0,725.7352941176468,121.58137015976877,76.47010728771734,83.48736986053548,,,,,,1.7534877767822858,707219.0,-70.65203679020256,,,,302229223081.0,3.169037192215918,15.133920209777113,0.772895913390265,,,5.703564941132498,10.084514935236584,9.315886572448948,378399223081.0,2.2778393173751823,9.922622868257506,6.0621471176065365,7.35,4.05,4.25572763343146,4.703698963266351,71.56697597881228,18.548387096774185,17.0,2.0,40.0266069515176,22.9560202742563,19.8053237981724,12.4288173751821,18.217936215552424,7.84439623566243,22.3727197369063,12.4114466395559,,17.07058667726129,,,166122000000.0,10.175820240219128,66493000000.0,38135000000.0,20647000000.0,62420000000.0,10.1441,20.076941287878785,276433000000.0,86503000000.0,32761000000.0,169198000000.0,94250000000.0,61489000000.0,107235000000.0,1.09797674654752,1.07116927294882,1.0183244376256,0.3475968169761273,53510000000.0,-35756000000.0,-9788000000.0,30264000000.0,23246000000.0,,10.2701,,15.223340040241448,19.182595573440643,31.398390342052316,,,,0.3340086688789738,Communications,2026-05-15
INPR,Investec Limited Non-Red.Non-Cum.Non-Ptg.Prf.Shs,9397.0,-0.7918074324324325,0.3952991452991453,-4.102459434636187,-5.377102003826402,-6.03,-4.695740365111562,-3.1237113402061856,29.61379310344828,14.457978075517662,-12.054281703322417,1.4322134551780894,1.399411104721232,,,,45.227662715283536,-12.0,-345.6352941176465,-25.462671534696725,43.73119358074223,37.78000668672685,,,,,,-0.7601351351351352,3006.0,-83.15116865646544,,,,244589595686.0,15.130729866172144,5.354293919226913,1.7624079250080735,1.6017313679585683,0.6671190325787228,1.4886418846532552,,,320508098302.2407,2.85188983125832,,,8.63929,3.96,6.67323879578373,9.025380067567568,50.37284781216388,8.533793969849256,30.0,5.0,,38.11914873888214,17.01916286411,29.4612888588956,,1.09131352856615,12.4437298818585,5.84162287281397,,,,,112384459872.64,-1.9093620681531056,,19363999454.830902,14965926582.2052,,17.5504,3.084838944623253,1399438642046.21,249510354041.859,,1276318344090.4102,178877223745.922,72914382285.197,123120297955.8,3.01104254619023,,1.45264591984992,,53828786633.7812,-67711332484.7825,3614421067.10443,,0.0,59.57118927422163,17.5504,63.1246513810728,,,,140.85942,,,0.1506381827202068,Finance,2026-05-15
INL,Investec Limited,12987.0,-1.5166451808599375,-2.8064660978895377,-7.195941117621838,-3.2121031450290656,-3.024193548387097,4.903069466882068,10.801126183772716,143.43017806935333,80.63676349370706,732.2826792551266,3.1291123469828785,2.7486497589309518,,,,36.89188701251114,-878.0,-244.129411764734,-153.35142196764448,12.212791796403732,12.022256750317482,,,,,,-2.1763858345340106,103444.0,-90.81028738950828,,,,244589595686.0,15.130729866172144,7.399831342875376,2.453639496102351,2.229944209171204,0.9219830665212168,2.057357896774697,,,320508098302.2407,2.85188983125832,,,8.63929,3.96,6.67323879578373,6.673238795783727,50.37284781216388,8.533793969849256,30.0,5.0,,38.11914873888214,17.01916286411,29.4612888588956,,1.09131352856615,12.4437298818585,5.84162287281397,,,,,112384459872.64,-1.9093620681531056,,19363999454.830902,14965926582.2052,,17.5504,3.084838944623253,1399438642046.21,249510354041.859,,1276318344090.4102,178877223745.922,72914382285.197,123120297955.8,3.01104254619023,,1.45264591984992,,53828786633.7812,-67711332484.7825,3614421067.10443,,0.0,59.57118927422163,17.5504,63.1246513810728,,,,140.85942,,,0.1204724283817127,Finance,2026-05-15
S32,South32 Ltd.,4926.0,-6.385404789053592,-1.48,-9.697525206232816,-2.416798732171157,37.94455334640157,23.4895963900727,42.45228455754771,54.75966069745523,163.14102564102564,150.68702290076337,3.4021721461803,2.574230726639571,,,,43.08100818453911,-57.0,38.8323529411764,-73.53363843381823,64.35110393107162,78.91522227548074,,,,,,-3.0786773090079818,1785572.0,97.58722036809164,,,,237893970308.51544,56.14030094889902,44.92418018615051,0.465683280400517,2.351091475557644,1.430350640289343,8.86386259033309,32.7368068614799,7.989892238362367,238511006873.46265,2.5305935839848783,,53.19531623537321,1.094753275,0.6133250791666667,2.24153153153153,2.054161915621437,0.0,73.79110812565868,10.0,1.0,-3.37417085252268,-3.37417085252262,7.96905331910124,6.75533753524902,7.185898541774622,2.65875589232357,3.99464083144234,3.48924612734424,,,,,94251012245.8636,-3.326378923021463,-3180190183.407511,-3180190183.4074554,4941432316.542014,4483684349.541667,1.096514166666667,85.71082397958125,230087932069.64856,58851946964.8323,27749968758.708096,75728730849.33504,28166885356.645355,416916597.9372966,154359201220.3148,2.71252882398155,1.98847040737894,0.182713111207269,0.98519834221433,25013842186.79185,-15034423350.604153,-8374446039.576945,6772782114.583333,18420185752.51269,20.940016051069477,1.1009625,5.55739662003818,1.5047283080611715,-0.7065519292934904,0.9961529325797972,34.439107875000005,,,0.7872714690038742,Non-energy minerals,2026-05-15
IMP,Impala Platinum Holdings Limited,24322.0,-6.880049006470386,-9.513002715874846,-7.178567339617601,-12.721139699285894,28.003789274248724,-8.563909774436091,121.31028207461328,-6.450248086464864,381.4330958036421,257.0201834862385,4.722283752910744,5.841631349314347,,,,45.24584144895151,1111.0,1553.064705882287,-33.506864564647536,67.16972518400925,77.1672731829554,,,,,,-3.097362073586278,719971.0,-57.10728198749031,,,,235356854122.0,100.33371976908067,26.690867614963643,,2.2779829396565003,2.25245716078594,14.626577629382304,25.774652859496356,14.359994755130138,228016854122.0,2.193482127539634,16.95292595702602,10.269641675539342,1.65,4.1,2.20146253685057,2.2014625368505687,62.8195603723288,,1.0,0.0,13.2311066646144,12.9386639987687,11.7400338617824,7.8978759427428,8.17492688933354,5.89240088421899,8.57427820974084,8.42647617288132,,0.3684392796675388,,,103952000000.0,21.93353899569517,13754000000.0,13450000000.0,8210000000.0,22203000000.0,9.1181,,142676000000.0,63325000000.0,15253000000.0,40729000000.0,3009000000.0,-12244000000.0,101947000000.0,2.92981400943833,1.36064587767188,0.0310068732417588,5.069125955466933,14975000000.0,-6294000000.0,-2711000000.0,8498000000.0,6477000000.0,115.502222222222,9.1532,16.6388888888889,9.442222222222222,14.944444444444445,24.67,108.04645,,,0.2395052611434486,Non-energy minerals,2026-05-15
ABG,Absa Group Limited,23032.0,-1.4758095564015912,-0.3806228373702422,-6.892509196749808,-11.85273068238356,10.82134436799307,-3.776737967914439,36.69653985399727,87.2520325203252,65.93659942363112,63.27803771444776,2.518339524082619,2.474170969871336,,,,43.55109014440995,-236.0,-911.358823529412,-39.14940557779344,51.5874109687845,36.79079286436805,,,,,,-0.7571544680669033,1609987.0,-35.76678126337787,,,,193808103571.0,36.31624861308225,8.699325279939051,4.068118954133852,1.5004683144029511,1.1087818008652688,2.8539929468407714,3.0004262461173483,,502326103571.0,2.291978735717512,,,16.35,8.5,6.9940539846858,6.994053984685802,61.02317387685636,11.986301369863025,5.0,4.0,,28.42556543606369,15.6802803341744,16.825983548196515,29.50626691062067,1.03124896998125,13.3583895846175,4.20522975047658,,,,,219167000000.0,-0.9763789488903348,,37528000000.0,22214000000.0,,26.5147,2.183195751535757,2239479000000.0,461790000000.0,,2058168000000.0,449017000000.0,299618000000.0,181311000000.0,3.43760002977631,,2.6043407903208,,67986000000.0,-162380000000.0,120912000000.0,64668000000.0,7234000000.0,156.94453941551447,26.7931,80.8201016247532,59.9701654261749,,,208.03011,,,0.5418538020360644,Finance,2026-05-15
HAR,Harmony Gold Mining Co. Ltd.,27140.0,-4.9985998319798375,-7.771774220953546,-2.545872383209451,-17.31911652703732,-9.18217106143756,-19.67800171653497,6.527456136907799,298.47305828806344,433.2023575638507,73.97435897435898,4.704860980396282,4.5446875928524255,,,,45.73057442819476,788.0,1428.5352941176934,-41.797448544472935,56.58853132035492,68.35643184732176,,,,,,-2.2227667320078406,911260.0,-51.92356392183345,,,,180223361097.0,-13.707146133397664,10.542718801246629,0.2058644121869157,2.049796257017061,3.2672449838817523,6.516479173000912,15.38324062443926,22.319916688362404,185755361097.0,2.09348992558323,5.366790740119034,4.593243517642986,3.82,5.3,2.39778773452814,2.3977877345281438,26.237470171635184,58.506224066390025,5.0,3.0,41.2070325707202,39.008227206131,28.0761861828018,18.3432886284233,12.561704045982196,17.7371896863625,33.3149114727254,32.1120647134261,,2.095120027048349,,,88730000000.0,27.746263929281007,36563000000.0,34612000000.0,16276000000.0,40441000000.0,25.7334,54.32323838080959,114628000000.0,16298000000.0,7682000000.0,62424000000.0,12894000000.0,5212000000.0,52204000000.0,0.541947926711668,0.380474179496558,0.24851592012952,0.5957809834031332,26312000000.0,-33435000000.0,5219000000.0,11146000000.0,15166000000.0,140.395569620253,26.1077,41.6329113924051,17.63607594936709,54.765822784810126,63.98892405063291,83.03632,,,0.2291224983451384,Non-energy minerals,2026-05-15
DSY,Discovery Limited,26618.0,0.1542687285999172,-2.4945968716802813,4.3843137254901965,10.448132780082988,15.85132311977716,17.518763796909493,29.471277785884528,86.67508240409566,125.57627118644068,3723.55418172998,2.441448377803801,2.2766423222371444,,,,57.34538121850758,774.0,1007.314705882356,18.640331436204857,42.19084296106119,47.69172253126038,,,,,,-0.4628061857997517,388947.0,-69.8408636768609,,,,179003403413.0,27.95766111806701,16.5996270727707,0.5383608671473821,2.045763842740268,2.4516052497399,23.6145502650666,24.651587921255505,,199255403413.0,2.263237203691504,,,2.88,1.11,1.1739473981262,1.1739473981261994,19.360243244081783,32.718894009216584,3.0,2.0,,20.3634711494775,16.1619718309859,12.3318945933667,8.250795093139482,3.22896281800391,15.9038474215025,12.1494595018017,,,,,88040000000.0,11.909089753530528,,17928000000.0,10857000000.0,,16.0353,31.012704767351607,362424000000.0,87468000000.0,,289765000000.0,20258000000.0,-509000000.0,72659000000.0,7.62049137480397,,0.278786210692906,,7583000000.0,-1828000000.0,-3843000000.0,7264000000.0,1861000000.0,130.868377984264,16.1155,11.2718640419659,10.797681709196908,,,108.57376,,,0.2351670397202279,Finance,2026-05-15
SLM,Sanlam Limited,8549.0,-1.6225546605293442,-2.686397268070575,-3.954611841366139,-16.505518117003614,-10.010526315789471,-13.646464646464649,-2.185354691075515,44.16526138279932,31.523076923076925,1003.0967741935484,2.2778789858479627,2.41204047276,,,,41.801302221345246,-8.0,-167.11470588236443,-63.32964214126693,30.26998961578401,33.93302568735283,,,,,,-0.4602991944764096,1168509.0,-53.75382660885775,,,,171614815953.0,0.4733745868687863,11.33774518255242,,0.6404156771171267,1.7572958405183623,13.27454873818737,13.764436773969503,,201574815953.0,0.6983654818596304,,,4.85,4.85,5.58112773302647,5.581127733026467,63.543222492990594,8.988764044943807,27.0,5.0,,8.53803033557605,7.25095101823045,5.52283483117261,4.543753767695176,1.31311829143878,15.7347178489996,13.950842555277,,,,,288638000000.0,23.23476419404145,,24644000000.0,15941000000.0,,7.5403,-28.44182095982842,1294993000000.0,102592000000.0,,1183471000000.0,20099000000.0,-16080000000.0,111522000000.0,2.26018373686414,,0.197706101651567,,13599000000.0,1949000000.0,-13457000000.0,13115000000.0,788000000.0,136.691680731042,7.6326,6.44014359253267,6.210933393342594,,,48.64861,,,0.2856396452747157,Finance,2026-05-15
SHP,Shoprite Holdings Limited,29457.0,0.7938408896492728,4.02217670739459,4.398213779415935,10.782248965776608,5.580645161290323,9.00714206416756,8.079251513483765,99.84396200814112,76.07292289300658,4072.3796033994336,2.3549220000020403,1.86809105167238,,,,67.259934980374,1409.0,659.5970588231175,193.31629153937683,80.08955737367761,72.76554881642389,,,,,,-0.3045337895637297,418741.0,-73.0672827504057,,,,160203819107.0,-2.371025476218353,21.087256874100696,1.4076350085135498,0.6113862379846674,5.187992290837541,6.456251710159,9.412479268609175,10.560464133412744,202156819107.0,0.7749569469949629,13.567571752147652,8.512224477114826,7.81,3.07,2.74764756201882,2.747647562018819,57.31947577306341,9.691011235955049,30.0,6.0,21.116529046009,5.71183230980365,3.78284303578137,2.88926712207987,6.499221810765846,5.73771115797167,25.7957423506058,9.62506065946415,,16.828438024702717,,,260862000000.0,5.070204693201866,55085000000.0,14900000000.0,7572000000.0,23749000000.0,13.9691,14.97201646090534,136958000000.0,61392000000.0,15111000000.0,106335000000.0,57139000000.0,42028000000.0,30623000000.0,1.15840519274676,0.521803120931373,1.86132647077986,0.2644603510736975,24717000000.0,-7010000000.0,-8931000000.0,16954000000.0,7763000000.0,481.529748807537,14.0092,45.6255445456828,31.29568645982545,27.504171773705277,43.83869633917628,56.77919,,,0.3170855820074769,Retail trade,2026-05-15
SSW,Sibanye Stillwater Limited,5132.0,-5.173688100517369,-8.357142857142858,-7.697841726618705,-22.24242424242424,5.013300593411091,-16.74237508111616,151.5686274509804,-19.053627760252365,50.91458259180095,530.1406594197937,5.011384587455876,4.643102671955596,,,,44.556752318514526,162.0,200.64705882353792,-43.56988567515036,60.8829568788501,71.37805156285647,,,,,,-2.0694752402069474,3476084.0,-60.405196772076366,,,,153190290522.0,123.81394852282278,,,1.1900152697231394,3.6751673411396015,6.565042637501695,79.81576837362637,8.456438376993828,184557290522.0,1.423207589025039,7.342641357549234,5.200847954742716,1.31,1.31,2.42054693274206,2.420546932742055,-71.71009415371141,,1.0,0.0,23.8184103580434,19.3827741233989,-0.576817785729158,-3.98759995990037,1.4034871257046353,-3.59435440987874,-12.384887132507,-6.57975938261473,,5.338649105084171,,,129677000000.0,15.649831890055204,30887000000.0,25135000000.0,-5171000000.0,35486000000.0,-1.8268,30.442066785972667,149737000000.0,60753000000.0,17178000000.0,105570000000.0,43904000000.0,26726000000.0,44167000000.0,1.778587739329,0.8569881140582,1.1107625360522202,0.3912627551020408,22127000000.0,-22155000000.0,2499000000.0,1820000000.0,20307000000.0,45.8130826791947,-1.8268,7.81716172060227,0.6429807172909173,8.879846334674289,12.536710842739282,13.96399,,,0.370800075916174,Non-energy minerals,2026-05-15
NPH,Northam Platinum Holdings Limited,33915.0,-6.343201148790456,-6.050029086678301,-4.762573362163376,-9.255097126344518,22.25145988032586,-0.8362328586883424,160.18411967779056,45.42686848762918,637.2826086956521,1726.345776932825,4.851382831267909,5.13169952722321,,,,45.933668659219975,1885.0,741.8970588235752,-27.91081985419932,73.13518295173968,75.83290887074752,,,,,,-2.499171545344085,1026474.0,-50.28859015548709,,,,142575531522.0,152.6323501207109,14.786024449366094,0.0320275096831384,3.534932142092378,3.401684643823608,14.09567427006933,31.25437882153156,14.646915432209578,145336063522.0,3.524492223099368,18.46704901066973,15.207391105475644,2.15,7.0,2.4853639677455,2.485363967745499,38.6946988262608,26.47058823529412,3.0,1.0,19.0853028064366,19.0853028064366,26.823026533423,22.1820534659145,10.515386920501,15.189629580783,26.2457358919168,21.1329780865155,,,,,41236029000.0,35.65951380922475,7870021000.0,7870021000.0,9146998000.0,9556936000.0,22.9372,496.56167910738907,67400043999.99999,21596288000.0,9252664000.0,28145470000.0,12013196000.0,2760532000.0,39254574000.0,2.45415208221732,1.34836415149357,0.3060330243298529,0.7702083608724939,9614509000.0,-5091103000.0,815646000.0,4336128000.0,5278381000.0,103.194295901017,23.259,24.0605730170815,10.851279493878632,19.69494385167924,23.91649500224866,99.7006,,,0.6610991668715814,Non-energy minerals,2026-05-15
BID,Bid Corporation Limited,41328.0,-0.5079563783432437,-0.412058121882455,0.2960733873707712,-1.1291866028708133,-1.489762353109432,-2.5742574257425743,-12.02316076294278,47.6580085033406,53.06666666666667,53.06666666666667,2.081296102115997,2.2070533132521786,,,,53.56098101000761,587.0,-142.96176470588398,54.08106195775851,47.71620861664974,32.126989113812215,,,,,,-0.7390644936084162,441933.0,-34.436947562375934,,,,139393304950.0,-12.834224598773668,15.818482454528754,1.4986952073205,0.5775656538367293,2.976989058801657,10.499478992174922,18.350259012147017,15.42253121835977,155232402950.0,0.6363751650694237,11.865783422343805,9.191391131010318,11.6,6.15,2.92496208382484,2.92496208382484,46.36732077026996,6.422018348623847,10.0,5.0,24.4121008142041,5.36311124532326,4.82347444278106,3.60871688722507,3.108588601585849,7.91031124411708,19.4209441808823,13.789640452372,,19.048989568880803,,,243932214000.0,6.0342232053650005,59548978000.0,13082356000.0,8802823000.0,16888891000.0,26.1264,10.686793284160672,113740897000.0,50877897000.0,9022335000.0,66767728000.0,24531185000.0,15508850000.0,46973169000.0,1.35232189951243,0.867318341945483,0.525935864951511,0.3677904267567995,13252776000.0,-7414006000.0,-4055701000.0,7582849000.0,5881132000.0,724.500917758175,26.2038,39.3619531319612,22.5217529478155,38.85579019275892,50.161546229469245,138.82483,,,0.4943594211225047,Consumer services,2026-05-15
SOL,Sasol Limited,22435.0,3.755260602136614,6.833333333333333,7.9539986526802045,84.65020576131687,90.14323247732858,110.65727699530515,229.9264705882353,-5.3095851095260205,-50.310077519379846,114.688995215311,3.641878664037454,5.161836026798464,,,,56.179889359399375,-525.0,402.5352941175079,53.885078940701725,46.39562413258225,44.68550062443072,,,,,,0.818572815982981,986058.0,-46.10936313867715,,,,137726858489.0,254.7887883572644,60.50105172320803,,0.5671951158940468,0.9629035144068347,4.293887370167114,9.889844856588148,3.64236473279664,213552858489.0,0.8563317112731123,4.939579915550621,3.768557687701837,0.0,0.0,0.0,,0.0,-100.0,0.0,0.0,27.3846042801978,17.3361242436272,2.47011600723391,0.965590802827802,5.907025795870576,0.680830851137522,1.60849133799359,0.965385633073278,,10.011989686463684,,,249381000000.0,-4.425358719646799,68292000000.0,43233000000.0,2408000000.0,56667000000.0,3.7082,,339707000000.0,119260000000.0,39998000000.0,183010000000.0,110427000000.0,70429000000.0,156697000000.0,1.65608987266188,1.08605390693347,0.729854593522802,0.3622121401468843,33929000000.0,-19223000000.0,-16269000000.0,14731000000.0,19281000000.0,384.032277282992,3.7082,52.248692305888,22.684885683575576,66.57631272541056,87.26389362780375,232.99323,,,0.2528641657444035,Process industries,2026-05-15
SOLBE1,BEE - Sasol Limited,10000.0,0.0,31.57894736842105,33.333333333333336,61.31634134537829,49.25373134328358,56.25,92.67822736030828,-16.666666666666668,-50.46825018006574,-44.5563961692994,8.881784197001252e-16,3.695459140495781,,,,70.73459662309682,1201.0,1977.6911764705264,141.27815138419868,100.0,100.0,,,,,,0.0,13.0,-27.77777777777778,,,,137726858489.0,254.7887883572644,26.96726174424249,,0.2621270298219414,0.4291970200164185,1.9139234990715908,4.408221464937886,1.6235189359467974,213552858489.0,0.8563317112731123,4.939579915550621,3.768557687701837,0.0,0.0,0.0,,0.0,-100.0,0.0,0.0,27.3846042801978,17.3361242436272,2.47011600723391,0.965590802827802,5.907025795870576,0.680830851137522,1.60849133799359,0.965385633073278,,10.011989686463684,,,249381000000.0,-4.425358719646799,68292000000.0,43233000000.0,2408000000.0,56667000000.0,3.7082,,339707000000.0,119260000000.0,39998000000.0,183010000000.0,110427000000.0,70429000000.0,156697000000.0,1.65608987266188,1.08605390693347,0.729854593522802,0.3622121401468843,33929000000.0,-19223000000.0,-16269000000.0,14731000000.0,19281000000.0,384.032277282992,3.7082,52.248692305888,22.684885683575576,66.57631272541056,87.26389362780375,232.99323,,,0.0260312374849819,Process industries,2026-05-15
NED,Nedbank Group,25530.0,-1.3295199814485583,-5.050580184468908,-4.382022471910112,-8.333632544612401,-1.815244981155296,-3.986461075592328,-0.2695417789757412,75.3434065934066,48.68957483983692,146.8871237485685,2.480246215083656,2.502357902720028,,,,37.66562833622831,-1153.0,-984.7558823527906,-141.70818703918937,18.74020236568335,16.265507688208327,,,,,,-0.6724897580582825,298329.0,-86.25184105115495,,,,117409121592.0,2.0368572045694,15.566408750846,,1.4398620397190491,1.0230201164704196,1.0669235736003513,1.0928936807294838,,166725121592.0,1.013816236809301,,,21.32,11.04,8.23993197804746,8.23993197804746,127.42203468843758,2.74698795180723,5.0,4.0,,16.82404575076473,7.95850486157139,9.60113167853559,64.90182605364451,0.533460523686124,7.01260166550393,4.68375372691964,,,,,164453000000.0,0.8901731267101018,,13915000000.0,7941000000.0,,16.4007,-53.367623726905165,1558628000000.0,167928000000.0,,1443630000000.0,106572000000.0,48341000000.0,114998000000.0,0.757520942254862,,0.93393274969109,,109331000000.0,-138566000000.0,27807000000.0,106733000000.0,2598000000.0,181.0201637561336,16.7318,239.286117878609,210.260384140638,,,249.55521,,,0.1712738764753712,Finance,2026-05-15
INP,Investec plc,13249.0,-1.764662267368577,-2.2863042997271186,-6.028796368536776,-2.1130402659770966,-2.5808823529411766,8.607262890400852,11.890887593953211,140.10511054729974,85.70689097053175,741.1714739699999,2.232975709846254,1.961166335724828,,,,38.050690402743584,-942.0,-214.40588235293944,-150.31459955209533,12.028454852299392,14.028924607509316,,,,,,-0.963891154445021,513497.0,-54.46425800249893,,,,112938192638.85075,11.864978084470971,7.621574118451777,3.222248752753607,2.4229254053752527,0.9338648910447896,2.0731754598233363,,,189350959877.1116,1.7007186085797534,,,8.697370848708488,4.091043478260869,6.14754098360656,6.524801660858605,50.464271295922494,4.849319118929582,23.0,5.0,,38.10870113856446,17.0139950413057,29.450740366681245,,1.07066007947009,12.2083280189676,5.73091083924322,,,,,111335854692.1739,-1.490114452398403,,19167941339.130432,14813154132.173912,,17.371739478260867,3.4485536963147885,1408549635909.5652,251134782034.7826,,1284627767777.391,180041797339.13043,73389088692.1739,123921868132.1739,3.01104254619023,,1.45264591984992,,54458731780.86956,-68446009433.04347,3915035099.1304345,,0.0,58.98420454315383,17.371739478260867,63.86338376361172,,,,141.77639749565216,,,0.2936106726959763,Finance,2026-05-15
INPPR,Investec PLC Pref. (Rand),8700.0,0.0,0.0,0.0,0.0,-2.137232845894263,0.0,-1.1363636363636365,24.285714285714285,0.8695652173913043,-20.90909090909091,0.0,0.0,,,,47.47214169663003,-211.0,-26.647058823529733,-55.43607163675154,39.058377519915965,30.20910713218404,,,,,,0.0,3404.0,209.45454545454547,,,,112938192638.85075,11.864978084470971,5.008134050644294,2.078561885442009,1.5629458757888852,0.6136423377711231,1.3622829683129174,,,189350959877.1116,1.7007186085797534,,,8.697370848708488,4.091043478260869,6.14754098360656,12.001724137931037,50.464271295922494,4.849319118929582,23.0,5.0,,38.10870113856446,17.0139950413057,29.450740366681245,,1.07066007947009,12.2083280189676,5.73091083924322,,,,,111335854692.1739,-1.490114452398403,,19167941339.130432,14813154132.173912,,17.371739478260867,3.4485536963147885,1408549635909.5652,251134782034.7826,,1284627767777.391,180041797339.13043,73389088692.1739,123921868132.1739,3.01104254619023,,1.45264591984992,,54458731780.86956,-68446009433.04347,3915035099.1304345,,0.0,58.98420454315383,17.371739478260867,63.86338376361172,,,,141.77639749565216,,,3.0263157894736845,Finance,2026-05-15
OUT,OUTsurance Group Limited,6980.0,-1.1191386881994618,-1.8284106891701828,-3.16315205327414,-5.046932390151,-5.034013605442177,-3.60447452009391,-6.933333333333334,305.66298365050085,217.47972058713495,821.8031629913811,2.574377198408925,2.309466706261912,,,,42.83426989679672,-98.0,-140.07058823530133,-101.61709517607235,18.83295665794081,15.210201672270545,,,,,,-1.54412806346508,403461.0,-75.34681252661855,,,,109068213856.0,-6.723216727962432,21.643410852713178,1.1278079515317032,2.622857607785103,7.933603242547756,10.747615324382686,11.086768700608436,,110699213856.0,2.650970205852771,,,2.376,1.207,3.82065448363791,4.249893752656184,83.12785106645296,36.23853211009174,15.0,4.0,,18.5880549834762,18.6934240145601,11.961779778725,23.221897600459798,13.8002486531289,36.9029588858927,35.7117323228712,,,,,41758000000.0,13.732432726876567,,7762000000.0,4995000000.0,,3.225,19.550711743772244,38170000000.0,5709000000.0,,23242000000.0,319000000.0,-1542000000.0,14928000000.0,3.62246192893401,,0.0234283196239718,,10003000000.0,-4950000000.0,-5343000000.0,9697000000.0,306000000.0,27.1114490217619,3.2444,6.49446392462964,6.295792929834408,,,8.79802,,,0.214733516292265,Finance,2026-05-15
REM,Remgro Limited,18600.0,-1.1269402509036786,-2.684037042850416,-7.58223193878565,4.8478015783540025,4.4357102751263335,1.0869565217391304,17.37237331987127,75.35589704911851,-22.344820360272944,817.0103462446631,2.080861125225542,2.451666690234401,,,,40.531555694544416,-867.0,-662.7088235295887,-125.69064898605014,19.640062597809077,16.41691356328231,,,,,,-0.318945354029343,501675.0,-54.93818400005749,,,,106286633834.0,20.64673098515699,21.48475852748548,,2.016522890327922,0.8658738985944352,10.61980230317346,13.48350697952797,6.637035624261874,102659633834.0,1.964965716030242,31.842318186724565,22.453988152668416,3.44,1.73,2.23793323410589,2.2379332341058897,48.62948032296443,30.30303030303029,15.0,4.0,21.4967939515743,6.17092544741124,5.24643506555651,9.21236481959996,14.678916642740932,3.26701556465134,4.00152977660273,3.86184651306472,,15.32586850416308,,,52245000000.0,1.634082287715203,11231000000.0,3224000000.0,4813000000.0,4572000000.0,8.6573,-33.33564344237048,146715000000.0,35399000000.0,15580000000.0,20425000000.0,5119000000.0,-10461000000.0,126290000000.0,3.51076068630368,2.40265793910543,0.0428525984462898,3.043563195936706,9737000000.0,-3432000000.0,-2886000000.0,7669000000.0,2068000000.0,93.9758095635558,8.6573,17.5144503343926,13.794630750175315,5.799177146768185,8.223895134933047,214.81188,,,0.3794189918614126,Finance,2026-05-15
RNI,Reinet Investments S.C.A.,56981.0,-0.5341526000663327,-1.585519611737681,1.049850148078526,4.467952478732766,1.483579112345943,-2.1550243835428256,18.52275563690823,116.02532509383175,90.57190635451504,90.57190635451504,2.51029081888019,2.16802879534124,,,,54.6742592284666,-518.0,660.0705882352922,83.12913886480284,53.52716429037369,48.09430621563693,,,,,,-0.3264265889294255,122647.0,-44.55279480641603,,,,105574146365.0,13.870751553822114,44.29699768334965,,4.624048257955117,0.767478294167328,76.90149664445458,76.90149636001367,,105574146365.0,4.653135677125205,21.80551512687304,21.80551512687304,7.62755,,1.33146263550195,1.3314626355019463,0.0,10.613135722261708,12.0,7.0,95.0257627200935,21.3392604891811,10.5603988098009,10.3054781803222,5.937140036728138,1.78672551814219,1.78685681959356,1.78685681959356,,,,,22688817539.5362,206.79703289398864,21560221919.1147,4841625876.67666,2338191140.91003,4841625880.0,12.8634,-88.8029943638065,134968895375.0,,0.0,0.0,0.0,0.0,134968895375.0,,,0.0,,1347066865.01751,0.0,-1347066865.01751,1347066870.0,0.0,124.800976565106,12.8634,7.40960871846815,,26.63160550055005,26.63160550055005,742.44445,,,0.4836436510014606,Finance,2026-05-15
KIO,Kumba Iron Ore Limited,31346.0,-4.13480946846902,-5.958238329533181,-6.149700598802395,-15.281081081081082,-5.30195462372738,-11.942017585751609,-0.8069364893516028,-53.86970022516225,226.52083333333331,172.57391304347826,3.705102880214248,2.8151058463954874,,,,43.0461905081412,98.0,631.7470588238502,-4.109081519238528,63.22294654498044,75.62126611618136,,,,,,0.6116582053948254,155393.0,-39.24811265799526,,,,104870775784.0,-5.344670338243819,6.899314382559124,,1.4694821728349894,1.8275337733150332,3.720875650120096,5.9074077910899065,6.670599391010432,107025775784.0,1.484222160673425,3.926830885488901,3.2024469115499703,32.03,15.43,9.79570615939813,9.795706159398128,70.28716134666954,-17.17093354021205,9.0,0.0,65.4106976937692,37.7969462896448,36.3796474781234,20.2623805627592,23.672495804961933,14.4341099821685,27.11917887039,27.0742034410236,,28.34597623042893,,,72109000000.0,-2.266166086119733,47167000000.0,27255000000.0,14611000000.0,33420000000.0,45.4335,-0.5733606153778827,103705000000.0,31916000000.0,15117000000.0,31697000000.0,203000000.0,-14914000000.0,72008000000.0,2.4581022797289,1.71195317313617,0.0036950071897923,74.4679802955665,27101000000.0,-9890000000.0,-17950000000.0,17070000000.0,10031000000.0,224.151231657997,45.5702,84.2436107720726,53.06219091100992,84.72232063735062,103.88625777656422,171.52077,,,0.720718673298443,Non-energy minerals,2026-05-15
NRP,NEPI Rockcastle N.V,14132.0,0.2198425643571378,-0.4718642157898443,-0.4788732394366197,-3.4039644565960354,-2.872852233676976,-3.331281209385047,0.4263786242183058,49.323753169907015,-13.809647374238226,-13.809647374238226,1.960246435190697,2.327312008954548,,,,51.03088811811513,32.0,67.4000000000051,-51.91135323437116,29.79390681003585,26.88328097329005,,,,,,0.8439117793064322,395584.0,-60.17469077759142,,,,100449498932.0,-1.6899261282019884,9.99264622694875,,5.414679442281349,1.0309157270162583,10.933815662307415,12.470129047544177,16.447395364377282,154782486783.90594,8.301638465685214,13.45376832335308,13.378505787590194,11.092788,,7.86666761222608,0.0,78.31290461499361,3.4859565016693503,9.0,5.0,66.2335044335973,61.7049310023799,67.5920342880153,53.9475485056622,43.22615142784901,5.83060110101661,10.4050281195091,6.55818640867769,,,,,18644811795.1292,12.653378165153676,12349112246.9628,11504768253.7081,10058418886.9668,11569489840.0,14.1424,-18.578181043565365,174190892370.725,,6110523097.20197,76764407277.5269,60443510949.107895,54332987851.9059,97426485093.1984,0.853042525724342,0.853042525724342,0.62040122756443,0.1010947742983841,9191867904.75216,-4067352249.4998894,-7850446041.29828,8059434580.0,1132433326.74934,26.2338133101635,14.1647,,,16.187556411182502,16.27862162897689,137.08201,,,0.2714784624666189,Finance,2026-05-15
N91,Ninety One Plc,4816.0,-1.593788312219044,-0.7215007215007215,-2.1535960991466885,-7.651006711409396,-4.614775203010497,-1.493147883002659,25.123408677578592,-0.3311258278145695,-12.436363636363636,-12.436363636363636,1.934887255630843,2.056503949362093,,,,45.87213443682367,-11.0,-51.91470588235279,26.20087336242799,37.01149425287357,37.39463601532572,,,,,,1.3485901103391909,97941.0,-63.32772933040278,,,,89210266385.77612,36.177809571368925,11.313070305674325,2.238117432631473,2.62060274480665,4.535090262544125,8.319231935102053,8.485458263015605,5.07582050906625,82907721690.12395,4.838984297198186,17.911573694022984,16.673679320247064,2.907066420664207,,5.80235720761559,6.109521863506335,70.0218818380744,-1.7015738564261889,5.0,0.0,83.6812662027562,27.0159639787147,28.8443170964661,21.5581934779643,28.68058398144358,1.22786634907929,42.7894380501016,35.5375618533513,,,,,17133290086.95652,5.193392280349914,14337354086.95652,4628723478.260869,3693627826.086957,4972371130.434782,4.257022956521739,6.363617566658481,318916709913.04346,,8214815304.347826,309776149913.04346,1907595130.4347825,-6307220173.913043,9140560000.0,1.02841582719506,1.02841582719506,0.208802456499488,4.306372549019608,5012112695.652174,-158966260.86956522,-3831554434.782609,4913927652.173913,98185043.47826086,19.788969839404636,4.273387130434782,5.788995952474222,,5.346180963572268,5.743094398746572,10.619413773913042,,,0.2050236348347382,Finance,2026-05-15
NY1,Ninety One Ltd.,4616.0,-1.3253527148353996,-1.8290089323692047,-3.248794801928317,-12.059439893313012,-8.047808764940239,-3.813294436340904,22.407849376823123,-1.6826411075612353,-7.68,-7.68,1.7663281596469378,2.3572357610875043,,,,42.43151451457314,-60.0,-128.70294117647063,-76.94057694057717,20.245398773006134,19.97027606293526,,,,,,0.470286447199658,46603.0,-72.93355790451854,,,,89122811564.0,35.22565490109355,10.745129076561373,1.8862487637398957,2.3579716303943976,4.375052721470458,8.216971108417958,8.38546034921403,4.896704223930498,82861033941.5,4.788801802927937,17.731252598480932,16.504724811219507,2.87,,6.39162035057717,6.3916203505771705,69.97625451453821,-0.6920415224913501,5.0,0.0,83.6821467393006,27.0076904071244,28.8234491863464,21.5439665586529,27.54437908385764,1.25010081538366,43.5644675743569,36.1827949041922,,,,,17303082765.0536,4.773370931259606,14479591109.8748,4673163024.07418,3727770364.51919,5020443230.0,4.2959,5.8155574166214965,316853844599.062,,8161678993.125,307772408952.187,1895256135.0,-6266422858.125,9081435646.875,1.02841582719506,1.02841582719506,0.208802456499488,4.306372549019608,4863754231.66051,-149731235.883357,-3857392039.14498,4766026710.0,97727522.6746982,19.9850805787175,4.3127,5.61764175520964,,5.397508685608686,5.798617729267729,10.55073,,,0.1006905501087971,Finance,2026-05-15
PPH,Pepkor Holdings Ltd.,2173.0,-1.4959202175883952,-4.483516483516484,-6.133909287257019,-16.743295019157088,-20.110294117647054,-18.43093093093093,-20.895522388059703,20.321151716500555,-0.0919540229885057,-0.0919540229885057,2.2232960975097957,2.641359918148134,,,,40.32427468381224,-24.0,-84.17647058823513,-93.28940142778562,15.525114155251146,12.390280833747363,,,,,,-0.3173164097914778,4911474.0,16.03308620112067,,,,81697425341.0,-17.402218633234355,14.292291502236257,0.0644571855308132,0.860057256354682,1.268067629495498,12.822834578941308,20.831692549264744,15.81794922511738,103540425341.0,1.086012432777428,9.645125788635305,6.6185390783047815,0.529549,0.529549,2.40049410698096,2.4004941069809616,34.61104575163399,9.173655608058532,5.0,2.0,34.6580658695196,11.259702118733,8.05433186490455,5.91357247744913,4.037130270610447,5.00832796642164,9.26129737010694,6.92756650488419,0.0,24.409481854415773,,,95340000000.0,11.985529035895508,33043000000.0,10735000000.0,5638000000.0,15644000000.0,1.5204,226.7569310122501,116075000000.0,41336000000.0,5069000000.0,52835000000.0,26903000000.0,21834000000.0,63240000000.0,1.6286198337339,0.895078996099444,0.42547168319337,0.1884176485893766,6253000000.0,-2909000000.0,-3075000000.0,3849000000.0,2825000000.0,25.8382089234992,1.53,1.69463310676149,1.043122153834157,2.90930535760189,4.239699395838283,17.13631,,,0.3775017448376372,Retail trade,2026-05-15
BVT,Bidvest Group Limited,23200.0,-0.3607627555402852,-4.526748971193416,-1.9027484143763211,-3.11129672165379,-2.928870292887029,-2.311676281106573,-2.924808569396209,32.60931694769934,94.66239080656516,1463.6970454736957,3.648657497637175,2.9616999004332345,,,,47.994833665032175,-129.0,14.117647058814327,-76.44315603731336,25.164416753201795,21.414560978423907,,,,,,-0.0171791788352516,256041.0,-17.051322754750966,,,,79139463943.0,-1.2938894775738152,12.971017733747791,,0.6191203671559017,2.009282136952657,7.038098982788081,9.718191076820007,15.857482557518926,121166971943.0,0.9406783117923072,10.384817983711104,7.476019434002381,9.23,4.95,4.07146538395465,4.071465383954647,52.97273133661153,0.9846827133479196,34.0,5.0,27.5657308312595,9.05820702170986,6.31817948384218,4.64814922137846,6.301653347303471,5.02240055548469,15.722580742494,8.45591838564676,,18.83256939966152,,,128808085000.0,3.0481851949580885,35506890000.0,11667703000.0,6082017000.0,16207418000.0,17.8868,-7.09265905891764,121752662000.0,39484476000.0,4974493000.0,79079000000.0,43574900000.0,38600407000.0,42673662000.0,1.29571640022663,0.811421849806149,1.11028581587059,0.1141595964649373,11207989000.0,-9573079000.0,-1678071000.0,8117039000.0,3190628000.0,378.84953735022,17.896,32.9648674403967,23.873784551673836,34.3169753939729,47.6691568773934,115.4691,,,0.3646297892660947,Retail trade,2026-05-15
MNP,Mondi plc,16704.0,-1.9948368927481808,-4.143234247675887,-13.167333783854032,-18.750912009338972,-13.271028037383177,-18.30586394092043,-43.7821828829132,-56.24705327675625,-42.524859787358494,125.72972972972973,1.6275010063878117,2.689905816919384,,,,35.649842023410926,-654.0,-1320.3264705882357,-85.59494777810784,20.105765987038577,21.56352521565037,,,,,,-0.2229523586012673,384918.0,-48.56072997851118,,,,74936010644.52238,-38.63015919571311,23.61723786901934,,0.5189738303714923,0.7945061593620707,4.005669865341677,17.351750028533857,12.687945535315372,134909097684.36728,0.9156521461799504,14.159962093612467,7.022152856560489,5.4902217066666665,0.95489536,3.19463025868827,3.378508566064304,77.62444444444445,-61.28389750723936,19.0,0.0,16.4065725417991,6.46648728190149,3.47574598741994,2.11575234832556,2.88008921910305,1.67464789969775,3.40977324476118,2.31905262754196,,5.65334795473955,,,147336625865.18307,-1.3447517008764984,24172890403.21033,9527504173.154852,3117278121.6862483,19211928370.13333,7.0728,-28.587477025980828,198877736166.1286,55424621465.06751,5803214698.853909,96929369834.9112,56502921493.57076,50699706794.71695,101948366331.2172,1.53391209983722,0.875746066196415,0.609689020520415,0.1027064538514921,18381662619.24818,-23681056842.4571,5886043030.206081,4243426277.3333335,14470670572.599655,334.24987788945185,7.0728,41.70089039171286,9.626694697959184,21.61422580275999,43.58444259212141,210.24380746666668,,,0.5982654377593684,Process industries,2026-05-15
PAN,Pan African Resources PLC,3084.0,-6.743271847596008,-11.885714285714286,-13.734265734265737,1.1147540983606556,43.70922646784716,13.008427995602784,184.50184501845015,711.578947368421,820.5970149253732,2597.6529369777886,6.003567548687892,5.16441574682772,,,,40.41271681101059,-93.0,27.81176470588161,-108.78319950586784,38.12297734627832,52.56529826975512,,,,,,-2.509827638342909,2902558.0,-6.812129944797925,,,,67221720038.597015,186.88534152150189,15.077008116684182,0.0952468975350687,4.791991653283217,5.430631976237264,9.477137025915496,14.16430377987325,40.44983822091392,67882107285.66463,4.767210434040831,9.438824975211777,8.549606407956071,0.4015194857142857,0.122932,1.46474530831099,0.0,23.98902305159166,80.7379770546895,7.0,2.0,51.8433880683101,50.5063975603722,41.8149628374472,29.1174075442987,30.99957961533064,24.01301533925,43.4821763002258,34.3806407040936,,1.3369905079379778,,,14239377142.016722,107.23947668951,7382175550.24597,7191796429.467736,4146137474.210714,7939793254.4,2.0454986666666666,157.4817510690393,19313472421.1347,2667039668.914317,1545700120.1966083,7841230506.934682,2246852424.325373,701152304.1287543,11472241914.199991,0.976403793971694,0.697466203828198,0.195157740278797,0.6879402062468394,6597279286.88044,-2231016338.323081,-3297055960.4302,4414147053.866667,2196147562.713124,7.023657612304137,2.0454986666666666,3.2541473142856536,2.177304333434451,3.547396412417883,3.916350327349317,5.678897066666666,,,0.4819268986710208,Non-energy minerals,2026-05-15
APN,Aspen Pharmacare Holdings Limited,13989.0,-0.7309111552653987,-5.473342793431988,4.598474652310453,17.901390644753477,47.221637549989474,19.77909067557154,13.75945352525006,-13.62948785231377,-55.800947867298575,1795.3138816122998,2.8343905225035835,3.207784857857404,,,,51.71326760075909,89.0,565.3147058824197,9.194533211596635,47.58419559962911,53.07454064552972,,,,,,0.6954300312233892,1214046.0,58.75921428935713,,,,62602053480.0,15.507190868819468,,,1.6401365438602369,0.7660206407763481,8.97346616649834,14.05856555153707,11.066742704626334,89925053480.0,2.3368689347989915,14.598222967532468,11.012129987754102,2.11,,1.49730343457281,1.4973034345728071,0.0,-41.22562674094708,5.0,0.0,41.9089940490112,16.0079000025987,-5.59496894571347,-6.7695745952548,11.496582729139057,-1.96867501747624,-3.13528671926246,-2.30116560000353,,25.901094046412517,,,38481000000.0,-15.47281713344316,16127000000.0,6160000000.0,-1999000000.0,8166000000.0,-4.5055,-144.6889971136393,128045000000.0,57330000000.0,5620000000.0,46958000000.0,32943000000.0,27323000000.0,81087000000.0,3.63538363982245,2.65535827520609,0.406267342483999,0.1705976990559451,6931000000.0,-4088000000.0,-2499000000.0,4424000000.0,3997000000.0,86.5519568151147,-4.5055,15.5892937471885,9.95051731893837,13.85515069725596,18.36707152496626,182.6191,,,0.7611577962645872,Health technology,2026-05-15
OMU,Old Mutual Ltd.,1282.0,-0.2334630350194552,-5.177514792899408,-5.9427732942039615,-19.371069182389935,-5.735294117647059,-13.95973154362416,10.422049956933678,1.1041009463722398,-55.01754385964912,-55.01754385964912,2.227622047432747,2.1311292224814347,,,,30.93471548521768,-77.0,-58.57941176470581,-162.79069767442138,6.906906906906907,9.207320528075249,,,,,,-0.7003891050583658,4191178.0,-69.58170561363889,,,,57916269346.0,13.837385189655668,6.7562582345191045,0.5990264690508698,0.1790661588124444,0.8953889564039168,,,,113047269346.0,0.350095599144018,,,0.93,,6.92607003891051,7.237354085603114,47.20812182741117,8.139534883720938,8.0,3.0,,15.3565765676486,6.88161187225925,2.60386988083145,-1.4818645789460645,0.64597319303443,14.1414311303222,10.6916919399037,,,,,322904000000.0,32.87957037921031,,49587000000.0,8408000000.0,,1.8975,11.388318168476664,1367923000000.0,150932000000.0,,1304865000000.0,52211000000.0,12026000000.0,63058000000.0,2.10150234611047,,0.868186504373275,,-3772000000.0,993000000.0,-7646000000.0,-4785000000.0,2057000000.0,72.289275458228,1.97,-0.84444648263396,-1.0712291673922314,,,14.3178,,,0.2840237265417784,Finance,2026-05-15
CLS,Clicks Group Limited,24671.0,-0.0364667747163695,-6.549242424242424,-14.927586206896551,-22.62505880508076,-31.2114875226544,-26.355223880597016,-35.07631578947368,-4.003891050583658,133.84834123222748,3414.387464387464,2.754827393180733,2.980407556378806,,,,25.49994293979749,-1597.0,-2617.597058823507,-113.92856423064435,2.2749118846550487,1.9587646137592667,,,,,,-0.1215559157212317,400840.0,-54.46200547128485,,,,57714408172.0,-34.45421652393241,17.46418256979444,1.4555699272171267,1.0948958715556738,9.471780834539445,10.893823025448848,13.655169903841385,46.70454859868428,60897569172.0,1.1445577400273326,12.597063664874115,8.951066457339557,8.86,2.58,3.58995137763371,3.6709886547812,64.13160428110312,14.17525773195876,29.0,20.0,25.2611251083309,9.08590899019458,8.56668755583583,6.26093375845421,7.957023655945666,15.2422680563319,53.372207784717,36.4713296988695,0.0,16.175216118136305,,,53206201000.0,6.304409476501012,13440485000.0,4834267000.0,3331205000.0,6803387000.0,14.1272,12.090388307916909,23003792000.0,14410894000.0,1237801000.0,16905509999.999998,4414007000.0,3176206000.0,6098282000.0,1.05273994918525,0.39281953168032,0.724637997598881,0.2804256993702094,5306763000.0,-1092911000.0,-4700065000.0,4233630000.0,1073133000.0,227.068347288727,14.1272,22.6476967198423,18.06788210892889,20.63122338019273,29.0348458078338,26.0479,,,0.3566755598305712,Retail trade,2026-05-15
GRT,Growthpoint Properties Limited,1646.0,-0.6038647342995169,0.0,-3.742690058479532,-11.027027027027026,-3.4604105571847508,-5.020196191575303,26.615384615384617,12.431693989071038,-30.869382612347756,210.56603773584905,2.257413707461543,2.478936789826838,,,,46.58092353439283,11.0,-31.473529411764048,-22.434565849603903,40.31531531531531,34.909909909909906,,,,,,-0.3623188405797101,2150454.0,-50.68450364112319,,,,56206489867.0,25.86075858290051,10.88840378381954,0.260768772214453,4.243765479484208,0.8331161123947534,9.59288362434352,9.66549447579219,31.05888302254284,133442489867.0,9.945035762930392,15.226208337174803,13.996485196874344,1.243,,7.82004830917874,7.820048309178744,84.85126457869218,6.148590947907776,24.0,1.0,66.2095692353555,65.3152481740945,30.8466239379937,38.5079743627962,43.322402742584586,3.36571813820484,7.72964927109123,3.93586227909811,,,,,13418000000.0,-5.4804170188785575,8884000000.0,8764000000.0,5167000000.0,9534000000.0,1.5117,42.31783091696479,154098000000.0,,1809000000.0,72622000000.0,64501000000.0,62692000000.0,81476000000.0,1.24882471457354,1.20449966420416,0.963679555369629,0.0280460768050107,5857000000.0,-287000000.0,-5393000000.0,5813000000.0,46000000.0,3.93091106759504,1.5262,1.71585527820123,,2.567484319302647,2.793062015088023,19.75715,,,0.2731501445929404,Finance,2026-05-15
SHC,Shaftesbury Capital PLC,2834.0,-0.9090909090909092,-4.80349344978166,-8.786610878661088,-13.62389515391649,-9.48578728840626,-14.12121212121212,-16.671567186121727,-19.21322690992018,-60.5731775180857,841.5282392026578,1.4383189280836384,2.537190318750708,,,,35.92472688556798,-219.0,-105.7088235294118,-145.63223575401338,7.534807534807538,9.323178978351388,,,,,,-0.8741258741258742,160773.0,104.3819839060295,,,,56186060143.343285,-12.63693268467544,7.027691518232651,0.2024743689276521,10.748173147779411,0.6224471321431454,21.144996296893748,21.144996296893748,6.81039725777098,89100401476.67662,16.871803929820548,34.65719025584099,34.386900210518135,0.8981333333333333,,3.09597523219814,3.205444055944056,22.23457476375764,7.886347633130451,5.0,4.0,75.2976190476191,48.6819727891156,164.583333333333,144.642857142857,49.48979591836735,6.12266935425815,8.91918463656027,6.89103375634261,,,,,5281024000.0,-0.4795591981252826,3976485333.3333335,2570906666.6666665,7638624000.0,2591114666.6666665,4.032618666666667,28.0539239467255,132045808000.0,,8114634666.666667,29476736000.0,27244874666.666668,19130240000.0,102569072000.0,0.750745156482861,0.750745156482861,0.306863588083557,0.2978407779792319,2613568000.0,10395893333.333334,-7679040000.0,2613568000.0,0.0,2.708174032894945,4.039354666666667,1.340269801993922,,1.318392545775808,1.3287554566159674,45.52997119999999,,,0.8534169482672408,Finance,2026-05-15
QLT,Quilter Plc,3987.0,-1.066997518610422,-3.4624697336561745,-2.9927007299270074,2.0998719590268884,-2.135493372606774,-2.4229074889867843,6.890080428954423,8.696526952125831,25.40986449081968,25.40986449081968,1.399993236154165,2.1972181282606256,,,,42.89683674692802,-195.0,-18.5588235294108,-114.65629053177912,15.850332488060005,24.33941054860486,,,,,,-1.240694789081886,659214.0,29.30810257335705,,,,53869196122.61194,21.05424013384348,20.647475556537596,,0.2729894467310512,1.6377363639285325,0.402929731038824,0.403191246359959,1.1546782766340276,11634476122.611938,0.0553355975172956,1.506286439395223,,1.41456,,3.47298787210584,3.533052109181141,70.94594594594594,0.800591750446054,8.0,3.0,99.455360956856,3.6736437419906,3.44938060657839,1.28150363092695,65.8158906450235,0.172674293114613,8.3073727933541,7.011393514461,,,,,210253013333.3333,62.22550730997513,209107893333.3333,7723946666.666667,2694400000.0,,1.9309866666666664,,1718623040000.0,,48319573333.333336,1685706453333.3333,6084853333.333333,-42234720000.0,32916586666.666668,3.87671232876712,3.87671232876712,0.184856753069577,7.940959409594097,138469706666.66666,-131531626666.66669,-2380053333.333333,138379893333.33334,89813333.33333333,150.24650500086452,1.993856,98.95025590990284,,5.519521328523855,,24.3445776,,,0.4654763942388348,Finance,2026-05-15
PHP,Primary Health Properties PLC,2035.0,-2.3512476007677545,-3.8734057628719887,-4.950957496496964,-11.866608921611087,-8.126410835214447,-6.264394288346384,-16.255144032921812,-59.3,-59.3,-59.3,1.5426238982105631,2.209744305169213,,,,40.41195157466428,-182.0,-30.9441176470591,-185.35547041294885,17.21011015128663,18.33975434845445,,,,,,-1.5355086372360844,53036.0,512.5664125664126,,,,53579412187.44776,59.86198329644712,13.64946126548951,0.1245811782074469,9.50475790790834,0.9208740378261568,22.710620112463165,22.710620112463165,118.09522458480843,127405972187.44775,21.90832618159233,28.090378618972338,27.95200236961779,1.5941866666666664,,7.64262648008611,7.946593090211132,105.34124629080117,-2.863197873793785,29.0,2.0,89.1891891891892,77.992277992278,46.7181467181467,45.945945945946,40.15444015444015,2.69495997191806,6.0559796437659,2.82744282744283,,,,,5815413333.333333,34.5610541131436,5186720000.0,4535573333.333333,2671946666.6666665,4558026666.666667,1.4909013333333334,102.19989669306064,135618133333.33331,,449066666.6666667,78272320000.0,74275626666.66667,73826560000.0,57345813333.333336,0.5,0.5,1.29522317932655,0.0060459492140266,2335146666.6666665,-10418346666.666666,8442453333.333333,2335146666.6666665,0.0,2.231525456905734,1.5133546666666666,0.89605655412431,,1.7404175378183715,1.749033466223413,22.098570666666667,,,0.7637188887800889,Finance,2026-05-15
EXX,Exxaro Resources Limited,21007.0,-0.910377358490566,-4.513636363636364,-7.27023925134634,10.621379673512376,16.060773480662984,15.423076923076923,40.9771156298235,31.93694259515136,193.23003908431045,1871.377627627628,2.232922942314282,2.757509907336986,,,,42.764327890107694,-979.0,-256.25000000003274,-41.35814310378017,20.078672823670264,30.11032807254064,,,,,,2.25,260343.0,-64.52077569876941,,,,49638407715.0,33.17267197215071,6.609820178405676,,1.1987750586139618,0.8787228229963105,4.1930449190895365,7.409100280467025,2.079176811504634,54199407715.0,1.297536753130162,7.3780843608766675,5.12281736436673,18.43,10.0,8.06132075471698,8.693396226415095,57.9897109953904,10.890493381468104,24.0,1.0,17.5863637451821,17.5863637451821,18.5822699959302,18.1082569246606,15.915347968686408,7.64326061255217,13.7574798566778,11.675181749425,,,,,41771000000.0,2.5684468999386127,7346000000.0,7346000000.0,7564000000.0,10580000000.0,31.7815,-0.5258298251928802,103210000000.0,32663000000.0,23690000000.0,31960000000.0,12976000000.0,-10714000000.0,71250000000.0,5.09960967993755,4.664012490242,0.231817775792765,1.8256781750924784,11747000000.0,-5234000000.0,-3192000000.0,6648000000.0,5132000000.0,178.148604281524,31.7815,50.0996302337762,28.352970272762786,31.329861555913872,45.12250684203223,239.06287,,,0.2855799265754102,Energy minerals,2026-05-15
MTM,Momentum Group Limited,3651.0,-1.8020441097364173,-4.921875,-3.9210526315789473,-4.748238977302374,-0.1094391244870041,-1.3776337115072934,5.826086956521739,82.55,63.355704697986575,429.1304347826087,2.7417503290249563,3.133965247281456,,,,42.00592506073661,-134.0,30.197058823513544,-96.85133519330196,17.44921389784525,26.866183414352665,,,,,,1.6675632060247445,228292.0,-74.36761695816149,,,,46125130769.0,6.540115490532148,8.159570901776735,0.3528176609403516,0.2545486658952742,1.4029298216154171,7.679077067964212,8.03208011820719,,51638130769.0,0.2619044590746789,,,1.75,1.1,5.37923614846692,5.3792361484669176,43.410314290675466,40.0,7.0,4.0,,7.2330648597107,6.15376032135684,3.06039642125337,3.089306364244994,0.737950969187428,18.4893519227823,15.9351397031638,,,,,197164000000.0,27.795386340508557,,14261000000.0,6034000000.0,,4.4745,23.72459560348404,882707000000.0,69550000000.0,,848828000000.0,5101000000.0,-32396000000.0,33879000000.0,5.31687179879214,,0.152418800609556,,6371000000.0,-894000000.0,-459000000.0,6091000000.0,346000000.0,147.137313432836,4.6072,4.7544776119403,4.545522388059702,,,26.02411,,,0.116529654875865,Finance,2026-05-15
WHL,Woolworths Holdings Limited,5043.0,0.1191185229303156,-7.297794117647059,-0.0198255352894528,-6.818181818181818,-13.55845046280425,-10.743362831858407,-11.495261495261497,3.1921424186617555,-44.010214277783945,866.0919540229885,2.722263429563692,2.5631273700698456,,,,41.05302911012284,-175.0,-76.44411764706183,-149.66017494134047,16.28865979381443,16.85802270831913,,,,,,0.099265435775263,733048.0,-81.00829258890025,,,,45067163868.0,-11.086673501341895,26.253318756832734,,0.5550042720679698,4.3085109109642765,6.933736598890943,12.669242330424993,9.871451315789471,60957163868.0,0.7469782962808651,13.24579831986093,,1.88,1.18,3.95076434385547,3.950764343855469,102.35572471967905,-29.19020715630885,30.0,0.0,34.0273267569389,5.63936033331291,2.68365908951657,2.11139023344158,4.353899883585564,4.06339174115039,15.6451466448742,6.19617009799515,,28.387966423626004,,,81605000000.0,3.869407496977025,27768000000.0,4602000000.0,1723000000.0,,1.9209,-41.6175308491885,42030000000.0,15393000000.0,4560000000.0,31669000000.0,20388000000.0,15828000000.0,10361000000.0,1.1625254890114,0.504569141303527,1.9796096708418305,0.2236609770453207,6492000000.0,-2931000000.0,-3999000000.0,3553000000.0,2939000000.0,91.4239300918665,1.9442,7.27313466278288,3.9805063858391216,5.155724848756441,,11.70474,,,0.1990865594220751,Retail trade,2026-05-15
SNT,Santam Limited,38394.0,-1.5689893862482696,-2.0536238169341057,-7.018308631211857,-15.381394221232892,-10.817402615502544,-9.571812143765603,-8.900225412267172,53.50845627923714,70.64,1148.5853658536585,1.6972503277833613,1.9868225517058065,,,,34.01426836589755,-1496.0,-692.5323529411471,-192.3651957492984,9.316874600544343,16.22441238776143,,,,,,-0.3999384710044608,17353.0,-83.65176266651592,,,,43030398071.0,0.4962779164811326,10.4398756808053,0.9986638676675804,0.7096384493270691,2.787276851424002,17.334189488502027,17.934951761560846,,49622398071.0,0.8108632460904946,,,16.8,10.9,4.30702968774035,4.307029687740347,45.19737532384728,10.526315789473696,5.0,4.0,,15.4452015621681,12.5545369871072,6.63267807245453,3.8662025916303087,5.20948976776123,29.2193067703272,22.0292529375051,,,,,61197000000.0,6.78800146578952,,9452000000.0,4059000000.0,,36.7763,10.698633435675148,82392000000.0,17758000000.0,,65813000000.0,5060000000.0,-1023000000.0,16579000000.0,0.34367440150181,,0.3362796570745,,2448000000.0,-913000000.0,-1794000000.0,2366000000.0,95000000.0,553.705120834211,37.1703,22.1492905829068,21.40736173168198,,,137.74735,,,0.2147489047842982,Finance,2026-05-15
RDF,Redefine Properties Limited,619.0,-1.4331210191082804,0.1618122977346278,-2.5196850393700787,-7.19640179910045,3.685092127303183,2.995008319467554,40.68181818181818,45.30516431924882,-45.89160839160839,129.25925925925927,3.6890269575383816,2.7673956892137594,,,,46.57784594435431,-14.0,0.170588235289756,-87.6098477225465,25.203252032520325,33.12392214831241,,,,,,-0.4777070063694267,4152233.0,-19.279289262142907,,,,42968058877.0,35.28138863545978,6.92858741884934,0.1809289816282702,3.953111869059883,0.7683408802033683,13.36807745616153,13.412648439728468,56.675597921432775,85040686877.0,7.587233465514054,12.488906621064316,12.42843541043685,0.45838,,7.29904458598726,6.953152866242037,52.764180437695394,7.800597820846593,5.0,1.0,58.9882027680688,60.5910731887322,55.1751580422954,55.6364909435716,28.838409648770316,6.04261120378662,11.3310868453258,6.52947028256749,,,,,11208392000.0,3.443950254133921,6611629000.0,6791285000.0,6235956000.0,6842429000.0,0.8934,39.13720604267248,104038209000.0,,764950000.0,47501770000.0,42517915000.0,41752965000.0,56536439000.0,0.402271722258028,0.402271722258028,0.756320764463618,0.0179912396927271,3243099000.0,337103000.0,-3719633000.0,3232322000.0,10777000.0,1.60031251262693,0.8956,0.463043397249837,,0.9722183870447751,0.9769487670899988,8.05632,,,0.3798229676067516,Finance,2026-05-15
TBS,Tiger Brands Limited,28458.0,-0.451254066533739,-1.9737521959284905,-6.233937397034596,-16.56013604644344,-15.050746268656717,-22.71678027319881,-7.030382228030056,29.360425473885176,-16.7066674471697,380.1618154429272,2.048820034161856,2.207438053694208,,,,37.243596278350914,-547.0,-1001.2058823529004,-88.54719732687673,13.848527209159109,11.261825853453482,,,,,,1.8819743239934237,57981.0,-88.62115862789004,,,,41632029588.0,-5.906611672799112,11.620300613722392,0.4225881420949446,1.2853274653759692,2.5230653728206334,7.495544871524318,9.382310032483618,9.007017631184274,37394029588.0,1.0872886016515468,6.81502270603244,5.798422947433711,16.44,12.29,5.75086577815091,5.750865778150908,66.22810021230055,58.99419729206965,46.0,5.0,31.3212374970923,15.9542916957432,16.3700860665271,11.8050709467318,13.538032100488486,15.2020354252358,23.2247509488684,22.8689233299631,,15.366945801349152,,,34392000000.0,-8.682976565362619,10772000000.0,5487000000.0,3817000000.0,6449000000.0,24.4899,27.825855481554168,26955000000.0,15088000000.0,4850000000.0,9716000000.0,357000000.0,-4493000000.0,17239000000.0,1.74913053559008,1.04869000695572,0.0210197833254828,13.585434173669467,5828000000.0,2017000000.0,-5970000000.0,4656000000.0,1189000000.0,224.046960072654,24.8233,37.9665527827235,30.331549374804453,35.74510554543643,42.01206226763615,112.79137,,,0.1390286291409339,Consumer non-durables,2026-05-15
DRD,DRDGOLD Ltd.,4527.0,-4.413006756756756,-7.252612169637369,-14.310051107325384,-16.25971143174251,0.6,-14.71363978899774,86.98884758364312,205.67184334908845,423.3526011560693,38.53071183085797,4.298655055596136,4.279537798764571,,,,38.25874834366456,-17.0,-54.14411764705892,-92.94991272447662,40.60498538305327,55.667170723741656,,,,,,-2.090371621621622,164271.0,-91.41257498333704,,,,40631220992.0,63.238919264127816,12.287606536018671,0.1496491905650878,4.542680434332578,3.640129716307894,8.672948475396721,24.92772191978335,22.688481216887684,38910620992.0,4.262262544171934,9.7532575490663,8.643347325958505,0.7,0.5,1.90033783783784,1.900337837837838,24.317094917727164,74.99999999999997,18.0,1.0,46.30138786956,43.7009124667273,45.7668335323307,35.0450756372479,17.291956490782223,25.6372655079293,34.6971200511895,34.6550258073951,,2.6004754028327,,,9129100000.0,29.164662271145197,4226900000.0,3989500000.0,3199300000.0,4501800000.0,3.6842,86.53232747708977,14639900000.0,2950800000.0,1734400000.0,3879400000.0,13800000.0,-1720600000.0,10760500000.0,3.01286501939963,2.49336328364305,0.0012824682867896,125.68115942028986,4537200000.0,-2835300000.0,-628700000.0,1578600000.0,2958600000.0,10.5022842643714,3.7011,5.21967818999746,1.816050425533367,4.58959405337981,5.178953379998804,12.43637,,,0.1194560742174973,Non-energy minerals,2026-05-15
ARI,African Rainbow Minerals Limited,20682.0,-7.541687156332425,-13.986275733000625,-15.580227764398549,-9.487964989059082,19.54913294797688,4.724289837460125,36.03893968295731,-24.880139474066542,116.3389121338912,417.05,4.922370998349334,4.194076897825453,,,,32.60797159529393,-1635.0,-622.858823529481,-195.47026869016787,31.86454136053878,45.68683486210266,,,,,,1.9938307479100537,237043.0,-39.27050721704421,,,,40285683363.0,29.92736105936833,30.806583749162137,,3.1632383132444897,0.6475643227814769,5.159616137416366,7.783489250776397,3.7956021410317087,35778683363.0,2.590405688024906,21.373168078255677,13.69256921660926,10.5,5.0,4.91751978184094,4.917519781840941,162.20839354705518,-30.0,19.0,0.0,18.4477266145381,12.1198957428323,4.85085432956849,9.33246452360266,37.30089777005502,1.68531980544951,2.25675143344859,2.20654946334115,,17.122791775267885,,,13812000000.0,22.13281457246441,2548000000.0,1674000000.0,1289000000.0,2613000000.0,6.7135,-60.349756080274986,83650000000.0,17397000000.0,10565000000.0,17121000000.0,1110000000.0,-9455000000.0,66529000000.0,4.14905795373241,3.9432387312187,0.018025040190968,9.51801801801802,7772000000.0,-2794000000.0,-3608000000.0,5152000000.0,2620000000.0,71.2359005833174,6.7814,40.0843773047743,26.571630452161266,8.633716882165754,13.476644093846543,319.3814,,,0.5440731799463003,Non-energy minerals,2026-05-15
BOX,Boxer Retail Limited,8643.0,-1.2228571428571429,8.403361344537815,18.90218737102765,22.474139152614427,13.873517786561266,20.898027696181284,35.11020790995779,37.168703380415806,37.168703380415806,37.168703380415806,4.617488117618144,4.152032331511446,,,,68.98769345860572,679.0,900.8294117647056,149.64994725232935,86.60215447708867,90.03685050559193,,,,,,-0.5714285714285714,252450.0,-9.024404307151196,,,,40023148346.0,13.333329662898684,25.40639054645933,1.9103272519386287,0.8564850960562052,11.767044379306448,15.88928238016172,26.478589793598363,73.48054751271813,44956148346.0,0.9550507381458192,17.041754490523125,11.180340299925392,1.4067,0.9537,0.517714285714286,1.607657142857143,40.94242971069329,,1.0,0.0,13.5494561522774,5.60418082936778,4.48674371176071,3.30557443915704,3.171736913664174,11.5152636447734,59.0848680463262,20.6092715231788,0.0,4.393269884432359,,,47072000000.0,10.35258814703676,6378000000.0,2638000000.0,1556000000.0,4021000000.0,3.4019,13.563226064895176,14292000000.0,5621000000.0,538000000.0,10967000000.0,5471000000.0,4933000000.0,3325000000.0,0.916367786110205,0.220736876426475,1.64541353383459,0.0983366843355876,2488000000.0,-919000000.0,-1457000000.0,1493000000.0,1017000000.0,102.913537042144,3.4358,5.43951563903922,3.264146643523133,5.767460713740138,8.7911143024826,7.34509,,,0.6765490077951202,Consumer services,2026-05-15
MRP,Mr Price Group Limited,15182.0,-0.0329228945808915,-3.935712477853708,-4.250756811301716,-9.458492366412214,-27.009615384615383,-13.240756614663695,-39.22337870296237,-19.782310049667124,-14.578292916221235,2430.333333333333,2.630948711983835,3.032417308010517,,,,41.27742896761156,-429.0,-578.958823529354,-103.0458079279118,23.584526555465988,16.28488411871154,,,,,,-1.2839928886547705,370734.0,-24.466403162055336,,,,39180221327.0,-33.55688087282559,10.82943391919653,1.070058924347035,0.978682460265492,2.9326793431354594,4.754947632354922,5.425361344006739,13.56431579885708,45453221327.0,1.0946780339819857,7.861158998097544,,8.971,3.232,6.03608349246066,6.036083492460657,63.32900408975352,10.71208194495866,32.0,2.0,41.997013631328,13.9251481142527,12.7787678820866,8.98318963441068,17.901353499349742,11.6436966395605,29.0069212224901,19.5226630377892,0.0,28.071865517075285,,,41522000000.0,6.930030130565785,17438000000.0,5782000000.0,3730000000.0,,14.0192,10.198242387083589,32933000000.0,15842000000.0,2973000000.0,18970000000.0,8625000000.0,5652000000.0,13963000000.0,1.28171521035599,0.519902912621359,0.6464548043771551,0.344695652173913,8481000000.0,-1547000000.0,-6083000000.0,7433000000.0,1118000000.0,156.319965204236,14.4752,31.9288479576399,27.98338956127074,21.767786686838075,,51.76836,,,0.3824171893088559,Retail trade,2026-05-15
HMN,Hammerson plc,7040.0,-1.7857142857142856,-4.360820540687406,-2.627939142461964,-9.278350515463918,-1.165239365435912,-5.503355704697986,12.280701754385966,-0.4243281471004243,-85.81930664386813,-85.81930664386813,1.5648312713150208,2.9695291351910225,,,,40.48143488025029,-423.0,-19.25882352941062,-208.41917567258375,15.983436853002075,22.840552173740942,,,,,,-1.4090401785714286,161122.0,435.4491376158985,,,,37985907868.8209,27.859835749344725,6.839860218129361,,7.91041694778042,0.7928828814315372,15.651446512782114,23.19647668250205,4.62073285158729,67006841202.15424,14.090044528858982,34.62031822752126,34.26258818843091,3.7048,,5.11786600496278,5.300920758928571,35.84618726917228,-0.3449044175738174,42.0,3.0,62.0396600566572,40.6987724268177,68.2247403210576,109.584513692162,32.90840415486308,6.26653707003618,11.854235297122,6.99454539975289,,,,,4755616000.0,63.61732712855896,2950368000.0,1935477333.3333333,5211418666.666667,1955685333.3333333,10.292608,,88268544000.0,,7856421333.333333,41233301333.333336,36877354666.66666,29020933333.33333,47035242666.66667,1.62619926199262,1.62619926199262,0.78403666221119,0.2130418899171943,2319429333.333333,-13094784000.0,1522336000.0,1564997333.3333333,754432000.0,9.222396967454612,10.335269333333333,4.497986811794446,,3.753402354082096,3.792591009751167,88.7899104,,,0.6001922940757786,Finance,2026-05-15
SRE,Sirius Real Estate Limited,2163.0,-2.479711451758341,-5.421950153038916,-6.767241379310345,-4.292035398230088,-3.4805890227576977,-0.2766251728907331,-1.4129443938012762,13.842105263157896,160.6024096385542,260.5,1.7413844833757732,2.055231452882683,,,,39.99319153417274,-113.0,9.949999999999818,-189.26243316487856,27.21088435374149,41.099773242630384,,,,,,-1.8935978358881875,476792.0,54.85941270660989,,,,34880677641.402985,-2.3002295930084418,7.935273915530111,0.2231207663737697,5.636654494714367,0.9363107687295064,12.541538514196246,13.15228868308916,3.8256566393139058,55822999989.34338,8.731085385414973,27.24279292538214,25.918849786637093,0.9952175092250922,,5.47989924433249,5.692155094679893,46.28765957446809,-19.901851357768862,12.0,0.0,56.9464464172796,32.049154638094,59.7311067019657,64.641747318929,39.441611120045806,6.63567237009695,12.5109433576793,7.72832662953687,,,,,6393592265.469548,5.700211849444135,3640923593.5949497,2049092272.0895507,4132929756.8474126,2153760697.2869563,2.725803826086956,39.85501566730328,68684859430.89632,,8669517503.546295,33880286690.13554,29595516919.02532,20925999415.4791,34804572740.76078,0.872788228720431,0.872788228720431,0.8507331378299131,0.2929334712168228,2644539755.592781,-7030562059.597264,6265601079.4205,2521735797.947826,122803887.60622191,4.1696590060267065,2.7468434782608693,1.724668785692928,,1.3363405473659966,1.4046012500312892,23.10130431304348,,,0.4033451476756127,Finance,2026-05-15
KST,PSG Financial Services Limited,2674.0,-0.4467609828741623,-4.192045861698316,-3.3261026753434564,-2.6219956300072838,4.534792806880375,-1.871559633027523,31.529758976881457,133.53711790393012,284.7482014388489,231.7617866004963,2.507815130613401,2.2518136231217056,,,,38.48154066402506,-151.0,-67.6941176470591,-150.15574252047597,15.52511415525114,14.419610670511924,,,,,,-0.4095309009679821,379986.0,-43.635217420326185,,,,33080080989.0,36.92692346386098,19.489795918367346,0.5278044620058354,4.090327080839725,5.862608005507431,,,,31505872989.0,3.843420307628573,11.90730098540059,11.024878683853872,0.65,,2.04765450483991,2.419955323901713,46.55493482309125,25.0,12.0,11.0,67.3245863634273,32.2778462754989,31.8996266233746,21.1868148169293,15.5605230127335,1.27366484320576,32.7185797818665,31.2823544827853,,,,,8197352999.999999,-8.343645207569738,5518834000.0,2645929000.0,1736758000.0,2857707000.0,1.372,37.36483780536645,158396626000.0,,2671421000.0,151986472000.0,339184000.0,-2332237000.0,6410154000.0,0.0741013257501681,,0.0600099962403521,7.876023043539789,1334763000.0,-89562000.0,-1299463000.0,1275551000.0,115996000.0,6.61503631375081,1.3962,,,2.135191252420917,2.306090219496449,4.56111,,,0.6558164171049436,Finance,2026-05-15
VKE,Vukile Property Fund Limited,2338.0,-1.888375996642887,-0.5106382978723404,-1.7647058823529411,-7.037773359840954,-0.9741634900465904,-7.405940594059406,20.14388489208633,157.2057205720572,36.72514619883041,369.4779116465864,3.452405561611884,2.3878988140155943,,,,46.61163884379541,-48.0,26.902941176470904,-43.76619637201342,32.08955223880597,38.97180762852402,,,,,,2.39194292908099,938740.0,16.167609836020944,,,,32625495231.0,37.47090467751064,6.720515105349392,0.0514758735643006,5.433316273628966,0.9806713781956232,12.049465244289856,,12.414444780273037,56675495231.0,10.306509407346793,16.437208593677493,16.422919510576644,1.317186,,5.73629039026437,5.73629878304658,39.292822443875934,6.0116282438840685,21.0,4.0,67.5941080196399,62.7023095108202,78.9416257501364,78.7415893798873,,8.23060912210004,15.5445064708944,9.06597433052072,,,,,5499000000.0,17.31450270939113,3717000000.0,3448000000.0,4330000000.0,3451000000.0,3.4789,134.04870828848223,58057000000.0,,2344000000.0,26770000000.0,24780000000.0,22436000000.0,31287000000.0,0.829477292202228,0.829477292202228,0.835102618542109,0.094592413236481,2415000000.0,-9195000000.0,3879000000.0,,,4.41817911192386,3.4789,1.94033507097583,,2.7703003415009007,2.7727106956263365,23.84081,,,0.6135483774405516,Finance,2026-05-15
DCP,Dis-Chem Pharmacies Limited,3709.0,0.3788903924221921,1.4774281805745555,1.3111171810980606,2.6570716855798504,3.574420552918179,6.887608069164265,13.842848373235114,38.86184949457133,59.45829750644884,59.45829750644884,2.670034455387202,2.597595032001143,,,,54.39996108312096,58.0,-20.411764705882437,88.98886685985117,61.20011567379988,54.85629932998352,,,,,,0.027063599458728,1303336.0,192.8654087711138,,,,31767422613.0,15.594301433672094,25.76947127075662,1.5822351736200089,0.7815706046262627,5.648822641589895,15.373415581512798,59.06256621413917,76.12666690792982,36814914613.0,0.900471786012088,15.840537763301414,10.535494127124489,0.54834,0.294173,1.54991339648173,1.549913396481732,39.74826485285952,19.89111541110492,9.0,1.0,19.5380450395434,5.68460363825689,4.15525827946165,3.02127268327689,1.3186029194921078,6.57490902344409,23.577119075314,13.834302039561,,22.623276683420805,,,40884029000.0,7.617643869136365,7987940000.0,2324095000.0,1235218000.0,3494370000.0,1.4393,16.34467706733489,19369697000.0,11570595000.0,418257000.0,13723551000.0,5446398000.0,5028141000.0,5646146000.0,1.17044506084939,0.408587529564357,0.967939653035165,0.076795158928892,2071141000.0,-1584895000.0,-851412000.0,539098000.0,1532043000.0,47.6245064134435,1.4408,2.41260634654295,0.6279781319613726,2.707264424280495,4.070480589766354,6.56597,,,1.8211389929559791,Retail trade,2026-05-15
AVI,AVI Limited Class Y,9442.0,-0.0846560846560846,-4.626262626262626,-5.58,-15.77914548211578,-9.124157844080846,-10.553239863584691,1.5268817204301075,29.165526675786595,2.686242523110386,521.1842105263158,1.67234443850871,2.319294085984035,,,,27.554633385242028,-528.0,-443.6147058823317,-162.80747312992193,5.700898971884766,4.199988909315234,,,,,,0.5291005291005291,255948.0,-78.0968640488813,,,,31678267044.0,9.422073872900633,12.336839354543672,1.5794921425674695,1.951750081959585,5.65272105300339,10.393819645876896,11.87732057946612,65.28504652595937,33826967044.0,2.058377675522399,8.924143792111858,7.701249213186413,6.26,2.45,6.88888888888889,6.888888888888889,83.86365393038415,6.101694915254227,38.0,5.0,42.9334663924351,23.0652679234261,21.6535433070866,15.7145638866239,16.298725796833356,24.6043768637875,48.8795094068214,45.464148020351,,19.868198469008995,,,16433800000.0,3.00029457665574,7055600000.0,3790500000.0,2582500000.0,4392400000.0,7.6535,7.874781530134746,10577700000.0,5712900000.0,487300000.0,5007000000.0,2636000000.0,2148700000.0,5570700000.0,1.47334622823985,0.696892327530625,0.473190083831475,0.1848634294385432,3060800000.0,-375600000.0,-2609800000.0,2678500000.0,388200000.0,48.7743919632215,7.7626,9.08424460082442,7.9496044051582,11.249944184339054,13.036342127764373,16.70346,,,0.2681500050916945,Consumer non-durables,2026-05-15
PMR,Premier Group Limited,17775.0,-0.6983240223463687,-0.7870060281312793,2.745664739884393,-4.420067752863365,2.745664739884393,4.966339907877643,34.36389749792124,196.25,196.25,196.25,1.4696855014580192,1.9452991081094424,,,,50.84722020086148,-438.0,311.9147058823546,20.9090152796615,39.21470795717362,45.47490130706458,,,,,,0.0,33938.0,-79.45890328047453,,,,29800234021.0,67.20609384399548,17.322704193507516,0.6557242343390386,1.197205699081045,4.198856918783123,12.402399962967994,24.31211881302272,61.878000561951474,32042200021.0,1.5627772420338706,15.730556629552172,12.926142102362853,2.71,1.59,2.40223463687151,0.0,40.73088253402923,23.18181818181817,2.0,1.0,35.0429222122997,9.93465952182495,8.78839429810807,6.63825995433921,4.854206893793557,11.9645685119574,27.6020579454474,18.8285236846949,,25.108262690474785,,,20503370000.0,8.297053621154028,7184980000.0,2036940000.0,1361067000.0,2478868000.0,10.2611,26.799219020315373,11794440000.0,4802726000.0,391048000.0,6328685000.0,2625852000.0,2234804000.0,5465755000.0,1.35093559666632,0.712598847124604,0.481049237413377,0.1489223307330344,1951015000.0,-1105417000.0,-752658000.0,995276000.0,996958000.0,150.61510095742,10.5571,14.3319035453412,7.311168613769223,14.96309746857262,18.20944332956576,42.33295,,,0.1940470806314849,Distribution services,2026-05-15
TKG,Telkom SA SOC Ltd.,5700.0,-3.225806451612903,-2.697166268350973,-6.388569551650518,-1.1103400416377516,14.0,-3.487978327124958,50.19762845849802,49.56704277092626,-4.201680672268908,511.3256113256114,3.5956572174548307,3.1527797489439155,,,,39.68678479350598,-310.0,-40.35882352943736,-128.25354334472877,24.012652030931235,45.704165515757786,,,,,,-1.0865874363327674,234080.0,29.419635205590787,,,,28800033638.0,54.14969735146524,3.531489111241907,0.0121145427479611,0.6611764648698834,0.8274876893059555,2.6759260379710965,6.924964303104376,4.743015061778001,36340033638.0,0.8147624240617013,7.469688312024666,3.3735642070181955,1.630472,,2.76820373514431,2.7682003395585744,0.0,,1.0,0.0,42.6303753194924,10.9075826196135,10.053360835837,7.91668535043272,9.172234428949375,5.76179364587243,11.5770491803279,8.19438159223031,,31.722792699878926,,,44602000000.0,5.099203543993591,19014000000.0,4865000000.0,8033000000.0,10772000000.0,16.1405,303.44189766790805,62009000000.0,17639000000.0,5973000000.0,28118000000.0,13532000000.0,7559000000.0,33891000000.0,1.1165337384479,1.06481833143436,0.399056325567679,0.4413981673071238,10587000000.0,947000000.0,-9632000000.0,4091000000.0,6496000000.0,89.7391952274603,16.3608,21.3010371703763,8.231089360915204,9.788376861611455,21.67325705103363,68.8832,,,0.2585082259795687,Communications,2026-05-15
FFB,Fortress Real Estate Investments Limited Class B,2523.0,0.0,2.6026840178934525,4.950083194675541,0.5179282868525896,3.0216414863209478,5.786163522012578,28.98773006134969,241.78876444442653,-65.1040841894353,1044.5220094041565,1.946271676971199,1.6301424526252275,,,,64.26116596457075,92.0,114.39999999999918,142.0298021537609,87.43558722050454,90.1704598738838,,,,,,-0.1585414189456995,1486853.0,-36.854928647933335,,,,27701920451.0,22.375780699436145,8.855337078651685,0.3841376374033211,4.898529557100187,0.9788491730044112,13.442219005695293,27.850168203654764,7.937506482330986,48800798451.0,7.756696510545041,11.008375127479637,11.008375127479637,1.6244,,6.90368608799049,6.903686087990487,61.00875656742557,7.1270059109785375,2.0,1.0,67.6684721353979,70.4617749733328,70.922257714886,54.7507637757391,17.453457800844035,6.0061374643777,11.2205658450469,6.88472469471751,,,,,6291441000.0,24.063373384070008,4257322000.0,4433061000.0,3444612000.0,4433061000.0,2.848,23.23136168923888,59693046000.0,,3852790000.0,28100462000.0,24747241000.0,20894451000.0,31592584000.0,0.710837163666075,0.710837163666075,0.7884260614600601,0.1556856378454471,2275037000.0,-2348668000.0,2001243000.0,1098074000.0,1176963000.0,5.18842782163661,2.855,1.87617832958343,,3.655858336335383,3.655858336335383,25.76495,,,0.4576139425385241,Finance,2026-05-15
RES,Resilient REIT Limited,8306.0,-0.8475587919302853,-1.107274675556614,0.0843475117484034,-3.1483208955223883,10.159151193633951,3.954943679599499,39.19892743422155,73.76569037656904,-36.67276608722172,1184.768716975017,2.1347014853849458,1.9887986547425789,,,,51.09943640574909,63.0,85.90588235296491,6.994932804584877,58.36820083682007,59.83263598326358,,,,,,-1.6593052405395727,176349.0,-74.47347165649074,,,,27313096455.0,35.235730302129525,6.090067895531799,0.1056798784927541,7.201905493030908,1.0646651406380865,18.687706514030133,29.819864372796864,650.4548936757575,41305815455.0,10.518832796770129,18.65322594637117,18.65322594637117,4.67,,5.57478811030202,5.854363137161275,34.088835358954704,10.66612952913576,23.0,2.0,63.2634247757232,56.3914940343951,98.9800205966929,116.403758336211,23.77173628491481,11.4957519481565,18.6271336241047,12.7660970892702,,,,,3926844000.0,7.532591720565172,2484256000.0,2214406000.0,4570994000.0,2214406000.0,13.6386,58.54781335007324,41469394000.0,,42795000.0,15012408000.0,13607022000.0,13564227000.0,26456986000.0,0.104007523421477,0.104007523421477,0.522774079821906,0.0031450673042198,1489547000.0,-196159000.0,-1287508000.0,933479000.0,556068000.0,11.7172409092512,13.6995,4.44463315697093,,6.607527208336073,6.607527208336073,78.01514,,,0.1888163551116683,Finance,2026-05-15
ADH,ADvTECH Limited,4346.0,-1.696448767247229,-3.422222222222222,1.069767441860465,10.025316455696204,20.287849432604485,16.23428724257823,40.193548387096776,214.01734104046244,211.54121863799284,11033.050455824896,2.497968120453124,2.3489919171119613,,,,52.28732594593975,81.0,117.75000000001546,20.21144278606909,52.87081339712919,56.07339970117238,,,,,,-0.7011988237955213,167597.0,-47.74856508631306,,,,24211882311.0,37.11506876736544,18.65236051502146,1.1575995540688837,2.644384723405363,3.556453170366055,11.764017391949336,22.82868530966408,69.8300881557503,26865682311.0,2.879370907035068,13.181082480129524,10.579539383712689,1.18,0.73,2.66907939380231,2.669079393802307,50.33270772905648,16.831683168316825,23.0,6.0,,21.8447226271114,19.6540341250107,13.8043385063877,11.303909800222929,11.6700492896492,20.0228521682355,16.9622103551134,,,,,9330400000.0,9.504025538107646,,2038200000.0,1288000000.0,2539400000.0,2.33,16.511651165116515,11297000000.0,951200000.0,344800000.0,4572000000.0,2994000000.0,2649200000.0,6725000000.0,0.302438714190328,0.300372007249372,0.445509195881198,0.1151636606546426,2046700000.0,-1139200000.0,-1029300000.0,1054700000.0,1028000000.0,16.8414754727832,2.3444,3.69431619760624,1.903745196470077,3.678973603342477,4.583645161577807,12.22004,,,0.4161223997781302,Commercial services,2026-05-15
PIK,Pick N Pay Stores Limited,2234.0,0.6306306306306306,16.354166666666668,12.600806451612904,8.975609756097562,-17.289892632358384,-10.281124497991968,-18.734085121862496,-52.59265651540393,-65.68399108518076,98.3594809649816,6.343879549112118,3.9526666193747606,,,,67.98863855100298,267.0,105.89705882353496,219.976060646361,89.34568127516052,79.49319656669553,,,,,,1.2162162162162162,3020609.0,-56.918923498299634,,,,23557263433.0,-29.746156235924563,,,0.1320568812345032,1.6810301689984628,4.553588311688312,9.300221514395828,2.87227565902328,37946263433.0,0.3050602658506271,19.10207069368236,6.492311701512455,0.0,0.0,0.0,,0.0,,0.0,0.0,9.49799580993235,1.59700103063444,0.0461454111041616,-0.325268873392749,1.418448838888201,-0.86640434701143,-6.4155520847373,-1.62354664285786,0.0,5.864728023448943,,,124389400000.0,6.138919014393971,11814500000.0,1986500000.0,-404600000.0,5844800000.0,-0.551,90.84748015016112,47387000000.0,21057000000.0,5713000000.0,36819000000.0,19267000000.0,13554000000.0,10568000000.0,1.04444223996826,0.512276176776946,1.9795540943183,0.2965173612913271,3603600000.0,-1486600000.0,-108000000.0,1764400000.0,2003800000.0,169.346490117436,-0.551,4.9060210258044,2.4020933227686974,2.704465192518713,7.957240451665428,13.28947,,,0.7116730812709106,Retail trade,2026-05-15
KRO,Karooooo Ltd.,75003.0,4.097097888995295,-7.530421274549691,-8.120589964719718,-4.818527918781726,-4.089461771588598,-3.627322488628479,-7.083658527520719,47.07047335189616,1171.2372881355932,1171.2372881355932,7.06508051143622,5.462457533648758,,,,40.89263787314823,-4257.0,-3391.197058823527,-234.32882361698012,15.720987316215655,21.51449509669583,,,,,,3.79037070963623,1230.0,-62.38532110091744,,,,22839693548.92206,3.4561259638215427,25.448247512370184,1.8743040072373636,4.29854853859723,7.0123463301274604,12.715765739541384,,19.945263573610845,22875269616.227745,4.538067748355025,17.808555716862163,10.961238143435189,,,2.80331912984974,3.106674438939085,0.0,,3.0,2.0,67.9392458545254,25.4825152375477,24.7400247242188,18.0627942682666,,17.8247258038835,30.0118234311867,26.9139574375742,4.776919002760399,37.67981161421749,,,5040751016.667756,7.657826408162409,3424648226.128397,1284510145.909202,910500485.7162548,2086923878.205128,29.47275641025641,-3.5574978670450035,5833508516.041378,1773280094.2508335,1161713241.0652435,2483877203.614888,1151958415.5013766,-9754825.563866956,3349631312.426491,1.05591579119016,1.05247343595253,0.348623995773314,1.00846803620044,1822200665.2692304,-1124553466.5973284,-655014376.5836202,,,163.16806450224198,29.47275641025641,58.984257445675,,41.579325289024894,67.55329292089237,106.9584935897436,37.288654889501714,37.60441656897172,0.9349346305868046,Technology services,2026-05-15
HYP,Hyprop Investments Limited,5577.0,-0.8533333333333334,-0.1432408236347359,-1.8133802816901408,-8.498769483182937,3.9321654863958257,-2.4488368025188034,30.45614035087719,103.83771929824562,-52.58459445672505,384.9565217391304,1.981642520144393,1.9624569812726325,,,,46.479023992483214,-3.0,29.37352941176505,-31.026365348399843,58.78787878787879,63.47474747474749,,,,,,-1.1911111111111112,495640.0,-40.616384769020456,,,,22788437462.0,37.9065821084039,6.183543812575534,0.5263794119115601,4.608798517997058,0.865641483489406,12.19759810060802,14.327703613593645,23.690009943148294,35592854462.0,7.219232989512568,13.946431215401203,13.077175403067288,3.076977,,5.56889244444444,5.568888888888888,34.6159592454665,9.892035714285717,37.0,1.0,58.2809056358237,51.7236133754621,78.2051209241175,72.3246662158473,31.65956835734751,8.6651215716209,14.5941886208663,9.92199990984579,,,,,4930282000.0,5.975220412626279,2873413000.0,2550120000.0,3565810000.0,2721754000.0,9.0191,11.9356119840147,42454891000.0,,944035000.0,16256272000.0,13750702000.0,12806667000.0,26198619000.0,0.25313129645049,0.25313129645049,0.524818547048955,0.0686535858314724,1833492000.0,-530402000.00000006,-1176304000.0,1560906000.0,272586000.0,12.2947319882279,9.0493,4.57221163871763,,6.364247125000229,6.787286400227682,64.42621,,,0.6568478749916343,Finance,2026-05-15
SRI,Supermarket Income REIT Plc,1780.0,-1.7117614577581448,-3.887688984881209,-4.146472805600431,-6.315789473684211,-2.197802197802198,-10.552763819095478,-4.352498656636217,4.705882352941177,4.705882352941177,4.705882352941177,2.2841120221381863,2.488192891552557,,,,43.80675087357839,-100.0,-32.23235294117649,-143.27425116790033,12.23148148148148,9.531025790188094,,,,,,-0.6073992269464384,12138.0,2.0085721489200776,,,,22475523263.80597,-3.919474928539892,16.11291350443196,,8.859438703496359,0.8970154501941142,42.86593248246056,42.93289596995756,20.59681463126972,41273049770.47263,15.895764135585477,22.906690288300585,22.90469227162809,1.5002742857142854,,7.57855822550832,7.626891220320266,125.0,6.915469210450258,8.0,7.0,89.368638608082,69.3935437006546,48.1887598474563,53.0262281756155,19.928397858853845,3.10516277177264,5.52714968120572,3.34655075070765,,,,,2596481013.333333,-9.690133898887892,2320439733.333333,1801790186.6666667,1376815946.6666667,1801947360.0,1.104704,-16.765102766912804,45750462933.333336,,1078568320.0,21020743306.666668,19876094826.666668,18797526506.666668,24729719626.666668,2.71586440767424,2.71586440767424,0.8037331246260381,0.0542645992286645,518245386.6666667,-2076192373.3333333,1724213920.0,517437066.6666667,808320.0,2.0804507205156986,1.104704,0.4152481695640997,,1.443698479911645,1.443824416274322,19.8435824,,,0.4297504275198889,Finance,2026-05-15
APH,Alphamin Resources Corp.,1706.0,-3.0681818181818183,-6.212204507971413,0.3529411764705882,6.625,31.12990007686395,16.92940370116518,53.693693693693696,70.6,424.9230769230769,424.9230769230769,1.6949136736651391,2.8561752796773088,,,,49.5102780056599,-104.0,125.15882352941162,-77.63904653802402,30.55712487486741,43.598663931095295,,,,,,-0.5681818181818182,2262.0,-74.92795389048992,,,,21640512455.50746,36.31082461406492,6.855085230645618,0.0888441842799992,1.843887920587124,2.8545880256310627,4.452832790053081,4.722037114317167,7.006580617825434,20582540375.915077,1.6431933816343116,3.286029888001021,2.836104653305964,2.9128,,7.85714285714286,11.741306818181815,0.0,267.470811147887,5.0,1.0,54.6892831254269,50.0054299678894,49.2364629828457,25.499840810585,37.07457772853899,27.1325042785354,45.7112254767199,44.6945411156875,,4.39781890803024,,,12525939190.093246,30.41545435989556,6850346347.788931,6263649749.522506,3194094553.5044603,7257327529.124361,2.488663441226576,73.17094636138054,12532762096.829191,5657630830.944806,3129750986.966572,3532400097.2556367,736886042.0968946,-2392864944.869677,9000361999.573553,2.26489178704674,1.81295900224698,0.0961305862937957,4.247265938245352,4924697072.139237,-390117810.3203852,-2643706688.3324547,4643939061.260648,383622452.9490628,9.744810932104429,2.4960118568994893,3.83126894818717,3.612847503522211,4.872934627704355,5.645986585948517,5.97634399318569,0.5732755883423306,2.434853879593945,0.2778972197992555,Non-energy minerals,2026-05-15
OPA,Channel VAS Investments Limited,1696.0,-1.6811594202898552,-9.06166219839142,-20.969245107176143,-19.23809523809524,-16.65847665847666,-19.12255603242728,-18.26506024096385,-18.26506024096385,-18.26506024096385,-18.26506024096385,2.8875242044931326,3.2883574018585566,,,,28.0391008635322,-184.0,-191.6911764705883,-132.31581584475262,11.02709962192028,7.815493895973414,,,,,,0.2898550724637681,1564977.0,1.6422775738768365,,,,21304817775.0,,,,,10.41500350032547,,,13.482480888666858,21647617935.0,,,,0.0,,0.0,,,,0.0,0.0,,,,,,,,,,,,,,,,,,,,,5006907190.0,4187305280.0,1553619770.0,2941572680.0,1842285740.0,288665970.0,2065334510.0,2.9922087763753,2.9922087763753,0.9160130503559192,0.8433109676026695,,,,,,,,,,,,1.62842,,,0.6035826492854421,Finance,2026-05-15
NTC,Netcare Limited,1648.0,-1.72927847346452,-4.130308318789994,-4.904789382573572,6.666666666666667,7.782864617396991,3.0644152595372107,17.630264097073518,12.491467576791807,-52.520887352348026,449.3333333333333,2.530019585043332,2.5138294815975555,,,,38.41847820689279,-81.0,-22.7764705882405,-180.2026933222297,13.06713642591506,16.831916103879767,,,,,,-0.5366726296958855,586635.0,-65.0796910576365,,,,19983605021.0,18.24777355257944,12.400300978179082,0.573276440781386,0.7969574099047976,1.8072335399735275,5.519068180859062,9.275933885492744,10.842383281719416,31179605021.0,1.183556218531734,10.971008100281493,7.432563771394517,0.85,0.49,5.0685748360167,5.068574836016696,62.82799911301649,21.428571428571438,5.0,4.0,49.7039174005466,10.7880352262375,9.31141815973277,6.52140904949894,8.381415122988155,5.9636212163288,15.7585764079985,7.84636112443196,,38.91588217430914,,,26344000000.0,4.531386397904928,13094000000.0,2842000000.0,1718000000.0,4195000000.0,1.329,22.17319360176501,29225000000.0,6506000000.0,1889000000.0,18237000000.0,12965000000.0,11076000000.0,10988000000.0,1.1517082669499,1.0596565763852,1.19262257382026,0.1456999614346317,3711000000.0,-1667000000.0,-1957000000.0,2208000000.0,1630000000.0,21.1973812743418,1.3529,2.98601130842251,1.7766405198051465,2.2867809589158634,3.3754560600464627,9.11891,,,0.2879740691533424,Health services,2026-05-15
TFG,Foschini Group Limited,5892.0,-1.8163639393434423,-16.920473773265652,-20.108474576271185,-25.27584020291693,-33.04545454545455,-29.428674092705712,-56.6764705882353,-49.20251745840159,-53.60083432251841,489.96132148692607,4.976800622106123,3.909769122107954,,,,28.523656661606974,-1102.0,-925.5352941176589,-145.2512758119583,12.800818242791074,12.014717944011808,,,,,,0.9498416930511582,1728624.0,12.966824706493574,,,,19408656057.0,-45.95807356740116,6.578903292801394,,0.3056588033508063,0.7510327656526662,2.5837674136616227,3.583612417144603,7.304417440308263,42924656057.0,0.6649088878854721,8.926828752625559,3.856420176359079,3.9,1.3,5.99900016663889,5.9990001666388935,39.74475038088719,11.428571428571423,4.0,2.0,41.9596884623249,7.44843332734381,6.10791670022863,4.5466655926837,8.31324778645914,5.05481561082466,11.858100328449,7.33306851142607,,34.51125513498107,,,64557200000.0,10.458415462111258,27088000000.0,4808500000.0,2935200000.0,11130700000.0,8.9559,-1.6483637162310578,61231000000.0,29623000000.0,2633000000.0,36008000000.0,26149000000.0,23516000000.0,25223000000.0,1.59615280995743,0.738886793469476,1.03671252428339,0.1006921870817239,7443600000.0,-3189600000.0,-4146300000.0,5366800000.0,2076800000.0,197.77481186441,9.0578,22.8039101694919,16.441510169491778,14.731125000000226,34.09955974576324,78.45197,,,0.5277606297135551,Retail trade,2026-05-15
TRU,Truworths International Limited,5030.0,-2.0066238067406976,-1.776996680335872,-8.22842546980478,-11.599297012302284,-8.043875685557587,-11.645880906376252,-32.19196548935023,0.5798840231953609,-51.63461538461539,650.7462686567164,3.405952546385792,3.5103597509693856,,,,42.686813211228895,-148.0,-207.1088235294292,-81.82878028799281,31.94468066657996,20.879468905941323,,,,,,-0.5649717514124294,629814.0,-58.85819326290127,,,,18503041741.0,-30.4444182472938,6.726037655113394,,0.886859544883926,1.686415836618156,4.323506792539719,4.953044051701398,19.062934010152283,23175041741.0,1.06478482614289,7.917677396993509,5.242036132323004,4.87,3.21,9.56555620494837,9.565556204948374,65.31948010483045,-7.939508506616255,28.0,0.0,45.3158741098093,13.4481966459913,17.2708476912474,12.85090742017,17.417872731449574,13.8533927686974,25.890956215866,20.7407956694227,,31.86767746381805,,,21765000000.0,1.9437939110070257,9863000000.0,2927000000.0,2797000000.0,4421000000.0,7.4784,-25.073639915840097,20188000000.0,11562000000.0,985000000.0,9309000000.0,5657000000.0,4672000000.0,10879000000.0,1.91202249049115,1.50289399702332,0.5199926463829401,0.1741205585999646,4343000000.0,-604000000.0,-3956000000.0,3791000000.0,585000000.0,58.304312885079,7.5169,11.6340744709349,10.15537101526922,7.840878649879453,11.843021698365924,29.82657,,,0.2922374403798761,Retail trade,2026-05-15
TGA,Thungela Resources Limited,13012.0,-0.0921375921375921,-6.050541516245487,-16.946447947916003,15.150442477876108,65.86360739324411,35.541666666666664,47.27787209960385,420.48,420.48,420.48,3.843540353424744,5.538535760413855,,,,39.15414377569373,-1512.0,-1264.0294117647063,-144.9661105154589,8.622812468296022,17.83961402168173,,,,,,1.167076167076167,119745.0,-69.11918301032843,,,,18297754942.0,57.26829466784124,,,0.5619746135208242,1.0302996951145884,5.998966648116364,,2.68814702335343,12412754942.0,0.419363996824217,,8.128850649639817,4.0,,9.98157248157248,3.071253071253071,-7.148154435876587,-69.23076923076923,5.0,0.0,16.5985337342478,-7.78742525085307,-27.0144261630461,-23.9366194803879,-1.1385519781073683,-16.5032261070089,-34.0854421245069,-34.0297790585975,,22.558194533599107,,,29599000000.0,-16.749170276199585,4913000000.0,-2305000000.0,-7085000000.0,1527000000.0,-55.9729,-311.8267931683059,37785000000.0,13869000000.0,6137000000.0,21607000000.0,86000000.0,-6051000000.0,16178000000.0,1.72521457892773,1.34220674213211,0.0053709717711716,71.36046511627907,2750000000.0,-3763000000.0,-2521000000.0,-337000000.0,3123000000.0,233.459715551591,-55.9585,21.6904023030128,-2.6580602094964743,-18.180500839434345,12.044088842436548,126.29335,,,0.1988561350717157,Utilities,2026-05-15
BYI,Bytes Technology Group Plc,7671.0,0.4189029977745778,8.639002974082992,13.813056379821958,18.37962962962963,-5.668962124938514,-3.8962665998496617,-39.32610930949933,-23.67923589692568,11.173913043478262,11.173913043478262,3.401244833103069,2.85017423045137,,,,71.85874198370493,871.0,670.0205882352939,210.9377260129829,92.078910320613,89.03724457909279,,,,,,0.3403586856918444,834954.0,365.8041841004184,,,,18165083213.179104,-47.90529507214684,17.123887593954677,,3.710758677223457,10.348478355972494,14.38346191716981,14.824475742414297,8.900756738962693,16077159578.56372,3.374720183743895,11.865316475912149,11.304866698565064,2.203134615384615,1.5119551282051285,2.92076344707924,3.131496269145176,47.66355140186916,-6.435988180739273,5.0,4.0,74.4466408538189,28.441889355374,31.7325740608083,23.250605271987,26.853220409680723,11.0359817508823,57.2461948058472,56.4873051715592,,46.00475149844488,,,4763997814.102564,-6.822399654537962,3546636342.948718,1354970987.1794872,1107658326.9230769,1422144993.5897436,4.479707051282051,-13.327187228930828,10240882471.153849,8814417605.76923,2130690365.3846157,8488742471.153846,42766730.76923077,-2087923634.6153848,1752140000.0,1.05389742702412,,0.0244082840236686,49.82121212121212,1318511269.2307692,-127717009.6153846,-1502473009.6153846,1279286833.3333333,127717009.6153846,20.15482480730998,4.6222628205128204,,5.4122195286919546,5.732412971464571,6.016602927806706,7.412684006410256,,,2.365877798938045,Technology services,2026-05-15
DTC,Datatec Limited,7533.0,-0.9206892016309352,-1.5294117647058822,9.95475113122172,-1.413427561837456,-0.7771338250790305,-5.506773707977922,19.5904111763772,152.78523489932886,69.73862100045065,999.7080291970802,4.319143565436615,3.087178602599346,,,,59.04298571433198,377.0,360.9882352941149,101.88876467431136,63.81282640392832,59.196503105516,,,,,,0.9733000131527028,178260.0,-50.10607985938121,,,,18068949871.0,23.303813563737585,11.868412345795717,0.3151925476837516,0.3503866709430525,2.0144894554192923,5.194725111886495,5.525937471321943,1.5267221896013807,20230347596.0,0.3905110464522191,5.19965558052661,4.0361984711330425,2.75,1.75,4.93226358016572,4.932263580165723,57.853407179993525,111.53846153846156,5.0,1.0,31.3915772995515,7.51032525358188,5.07369157200771,2.91578708138202,6.2364913683673615,2.06884963278409,17.3897019291081,14.8610684627489,,23.881252045969457,,,51804802398.785095,-47.67754467028288,16262344589.8945,3890709157.12415,1510517735.87926,5012228150.0,6.3471,38.28405847621953,78121055737.5,59940055250.0,11693817068.75,68059380943.75,12431575668.75,737758599.9999989,10061674793.75,1.02252140490295,0.926241749989285,1.43916697562664,0.9406544576763066,3436795906.51458,-398506429.976791,-1910835944.52776,3230802030.0,438360501.606835,218.585664129895,6.4819,14.5012485506944,13.632076075949366,16.41649434599156,21.148641983122364,37.39409,,,0.3308355183646562,Technology services,2026-05-15
CML,Coronation Fund Managers Limited,4474.0,-1.3450937155457552,-1.8213737107746324,-4.238013698630137,-11.946467230860067,-9.065040650406504,-4.808510638297872,17.02851164007324,-17.469101641763512,-36.46691280886112,1105.9299191374664,1.4963523677136934,2.226138768926708,,,,45.72389402252578,24.0,-29.74705882352828,-52.24845004988806,35.333333333333336,32.15763447371077,,,,,,0.330760749724366,121741.0,-38.056641022509865,,,,17557697271.0,16.657899555346155,9.932510434242074,,4.02157895547687,6.4584394943535575,82.48347635057142,82.87813413215311,11.815504797830831,16581697271.0,3.770281325829923,7.7376095524965,,4.54,,10.0110253583241,10.011025358324146,100.79033833584938,9.927360774818403,22.0,2.0,,48.7266939517963,49.9545247839927,37.8808549340609,4.752160072760345,1.80789243799613,64.175654853621,57.8472222222222,,,,,4398000000.0,3.2879286049788634,,2143000000.0,1666000000.0,,4.5044,-28.56055319418892,100234000000.0,,1466000000.0,97552000000.0,490000000.0,-976000000.0,2682000000.0,2.07162790697674,2.07162790697674,0.182699478001491,2.991836734693877,210000000.0,274000000.0,-1712000000.0,209000000.0,1000000.0,11.3596500781449,4.5044,0.542411668124243,,5.535181927572633,,6.92737,,,0.3051786950220986,Finance,2026-05-15
MTH,Motus Holdings Limited,10092.0,-2.0194174757281558,-6.754134713110967,-12.691409291461198,-22.14164480790001,-15.752566992236414,-15.555183666638776,9.707576910533753,9.540866167372192,6.231578947368421,6.231578947368421,2.8477649612932057,2.2226719885424027,,,,29.14971043593593,-1051.0,-982.641176470588,-131.68552449880755,16.08281527501266,11.85236884193302,,,,,,-0.7281553398058253,1093872.0,-11.92940646033944,,,,17537643845.0,25.561205413453717,6.522539990305381,0.6468877887885833,0.153700697252613,0.9204797439731014,2.2992019412240494,2.6888664669714646,8.574901960784313,30807643845.0,0.2700387764055186,5.845852722011386,3.9041495178050942,5.5,3.0,5.92233009708738,5.922330097087379,39.18293936279548,5.769230769230766,5.0,1.0,4.5798783373946,4.61932226565924,3.1493785389969,2.34121627544133,5.559840821836159,4.17330708415362,14.0044566784638,9.00539447066757,,,,,114086000000.0,1.1651828468059446,5225000000.0,5270000000.0,2671000000.0,7891000000.0,15.4725,10.366497375028535,61763000000.0,41323000000.0,1989000000.0,42349000000.0,15034000000.0,13045000000.0,19414000000.0,1.35560804382771,0.46215923629564,0.7834696961801031,0.1323001197286151,7418000000.0,-230000000.0,-7390000000.0,6343000000.0,1075000000.0,675.065088757396,15.568,43.8934911242604,37.53254437869823,31.183431952662723,46.69230769230769,109.63848,,,1.624021464533991,Distribution services,2026-05-15
GCT,Greencoat Renewables Plc,1535.0,5.065023956194388,-0.3246753246753247,28.023352793994995,16.907844630616907,10.272988505747126,11.555232558139537,-2.5396825396825395,-2.5396825396825395,-2.5396825396825395,-2.5396825396825395,3.0784717713588736,1.7247893769836091,,,,56.34635523810391,133.0,69.71470588235297,76.06161372931251,71.39276436278017,81.61286546632253,,,,,,5.065023956194388,420.0,-35.08500772797527,,,,16273730757.39967,-3.8522354417092,,,6.837586400740794,0.7923657060170416,27.331701677491026,27.331701677491026,19.57157430408721,37529171005.233,15.482626758462091,,,1.3330688499999996,,8.8556566970091,0.0,-144.58598726114647,2.717256950836134,1.0,0.0,89.5879768711438,-5.7959427593113,-39.8439771295668,-42.3304906806215,25.795458216235428,,,,,,,,2423953737.9999995,-21.63965960917827,2171571114.1666665,-140490971.16666666,-1026071511.1666664,-140490971.16666666,-0.92199035,-174.89191638710517,43843988495.99999,,873189459.4999999,22275952411.666664,22128629707.33333,21255440247.83333,21568036084.33333,7.10749402072814,7.10749402072814,1.02599187152729,0.0394597167130791,625269973.6666666,2426694261.333333,-2442628446.9999995,625269973.6666666,0.0,2.177200679404838,-0.92199035,0.5616188915394703,,-0.1261893051336416,-0.1261893051336416,19.37236794,,,0.0503313480412717,Miscellaneous,2026-05-15
LHC,Life Healthcare Group Holdings Limited,1116.0,0.0896860986547085,-2.9565217391304346,-10.36144578313253,-0.6233303650934996,-9.927360774818402,-3.793103448275862,-26.09271523178808,-44.2,-68.20041820690003,-11.149612945501392,3.181952102141981,3.426951174595123,,,,36.67245163537976,-122.0,-88.9117647058963,-100.18799071105224,16.666666666666696,13.534511283171216,,,,,,-0.0896860986547085,1511689.0,-48.99290882563728,,,,16214821613.0,-16.062886964532957,4.195804195804196,,0.647894559622015,1.4037347394160162,3.997132855937032,6.719504422683335,4.241576938727932,17120821613.0,0.6819957621494582,7.778655889595639,4.873561518075719,0.56,0.35,5.02242152466368,25.739910313901344,20.665731788323864,12.00000000000001,5.0,4.0,23.2911089866157,8.76752708731676,-2.50956022944551,-5.76800509878904,9.58014659018483,-5.78806411640085,-12.1090483358421,-9.31968848555062,,14.523581899298916,,,25104000000.0,-1.626239272698773,5847000000.0,2201000000.0,3864000000.0,3513000000.0,2.6598,-19.914488739009997,25690000000.0,8465000000.0,3810000000.0,13548000000.0,3951000000.0,141000000.0,12142000000.0,1.20139086006245,1.14348566562589,0.347279599191351,0.9643128321943812,4043000000.0,3872000000.0,-6506000000.0,2405000000.0,1807000000.0,17.336235423801,2.7098,2.79200126746445,1.6608367668196904,1.5199591367027605,2.425995659807722,7.95022,,,0.4517946647793385,Health services,2026-05-15
GND,Grindrod Limited,2341.0,-1.9271051529116048,2.7204914436156207,13.091787439613526,33.01136363636363,34.69505178365938,37.70588235294117,81.61365399534523,405.6155507559395,83.89630793401415,1572.142857142857,2.409439913707267,2.761009833646905,,,,73.31338220673136,96.0,215.23235294118967,136.9855059841333,95.339412360689,95.96631205673764,,,,,,0.0,181210.0,-83.43371291075177,,,,16029320379.0,91.37187242782768,7.555512522592306,0.0138912442959077,2.8890227918574274,1.6186499449963252,7.670021027543334,8.990815052051763,3.985661790743641,15376357379.0,2.766361811241214,13.541354842885712,9.828621473913785,0.482,,1.67574361122748,2.019271051529116,15.546381112114563,20.49999999999999,5.0,1.0,,20.4289884087528,35.1602423172995,38.4845849438285,31.283593711206887,13.849614467664,21.859491696289,17.6754880732859,,,,,5558332000.0,11.697426169155827,,1135511000.0,2139101000.0,1564447000.0,3.0984,558.6734693877551,16129851000.0,6131928000.0,3922471000.0,6433268000.0,3223384000.0,-699087000.0,9696583000.0,1.95428662123396,1.8810242341398,0.334013473553232,1.2168798380832069,2038279000.0,1169307000.0,-1282074000.0,1738846000.0,299433000.0,8.32311150176919,3.1004,3.05214287104739,2.6037683863442043,1.7003274839440028,2.342621279119043,14.46267,,,0.0960539636585147,Transportation,2026-05-15
GNDP,Grindrod Ltd Cum.Non-Red.Non-Ptg.Non-Cnv.Pref.Shs,10150.0,0.0,1.2974051896207586,1.388472680051943,2.7327935222672064,1.5,1.5,5.729166666666667,44.48398576512456,26.875,-2.394461005865949,0.1856388105354193,0.9048022618327874,,,,49.35415107784623,-50.0,-164.4735294117636,42.73460548080676,85.67335243553009,70.97352424185054,,,,,,0.0,895.0,198.33333333333331,,,,16029320379.0,91.37187242782768,32.758843273947846,0.0590683408477016,12.284701021094632,7.018067894793977,33.25532397674705,38.98196188736668,17.28084885777358,15376357379.0,2.766361811241214,13.541354842885712,9.828621473913785,0.482,,1.67574361122748,9.310344827586206,15.546381112114563,20.49999999999999,5.0,1.0,,20.4289884087528,35.1602423172995,38.4845849438285,31.283593711206887,13.849614467664,21.859491696289,17.6754880732859,,,,,5558332000.0,11.697426169155827,,1135511000.0,2139101000.0,1564447000.0,3.0984,558.6734693877551,16129851000.0,6131928000.0,3922471000.0,6433268000.0,3223384000.0,-699087000.0,9696583000.0,1.95428662123396,1.8810242341398,0.334013473553232,1.2168798380832069,2038279000.0,1169307000.0,-1282074000.0,1738846000.0,299433000.0,8.32311150176919,3.1004,3.05214287104739,2.6037683863442043,1.7003274839440028,2.342621279119043,14.46267,,,0.2797224653081635,Transportation,2026-05-15
LTE,Lighthouse Properties Plc,747.0,-0.4,-0.9283819628647216,-4.230769230769231,-12.32394366197183,-8.791208791208792,-13.038416763678695,-11.387900355871889,-10.0,-69.05941875612235,-69.05941875612235,1.075237397670438,1.581647621028905,,,,42.25151856561786,-12.0,-6.917647058822467,-74.42748091603787,17.02127659574468,18.439716312056696,,,,,,0.0,450906.0,-1.1808176307380769,,,,15842915039.0,-6.10326599737528,7.418073485600796,0.152676468740961,5.277098883884798,0.8608013865009748,14.970900224753027,15.069993165059786,12.275230207593712,27455204480.90469,9.205159331287156,16.000630533153522,16.000630533153522,0.546199,,7.28265333333333,7.282653333333333,54.240218470705074,7.42855456995062,10.0,1.0,63.8067329906588,57.529978595133,52.1438700838439,69.81591435166,34.62240668835285,6.98333969685744,11.9705189198676,7.34422237661251,,,,,2982588730.16874,36.62164910766567,1903092427.26825,1715882658.0469198,2082321593.31687,1715882660.0,1.007,49.14099526066349,32344479532.781902,,1267751215.96604,14370512689.5582,12984504829.1659,11716753613.1999,17973966843.2237,1.99512320554294,1.99512320554294,0.718231843169242,0.0976356998318801,1039479108.69179,-4108770506.45554,2307794260.84912,1032644000.0,6835112.76934712,1.43169429045079,1.007,0.49896799042512,,0.8236534197815879,0.8236534197815879,8.67796,,,0.2058112302970548,Finance,2026-05-15
OMN,Omnia Holdings Limited,9665.0,-0.9733606557377048,2.557300509337861,1.2041884816753927,12.922070335319546,25.50318140501233,22.93309590435004,34.25475760522295,92.18532511433683,2.970921501851927,713.107826493878,1.6976718189272646,2.7848750547951284,,,,59.05904301386481,17.0,142.052941176471,99.55625647447914,84.39460198049115,80.34855450501982,,,,,,-1.536885245901639,428818.0,-44.57732289204276,,,,15511455348.0,37.082601263645046,13.257887517146775,6.025423232680894,0.6899764229866373,1.5368843498104614,4.321137027846706,5.434384188626907,14.326109689213894,15278455348.0,0.6612046283810101,8.84169869675926,6.639919751412429,4.0,,4.09836065573771,6.915983606557377,0.0,6.666666666666667,5.0,1.0,21.8072445579262,7.47825334314277,7.0671225169862,5.13264378759683,12.481066343532262,6.62107466852756,12.0927861330614,11.5831624182049,,14.328991214783398,,,23107000000.0,1.775017618040874,5039000000.0,1728000000.0,1186000000.0,2301000000.0,7.29,2.238303601480985,18194000000.0,12011000000.0,1094000000.0,8379000000.0,930000000.0,-164000000.0,9763000000.0,1.60897521768252,0.803081044876088,0.0945890968266884,1.1763440860215053,3627000000.0,-576000000.0,-2963000000.0,2884000000.0,744000000.0,142.495066600888,7.5383,22.3667982239763,17.784903798717316,10.656142081894426,14.189689195855944,62.88697,,,0.896407413446383,Process industries,2026-05-15
EQU,Equites Property Fund Ltd ZAR,1778.0,-0.392156862745098,3.613053613053613,1.195219123505976,-5.676392572944297,0.9080590238365494,-2.092511013215859,16.209150326797385,-8.303249097472925,30.735294117647054,61.63636363636363,2.2715727416436526,2.1278626988783245,,,,58.52320899748478,88.0,18.92647058823536,77.16743405789231,61.03603603603603,49.92492492492493,,,,,,-1.400560224089636,1075650.0,83.31370647652192,,,,15481131886.0,16.21269659606041,9.305003140046054,0.1443757268711964,3.814666580839702,1.0499313824372107,15.588474255221106,15.77204741354703,9.501992244842846,27962767886.0,7.069965729736098,16.476124585117923,16.409092816040353,1.339229,,7.64487394957983,7.899831932773109,70.52612538115666,2.136258044047596,11.0,1.0,48.264199401843,42.9103682313865,52.5268201020998,38.846779223741,23.91540748528058,4.9646529145058,11.296112711744,6.82581080793213,,,,,3955149000.0,23.273734052938075,1908921000.0,1697169000.0,1590446000.0,1704102000.0,1.9108,65.17980636237898,31448176000.0,,1570052000.0,13515563000.0,10106751000.0,8536699000.000001,17932613000.0,1.36434032978508,1.04269982353852,0.722546833369603,0.155346856769302,957029000.0,921599000.0,-700363000.0,945890000.0,11139000.0,4.71374296898128,1.9349,1.14058628887589,,2.0226844654709586,2.0309472085443416,16.93444,,,0.8073046718972413,Finance,2026-05-15
WBC,We Buy Cars Holdings Ltd.,3507.0,-3.067993366500829,-6.229946524064171,-13.063956370847794,-15.37162162162162,-21.191011235955056,-27.37626837854628,-23.893229166666668,75.35,75.35,75.35,3.302491508540068,2.9753320578381808,,,,29.248162039474156,-296.0,-302.99411764705883,-163.19637700807712,18.75106728875008,18.68503400047422,,,,,,0.0,753291.0,-2.782595902185191,,,,15118999180.0,-10.713479412345205,15.847982285688463,0.097409910428822,0.5767399291179717,4.7971635590658455,21.78157393813756,307.1549258211753,158.1212913912464,16656589180.0,0.6248662060442187,13.225634702405957,11.799392752300855,0.6,0.3,1.65837479270315,1.658374792703151,26.77376171352075,140.0,2.0,1.0,4.72465949729086,4.72465949729086,4.59462619815714,3.50909087021208,0.18067808415205,19.6108078824633,34.9102091961981,26.3275485785986,0.0,,,,26656249000.0,13.333100626234362,1259417000.0,1259417000.0,935392000.0,1411648000.0,2.2129,169.0783073929961,5352695000.0,3345179000.0,93556000.0,2299247000.0,1631146000.0,1537590000.0,3053448000.0,2.20879999577412,0.250816452929656,0.5341980606841841,0.0573559938840545,679161000.0,-642917000.0,-149182000.0,48162000.0,630999000.0,63.1935574748942,2.241,1.6100764848125,0.1141769089531634,2.9856804149135465,3.346572093557478,7.31057,,,0.4409880099354328,Retail trade,2026-05-15
FTB,Fairvest Limited Class B,673.0,-0.7374631268436578,0.2980625931445603,-1.608187134502924,-3.1654676258992804,0.2980625931445603,-5.742296918767507,36.511156186612574,85.39944903581267,85.39944903581267,85.39944903581267,2.6887267425976598,2.414274117618276,,,,47.98464321716194,1.0,-1.3647058823529503,-41.43364637191507,30.68558892088304,32.339092962446784,,,,,,-0.1474926253687315,600482.0,-42.65421988778799,,,,14959296074.0,46.17522643602468,8.566700610997962,0.3000242582270033,6.169874334039375,1.205499081993641,14.368022302353763,38.67307504783699,215.17519811220683,19017327074.0,8.715121244741894,11.564108689928265,,0.481457,,7.10115044247788,7.10113569321534,60.99037243476057,11.216164397484883,10.0,2.0,59.4092315363087,75.3635362518887,67.4199752807722,67.1890975098838,15.7205856541407,10.1936450343718,15.4523062978557,11.8275417917225,,,,,2182107000.0,5.205031273096844,1296373000.0,1644513000.0,1466138000.0,,0.7856,28.977179445082907,15863986000.0,,61654000.0,4719198000.0,3979802000.0,3918148000.0,11144788000.0,0.221410073269763,0.221410073269763,0.361638923734462,0.0154917254677494,923329000.0,-1157965000.0,239197000.0,343040000.0,580289000.0,1.10697455208609,0.7894,0.46840127739066,,0.834255167860586,,5.58275,,,0.3214824721217355,Finance,2026-05-15
FTA,Fairvest Limited Class A,1810.0,0.0,0.1106194690265486,2.724177071509648,-4.13135593220339,-0.4947773501924134,0.6114508060033352,7.738095238095238,86.5979381443299,54.173764906303234,110.46511627906976,0.603301081388731,0.9255773533221406,,,,49.70020009475247,0.0,-4.685294117647118,43.30708661417938,100.0,95.9848484848485,,,,,,0.0,10124.0,1734.0579710144923,1810.0,0.0,544.0,14959296074.0,46.17522643602468,23.039714867617107,0.8009497159157464,16.471198443379453,3.2421297747525863,38.64208078344772,104.00931030696128,578.7029845216855,19017327074.0,8.715121244741894,11.564108689928265,,1.425724,,7.87692817679558,7.876906077348066,60.99037243476057,3.0568114873485217,10.0,8.0,59.4092315363087,75.3635362518887,67.4199752807722,67.1890975098838,15.7205856541407,10.1936450343718,15.4523062978557,11.8275417917225,,,,,2182107000.0,5.205031273096844,1296373000.0,1644513000.0,1466138000.0,,0.7856,28.977179445082907,15863986000.0,,61654000.0,4719198000.0,3979802000.0,3918148000.0,11144788000.0,0.221410073269763,0.221410073269763,0.361638923734462,0.0154917254677494,923329000.0,-1157965000.0,239197000.0,343040000.0,580289000.0,1.10697455208609,0.7894,0.46840127739066,,0.834255167860586,,5.58275,,,0.792150480423148,Finance,2026-05-15
MSP,MAS P.L.C.,2052.0,-1.0607521697203472,-1.2512030798845044,2.857142857142857,-4.558139534883721,-6.301369863013699,-7.233273056057866,5.5012853470437015,22.142857142857142,-5.655172413793103,79.84224364592463,3.2860785531727106,3.229836856027116,,,,51.58804466546437,42.0,78.13529411764716,57.05789424774777,51.93370165745853,63.801011131834194,,,,,,2.1697203471552555,6702055.0,2338.254672191683,,,,14714901985.0,7.493268759680111,11.274725274725276,,6.008719036466124,0.5829987672360375,4.401401681649373,4.401401686067607,6.590747750155298,20993389835.83405,10.124045305757187,17.565753449505895,17.54235863293178,0.0,,0.0,,0.0,,0.0,0.0,69.4273363249733,57.6351328695521,77.8737790726475,59.0125669497762,134.08346801052866,3.58091686305452,5.32751537670056,3.86427558600883,,,,,2073616741.31346,3.9556119719082266,1439656869.08265,1195131764.06129,1216183869.33897,1196725610.0,1.82,-53.13264491540699,32979843373.480698,,1856778249.74437,9759625968.60249,8135266100.578421,6278487850.83405,23220217404.8782,1.99811196733003,1.57575206634686,0.350352710257972,0.2282381703054989,2780377242.79101,363722317.699416,-3752608661.83553,2780377240.0,0.0,3.47705144754508,1.8253,4.6621511700587,,2.0040032149253,2.0066757909801014,35.19733,,,10.659104839753711,Finance,2026-05-15
JSE,JSE Limited,15523.0,-1.6909436352121596,-3.3737939620292563,-4.001236858379715,1.7834896072388695,10.10000709270161,7.055172413793104,18.225437928408223,31.53970002542157,-4.766871165644171,497.0384615384616,1.8373959036633325,2.1680508967377103,,,,42.74776663178133,-232.0,-307.3588235294028,-53.25313778802965,36.32716049382716,36.13168724279834,,,,,,-0.8233058898036731,56214.0,-12.535980457749218,,,,13635531603.0,22.35839333757696,12.035292567007032,0.7368425267702172,1.68751167358321,2.482993501956579,10.276570849462836,10.569006933316096,4.0610210671085705,10649079603.0,1.361758864601593,8.42923940554874,7.420635611816345,10.61,,6.71944268524382,6.086130462317922,80.36965496345113,28.14009661835749,20.0,3.0,43.1938013005474,16.1551807830394,17.9051346198996,13.6910665501122,15.58195223278703,1.73779953313561,21.9704550656982,21.2176842242108,,,,,7820092000.0,2.9012684471710184,3377795000.0,1263350000.0,1070654000.0,1435063000.0,12.8979,16.736810665508155,67543863000.0,,3171266000.0,62480302000.0,184814000.0,-2986452000.0,5063561000.0,1.04220915639706,1.04220915639706,0.0364988197041568,17.159230361336263,1253198000.0,-73661000.0,-790552000.0,1218523000.0,139265000.0,94.2583007085699,13.2015,15.1052332800405,,15.22759888249036,17.29731565686727,62.51728,,,0.427214540524355,Finance,2026-05-15
SSU,Southern Sun Limited,1017.0,-0.7804878048780488,-4.953271028037383,-2.586206896551724,-4.056603773584905,11.2691466083151,-2.4928092042186,21.650717703349283,350.0,276.6666666666667,276.6666666666667,3.6150749862311375,3.0012318697318507,,,,47.760744032551386,11.0,0.5823529411766231,56.0606060606044,28.9405684754522,31.09388458225668,,,,,,2.6341463414634148,306324.0,-10.879785872221577,,,,13482318481.0,18.578265331120267,13.365751084242344,1.500659455337725,2.046770289069296,1.4951946472913749,8.902069190600523,15.052947019867547,21.14413953488372,15395318481.0,2.2757307436807097,9.900526354340837,7.613906271513353,0.25,,2.4390243902439,2.4390243902439024,0.0,100.0,2.0,1.0,22.9859571322986,22.9859571322986,19.7487065779749,15.0923872875092,13.392461197339244,7.41790177274048,11.5523874179679,9.11525756628872,,,,,6765000000.0,8.709625582516471,1555000000.0,1555000000.0,1021000000.0,2022000000.0,0.7609,9.042705646317003,13958000000.0,1379000000.0,645000000.0,4777000000.0,2505000000.0,1860000000.0,9181000000.0,0.696816574027286,0.653865588681152,0.27443032427695,0.2574850299401197,1532000000.0,-703000000.0,-694000000.0,906000000.0,658000000.0,5.04474272930649,0.7609,1.14243102162565,0.6756152125279642,1.1595824011931395,1.5078299776286352,6.80179,,,0.2907543654111612,Consumer services,2026-05-15
HCI,Hosken Consolidated Investments Limited,16349.0,-1.065052950075643,-3.5115675165250235,-3.1399964452870432,0.7083897991868917,26.7266103402837,5.463811121145659,25.471987720644663,168.01639344262296,36.35529608006672,7264.414414414415,3.0721027537397365,3.128013771516204,,,,43.27439065687111,-497.0,56.982352941115096,-137.29406025716523,14.528823654541588,26.668084804651496,,,,,,0.8956127080181543,47643.0,165.67222439078793,,,,13137160671.0,24.683062734330008,2.1919780761970142,0.0037913182739554,0.5677468135219229,0.5444394315211815,3.875366186259485,6.468693835977242,4.004614856059138,38451945671.0,1.6107057068709187,9.33214258573912,7.361843318225565,1.7,0.6,1.089258698941,1.0892586989409985,2.3668016620207224,70.0,3.0,2.0,17.2597631473432,17.2597631473432,27.1785357453014,25.6635981168808,8.619926701309259,10.4452763454182,28.541444431597,18.3406695788126,,,,,23872732000.0,1.5730706526861045,4120377000.000001,4120377000.000001,6126602000.0,5223141000.0,74.5856,588.6816494616905,64094329000.0,8236246999.999999,3324004000.0,25413116000.0,14078412000.0,10754408000.0,38681213000.0,1.48585360415132,1.32356685094355,0.583661859812819,0.2361064585977452,3434864000.0,240436000.0,-2264595000.0,2057812000.0,1507009000.0,293.204765413903,76.052,42.1869810857283,25.274035863424217,50.606448047162864,64.1505895357406,300.29052,,,0.9125106060228804,Consumer services,2026-05-15
ISO,"ASP Isotopes, Inc.",9701.0,-4.79882237487733,11.544210647349662,16.054551979901902,13.197199533255542,-30.707142857142856,5.445652173913044,-55.5,-55.5,-55.5,-55.5,8.174440167230504,7.669761154641923,,,,57.05375597406508,1026.0,1337.4735294117636,123.7216330715894,81.82450285078572,84.7999697308714,,,,,,-1.8645731108930328,3483.0,-85.01032880013771,,,,12715621608.62355,38.88035188063229,,-0.0124665005654408,24.2973733472441,3.184065994179558,,,1.634841900208051,11738938275.290216,29.53315847697652,,,0.0,0.0,0.0,,0.0,,0.0,0.0,7.79875885781373,-239.804603966623,-669.046920206298,-734.169147553357,-198.89303534739403,-57.1288441120109,-138.934618443905,-71.3937424529702,51.81768627615414,195.7856765482829,,,397483333.3333334,404.500076331101,30998766.666666668,-953183333.3333334,-2918200000.0,-916116166.6666667,-35.59666666666667,-191.46710253217108,8548033333.333333,6635616666.666667,5555133333.333334,4166400000.000001,3599333333.333333,-1955800000.0,4381633333.333334,12.17693295816,11.9171458282359,1.05784443867529,1.543378403408039,-629666666.6666667,-1499916666.6666667,5846683333.333334,-790566666.6666667,160900000.0,4.245855215766934,-35.59666666666667,-6.726001511664,-8.4447103150945,-10.181756285166118,-9.785810569390945,30.467333333333336,38.44751949335516,59.33907125065392,0.0570308585575761,Health technology,2026-05-15
SPP,Spar Group Limited,6130.0,-0.6643979906011992,-5.750307503075031,-2.41961158866603,-32.31754444076405,-42.87045666356011,-35.80479631375013,-47.64710906140576,-67.67559586585108,-71.36718202625065,177.75260534662436,3.64984971341892,3.4287517576906232,,,,40.5215304824057,-324.0,-173.56764705888236,-107.1925754060434,19.91357069143447,17.87120466148488,,,,,,0.0,406408.0,-17.36786030888847,,,,11881356557.0,-44.81975963028521,,,0.0897384704436967,2.222284254445384,2.754483311743158,3.495319030584752,4.288832386035021,25438956557.0,0.1906849615578641,7.843299178948017,5.18569727597032,0.0,0.0,0.0,,0.0,,0.0,0.0,10.8188171200742,2.4311830673204,0.962159026087582,0.614504494847771,2.5317015508030614,1.55444589919614,10.4526329210761,3.54203301807309,0.0,8.516411647551166,,,133408299999.99998,-14.197500691393923,14433200000.0,3243400000.0,-4828100000.0,4905600000.0,-25.07,-1472.0446584938709,46221400000.0,24985600000.0,2752600000.0,40909100000.0,16310200000.0,13557600000.0,5312300000.0,0.989168303034142,0.804954234496738,3.0702708807861003,0.1687655577491385,4285900000.0,-901500000.0,-1285400000.0,3377500000.0,908400000.0,692.725453022309,-25.07,22.2546274790123,17.53774103697332,16.841423916896893,25.472432992146945,27.58423,,,0.7017108873377347,Distribution services,2026-05-15
ATT,Attacq Limited,1649.0,-0.960960960960961,0.4263093788063337,-4.7921478060046185,-8.43975569128262,2.6774595267745958,2.295285359801489,18.718502519798417,143.93491124260356,-16.50632911392405,-3.0,2.312012065701934,2.224964340458186,,,,43.52038998154332,-15.0,-38.94705882352946,-52.872409966402486,35.955363411299565,35.01067825101601,,,,,,-1.4414414414414414,260078.0,17.269521774026277,,,,11651183769.0,15.238764819578565,8.18321671381073,1.8490845621033396,3.9929856318465022,0.8535638490605104,10.76053910019205,10.79227502143436,10.91649487154568,20993803769.0,7.001064065303858,14.75882153919483,14.71253644635032,0.87,,5.46546546546547,5.465465465465466,44.49877750611248,26.08695652173914,4.0,3.0,60.1123702294926,47.5235430237316,59.6721401132973,47.7231989365913,36.37532643758426,5.8470350063323,10.891782916614,6.81668389308495,,,,,2998659000.0,7.97632100592515,1802565000.0,1425069000.0,1431056000.0,1426933000.0,2.0151,4.501374267489498,25150183000.0,,1078360000.0,9574493000.0,8364163000.0,7285803000.0,15575690000.0,1.48401988596213,1.4548625519112,0.618702683278406,0.1289262296777334,1093989000.0,-487243000.0,-757438000.0,1090772000.0,7136000.0,4.20049770926234,2.045,1.53245110179523,,1.9925678680109624,1.9988364124666504,19.319,,,0.3188720415556926,Finance,2026-05-15
SUI,Sun International Limited,4697.0,-1.941544885177453,-3.154639175257732,1.578719723183391,7.977011494252873,19.21319796954315,21.589438260419364,13.756357471542746,148.5185185185185,-26.12825081380678,111.8586014107293,3.4727617289746457,3.254112360574839,,,,50.37033834327836,-21.0,149.68529411765394,30.6855416518343,59.58005249343831,70.30621172353455,,,,,,2.2964509394572024,106360.0,-68.65818980124058,,,,11452096904.0,14.327915506583054,7.093665992086266,0.2217082230492079,1.0969559449271065,3.5142192328123483,4.233635711579342,7.888615496052998,33.66748399208333,17226096904.0,1.6260238723805929,6.846620391096979,5.183899158591634,4.24,,8.53862212943633,8.851774530271399,63.96234669402163,6.532663316582921,4.0,3.0,52.0955257693034,23.749292052105,22.3145176515009,15.121767037946,13.535963753067772,11.8015396515525,52.9586776859504,22.1822209914151,,28.346233717198416,,,10594000000.0,2.5854556018204704,5519000000.0,2516000000.0,1602000000.0,3323000000.0,6.6214,32.86912549664889,13642000000.0,1444000000.0,336000000.0,9976000000.0,5663000000.0,5327000000.0,3666000000.0,0.460606060606061,0.4207336523126,1.75924200062131,0.0593325092707045,2672000000.0,-1004000000.0,-1719000000.0,1434000000.0,1267000000.0,43.9876326076193,6.6289,11.0944831345629,5.954150005599974,10.44675133479047,13.797517760536062,13.3657,,,0.2601612334323324,Consumer services,2026-05-15
RLO,Reunert Limited,6290.0,-11.408450704225352,-11.082838563754594,-8.201984821949795,-0.5219041594179978,5.714285714285714,0.7528431843664904,1.9614200032420168,28.001628001628003,-12.322274881516588,216.08040201005025,3.577223058771924,2.3195816495637747,,,,32.45810322381898,-684.0,132.70588235296418,-304.3610366398556,46.14456080741245,51.68316487403126,,,,,,-5.633802816901409,1051590.0,235.04318708242664,,,,11156405853.0,10.441252646798082,11.275836724450103,,0.8525093702758915,1.2286963297531843,8.226922853696093,10.006785971082268,5.933328055829851,10843405853.0,0.7811689253656077,7.157363599339934,5.755523276539278,3.83,2.93,5.3943661971831,5.394366197183099,64.93616588392872,4.644808743169397,39.0,5.0,10.9141992651826,10.9141992651826,10.3955046466393,7.3986024061667,7.492255601181472,7.81404549950544,12.8358955130609,10.9951287404315,,,,,13881000000.0,-3.911117264294615,1515000000.0,1515000000.0,926000000.0,1884000000.0,5.5783,-8.552459016393444,12759000000.0,7722000000.0,1754000000.0,4551000000.0,1277000000.0,-477000000.0,8208000000.0,2.6265306122449,2.00272108843537,0.1587518647439089,1.3735317149569304,1265000000.0,-231000000.0,-1143000000.0,1040000000.0,225000000.0,83.8964238985826,5.8981,7.64562900595829,6.285734518732506,9.156622880653604,11.386849839703888,51.19247,,,4.325369959205566,Consumer durables,2026-05-15
WBO,Wilson Bayly Holmes-Ovcon Limited,16810.0,-1.129278908363722,-5.90013434841021,5.2730460921843685,-6.089385474860335,11.612774716154306,1.0216346153846154,-12.067793063765237,55.82128290693363,43.67521367521368,1548.0392156862745,2.549511528810218,3.1992089646134287,,,,51.29667093986071,-364.0,750.1294117647485,8.933322690506554,58.49398441207862,63.54257861558006,,,,,,-1.3174920597576756,591628.0,425.2705690161853,,,,10936507719.0,-12.043301478827557,7.152643627296633,0.4186471863124094,0.3181417989620861,1.5648179039743582,5.297987736024878,6.183421703430476,1.925770503402493,6990621719.0,0.2509383764876648,5.149697542214188,4.0332309358802165,6.2,3.0,3.64662980825785,3.646629808257852,26.22961916285209,34.782608695652186,2.0,1.0,9.29790814978948,4.87287601709848,5.82878722971512,4.30545393873958,5.049813119585876,8.0142571604275,23.1770921648884,21.6394615041267,,4.425032132691017,,,27857922000.0,-3.555337971492833,2590204000.0,1357482000.0,1230105000.0,1733256000.0,23.5018,17.407442562183714,15275883000.0,10853970000.0,4516982000.0,9508978000.0,385550000.0,-4131432000.0,5766905000.0,1.19006722023475,1.14479892917776,0.0690781582048386,11.71568408766697,1641882000.0,11241000.0,-946322000.0,1406773000.0,235109000.0,538.348541944461,23.6374,31.7290277697258,27.18559530021064,26.233056988810944,33.49481129340832,107.42464,,,2.9594066260359435,Industrial services,2026-05-15
AFE,AECI Ltd,11288.0,-1.268258549811948,-1.4922768129854262,4.017692591227424,16.949854952341482,28.272727272727277,28.63817663817664,14.02020202020202,9.49655640702299,29.74712643678161,351.52,3.107326282711404,2.687287803737741,,,,51.550597880633525,238.0,77.98529411766503,52.56208378441456,68.47545219638242,70.91177556293837,,,,,,-1.172045832240007,100342.0,-30.88299110740682,,,,10907062287.0,7.254034181024573,36.49531199482703,,0.4318454310625353,1.04106699406293,5.517042123262844,8.336338434722132,2.868304275076008,10755062287.0,0.3341845784109623,4.606022392719486,3.202817834127457,2.28,1.28,1.99422723694568,1.9942272369456835,72.89235589373061,4.109589041095884,46.0,1.0,7.25538327688531,7.25538327688531,3.67585371158686,1.08442345337601,5.077214678557002,1.35158685591464,2.98878136507665,2.18527910835603,,,,,32183000000.0,-4.2115602119173765,2335000000.0,2335000000.0,334000000.0,3358000000.0,3.093,,24402000000.0,16605000000.0,4749000000.0,12801000000.0,4437000000.0,-312000000.0,11601000000.0,1.96508875739645,1.40023668639053,0.387612474884249,1.070317782285328,2469000000.0,1239000000.0,-2035000000.0,1634000000.0,835000000.0,266.695775340624,3.1279,20.460238924774,13.54071705268556,19.349800684223244,27.82725083409921,108.42722,,,0.3077340168732038,Process industries,2026-05-15
PPC,PPC Limited,662.0,-1.7804154302670625,-1.9259259259259256,8.346972176759412,5.079365079365079,18.4257602862254,18.003565062388592,34.008097165991906,87.00564971751412,-33.48064322891629,-2.438276735743905,2.507243069050761,3.117130607324144,,,,59.48804728481944,54.0,48.94705882352855,64.37768240343375,71.84466019417475,72.92340884573895,,,,,,-0.4451038575667655,616150.0,-43.82411747383124,,,,10343641189.0,29.31034854808615,18.914285714285715,0.0473765158600183,0.9818541580603878,1.7169341055214211,7.466572899234303,10.907543855033556,12.009044589162562,10114641189.0,0.992994422638916,8.659795538527398,5.799679580848624,0.176,,2.61127596439169,2.6112759643916914,0.0,28.467153284671515,2.0,1.0,20.4987237384646,11.4667190261143,8.32515216964461,5.06577655605733,8.776752405262124,5.83710407239819,9.32417780990242,8.41212911640039,,9.032004712350284,,,10186000000.0,13.771920026806658,2088000000.0,1168000000.0,516000000.0,1744000000.0,0.35,409.4614264919942,9044000000.0,3156000000.0,812000000.0,3448000000.0,660000000.0,-152000000.0,5596000000.0,1.7369290038525,1.15905338470006,0.1163405605499739,1.2303030303030302,1306000000.0,-413000000.0,-390000000.0,894000000.0,414000000.0,6.91507945701922,0.351,0.886618277132054,0.6069194025697212,0.7929327317689423,1.183968051545407,3.85571,,,0.2096068912309478,Non-energy minerals,2026-05-15
SDO,Stadio Holdings Pty Ltd.,1181.0,0.0,1.8981880931837791,-1.5833333333333333,-4.681194511702986,4.052863436123348,-10.190114068441064,56.63129973474801,280.96774193548384,184.62655916940903,184.62655916940903,1.597546997237455,2.759031461286611,,,,50.34150159076813,-4.0,-1.0529411764721317,-29.731275014297548,34.07407407407408,33.70370370370372,,,,,,0.0,83584.0,103.81867394962082,,,,10017576963.0,51.31056035294885,31.09531332280147,1.281518561367907,5.583166166580185,4.812492104823495,23.68617037073145,63.593049461722174,65.41714613872213,10182908963.0,5.531192589124262,22.18469685145728,18.833452866934724,0.184,0.184,1.5580016934801,1.5580016934801015,47.70547057298419,21.85430463576159,5.0,4.0,24.9324686569288,24.9324686569288,25.9305691426982,17.7914466998045,8.71538628254147,12.9361288020416,16.24502944207,15.5266776185507,,,,,1840997000.0,14.229507993286449,459006000.0,459006000.0,327540000.0,540682000.0,0.3798,24.442988204456093,2674638000.0,401290000.0,155976000.0,529484000.00000006,251737000.0,95761000.0,2145154000.0,1.15510050171701,1.15510050171701,0.121284959454765,0.6195990259675773,430779000.0,-282807000.0,-124190000.0,160450000.0,302928000.0,2.13085356705549,0.3857,0.498603185536206,0.1857121194842001,0.531274397731161,0.6258099107943679,2.45403,,,0.2132569135511419,Commercial services,2026-05-15
ITE,Italtile Limited,823.0,0.3658536585365854,-4.3023255813953485,-6.900452488687783,-17.94616151545364,-12.35356762513312,-9.56043956043956,-23.22761194029851,-50.121212121212125,-33.25320993504705,480.0365678169241,3.782300116207365,2.7288424521285,,,,35.05957042594916,-76.0,-39.39705882355304,-167.56594724220835,28.571428571428573,20.46356421356421,,,,,,-3.414634146341464,48543.0,-57.967061512884456,,,,9976564001.0,-10.91658512438824,7.123074259996539,,1.124233237303779,1.3384812547570568,4.309409448818897,5.070154400411735,6.629414535666218,9670564001.0,1.0995524731097217,5.1112917552854125,4.009354892620232,0.5,0.24,5.60975609756098,5.609756097560976,39.69281214945207,2.040816326530614,28.0,1.0,40.2046617396248,21.5122228538943,22.1375781694144,15.6793632745878,22.092097782831157,13.8051857042747,18.2552290177389,17.38746690203,,23.66117111995452,,,8795000000.0,-2.7961980548187446,3536000000.0,1892000000.0,1379000000.0,2412000000.0,1.1554,-7.759859492256103,9836000000.0,3633000000.0,1486000000.0,2251000000.0,924000000.0,-562000000.0,7585000000.0,2.42523364485981,1.66021361815754,0.126074498567335,1.6082251082251082,2286000000.0,-426000000.0,-1964000000.0,1943000000.0,349000000.0,7.34753550543024,1.1589,1.90977443609023,1.6232247284878865,1.5806182121971597,2.0150375939849625,6.14876,,,0.0670312421679165,Retail trade,2026-05-15
SAC,SA Corporate Real Estate Ltd.,341.0,-1.1594202898550725,0.5899705014749262,-7.588075880758808,-12.564102564102564,4.923076923076923,-6.0606060606060606,17.18213058419244,60.84905660377358,-31.38832997987928,89.44444444444444,2.85974548040443,2.917488032759795,,,,47.65798057967447,11.0,-3.635294117647732,-13.605442176873373,57.65432098765433,49.337932703945775,,,,,,1.1594202898550725,607413.0,-14.79951523448568,,,,9480461996.0,17.661743639058596,15.794349235757297,,3.2286898379506344,0.8074617994795305,13.772467888930503,,27.18760905642048,18132411996.0,6.204532776995708,14.84419920836011,14.590108687885625,0.265587,,7.69817391304348,7.698144927536231,121.49451052150046,8.984254779579235,28.0,2.0,46.5772164823576,41.7976927546309,14.5956161379885,19.2993129727632,,2.67143245128363,4.96561035825412,3.11706467622373,,,,,2922446000.0,-1.7085042465401428,1361194000.0,1221515000.0,564012000.0,1242788000.0,0.2159,-15.926791277258554,21463542000.0,,340528000.0,9908218000.0,8992478000.0,8651950000.0,11555324000.0,0.455630308561779,0.455098746309834,0.77821080568576,0.0378680937556922,672221000.0,-101999000.0,-921668000.0,,0.0,1.07640828070959,0.2186,0.247595422076878,,0.4499138259564011,0.4577491917272434,4.22311,,,0.3610495439246541,Finance,2026-05-15
RBX,Raubex Group Limited,5069.0,-2.519230769230769,-3.7592557433073854,-1.342934994161152,-2.8182515337423317,23.36334874665369,13.45120859444942,19.58008964378391,76.86671318911375,163.32467532467533,181.61111111111111,3.005094037116089,2.355004204980605,,,,45.57492120980275,-59.0,92.17352941176524,-87.41905642923302,32.13572854291418,46.04125083166997,,,,,,0.0,52381.0,-90.71061218699012,,,,9403913879.0,16.318652752856092,8.484960077668603,13.309418567588915,0.4402119998300503,1.2529036270188212,8.050516780463674,678.432238305096,5.009644040274516,10953633879.0,0.4968058668683588,6.523713053639292,4.344278689993984,2.02,1.21,3.55769230769231,3.884615384615385,33.103357860408714,2.020202020202022,19.0,6.0,12.9799565196429,7.61538502358274,7.46159411254939,4.98694287589276,0.0627899425606277,7.01101119381358,15.8250578852586,13.0429684379184,,5.364571496060186,,,22048117000.0,4.607601641488005,2861836000.0,1679049000.0,1099527000.0,2521393000.0,5.9741,0.658803706823932,16458728000.0,7704033000.0,1874827000.0,8586293000.0,2849779000.0,974952000.0,7872435000.0,1.27567238277161,0.970120350497103,0.390505486205386,0.6578850500337043,1166660000.0,-1313011000.0,-86754000.0,13844000.0,1167166000.0,118.994182180762,6.1021,6.29649019836966,0.074716378641789,9.06186512872849,13.608014597858736,40.45802,,,0.1412768344667899,Industrial services,2026-05-15
AFH,Alexander Forbes Group Holdings Limited,814.0,-0.2450980392156862,5.714285714285714,11.659807956104252,-0.7317073170731707,-5.238649592549476,4.492939666238768,-5.677867902665121,110.88082901554404,11.506849315068491,0.4938271604938271,4.625209169620962,4.789226242314375,,,,70.43990498665414,61.0,56.076470588235225,159.2396109637509,97.93359933008225,97.4315494460696,,,,,,0.0,102568.0,-8.30353311400372,,,,9396308555.0,-6.862470109164549,10.863472574402778,0.2706786874206784,1.7409274651236717,2.7885402642604373,3.645078125,3.964673619157976,3.84295769374766,7678308555.0,1.2896050646624118,9.173606397849465,9.012099242957747,0.55,,6.98529411764706,6.985294117647058,75.46670197272607,10.000000000000009,11.0,4.0,77.4269398723547,14.0577762848505,16.9129996640914,11.6728249916023,43.48337252267383,0.139139974814664,18.8781746570691,16.1252900232019,,,,,5954000000.0,10.300111152278625,4610000000.0,837000000.0,949000000.0,852000000.0,0.7493,40.52888222055513,543564000000.0,,2671000000.0,539792000000.0,897000000.0,-1774000000.0,3772000000.0,3.24899598393574,3.24899598393574,0.241388589881593,2.9777034559643254,2816000000.0,-92000000.0,-1020000000.0,2589000000.0,232000000.0,4.72164948453608,0.7553,2.23314829500397,,0.6637589214908802,0.675654242664552,2.91909,,,0.9726095593917872,Finance,2026-05-15
SAP,Sappi Limited,1454.0,-6.072351421188631,2.0350877192982457,-19.53514111787493,-15.710144927536232,-36.78260869565217,-40.77393075356415,-55.73820395738204,-67.5735950044603,-78.96412037037037,-80.45399429482475,5.441940169682015,5.733814436974946,,,,39.6188754990309,-150.0,-139.87941176470758,-98.99255365746684,37.50646613197193,37.0353666369177,,,,,,-0.2583979328165375,2241276.0,121.98873850450906,,,,9354082619.0,-54.3277257007437,,,0.1023229491958675,0.2732378554323688,3.123078424454014,,2.6854157538581376,42972852619.0,0.4645402226622247,8.034888896062947,3.866476409336182,0.0,0.0,0.0,,0.0,-100.0,0.0,0.0,6.26687162235435,5.78153884182292,-11.7902177208973,-12.3394120004395,-2.8785836451119944,-11.1688999503179,-29.4333481565988,-16.6421767745242,,0.4853327805315318,,,92506204032.7266,-8.487797856797432,5797245049.44416,5348282117.24805,-11414721641.5653,11114215650.0,-18.8339,-450.1701217811657,95926470000.0,29579040000.0,3286560000.0,63625747500.0,36905330000.0,33618770000.0,32300722500.0,1.35211267605634,0.696400625978091,1.14255431902491,0.0890538033395176,2825987311.39547,-5548197858.561021,3047333187.00031,-2662868460.0,5614751969.886169,152.399018175826,-18.8339,4.65566278648347,-4.386933212520593,8.811008434925865,18.310075205930808,53.21371,60.79955518945635,5.414431630971993,0.6773525492005353,Process industries,2026-05-15
ARL,Astral Foods Limited,23657.0,-1.078820823750784,-2.045463955943853,-9.133858267716535,-14.979335130278526,3.872667398463227,-10.859489807453182,32.86717214265656,62.15641921996024,83.40181409411582,1416.474358974359,1.7974925230506458,2.525084836072719,,,,32.71841993442705,-815.0,-1000.2735294118212,-107.27724680767813,19.60376835688557,17.416759198704522,,,,,,0.129625757892536,274980.0,-48.91183585200819,,,,9220877844.0,41.25014299453306,10.48263455011122,0.6769013102083775,0.4136057905598903,1.6958060680854272,5.465887858904809,6.782822386238374,8.829037579944837,8502223844.0,0.3758860397646189,7.252056353357421,5.656538241835592,11.0,8.8,4.59962366715451,4.599623667154505,48.34761052923053,111.53846153846156,2.0,1.0,17.4970565873974,5.18316490453909,5.35566915348245,3.874543843441,5.987991681209283,9.51376082252727,17.3079961417931,16.7597477974348,,12.313891682858328,,,22619153000.0,10.446242477643198,3957686000.0,1172388000.0,876389000.0,1503079000.0,22.5678,15.770304099807102,9325822000.0,5650394000.0,1040530000.0,3951199000.0,321876000.0,-718654000.0,5374623000.0,2.09126843426362,1.1933603711169,0.0598881075007494,3.2327045197529483,1680766000.0,-258782000.0,-414893000.0,1354433000.0,328245000.0,582.462589540238,22.7519,43.2811660441569,34.877811407825654,30.189996523119195,38.70557339718035,139.50298,,,1.990000065132012,Process industries,2026-05-15
CCD,Cell C Holdings Ltd.,2545.0,-3.962264150943396,-2.862595419847328,-1.1266511266511263,-15.166666666666666,-5.7407407407407405,-10.701754385964913,-5.7407407407407405,-5.7407407407407405,-5.7407407407407405,-5.7407407407407405,3.751698222125905,4.123738116233788,,,,43.3047809866702,-55.0,9.35588235294108,-62.23907655972344,50.04468275245754,51.98093535895144,,,,,,-3.735849056603774,11950.0,-75.7714610113134,,,,9010000000.0,,,,,3.472980349344978,,,48.17848254205108,11388026000.0,,,,,0.0,0.0,,,,0.0,0.0,,,,,,,,,,,,,,,,,,,,,9938784000.0,3218679000.0,179603000.0,7447264000.0,2557629000.0,2378026000.0,2491520000.0,0.579485569298281,0.541581020936116,1.02653360197791,0.0702224599423919,,,,,,,,,,,,7.328,,,0.2944060388960882,Miscellaneous,2026-05-15
SSS,Stor-Age Property REIT Ltd.,1743.0,-0.0573394495412844,0.1724137931034483,-2.57126886528787,-3.488372093023256,-2.4076147816349383,-1.9133370849746765,14.746543778801843,29.5910780669145,80.62176165803109,76.23862487360971,1.9224696284702527,2.9670784520262243,,,,49.93397796887265,11.0,2.6441176470586925,-13.92091553506032,44.1451406510942,37.37551997343581,,,,,,0.0573394495412844,139200.0,-30.40139197216056,,,,8914881948.0,20.11702000183501,7.967271563742743,,5.938348845593247,0.9807689386031893,14.403546347562065,14.504230593990552,24.286689516117463,13374272948.0,9.305363275387627,15.809692900559606,15.645169267122888,1.1072,,6.49655963302752,6.496559633027522,51.185904675852726,-6.304476601506305,10.0,0.0,74.4935693835166,58.8585960139571,71.4824336500228,74.1862495781919,40.619788278431606,7.85009349039317,12.8291996454879,8.32284833022472,,,,,1437265000.0,7.52450463310007,1070670000.0,845954000.0,1066253000.0,854850000.0,2.1877,-12.968930262163347,14005868000.0,,348659000.0,5335616000.0,4725854000.0,4377195000.0,8670252000.0,0.648726879756296,0.638266219271101,0.5502821593152161,0.0737769300532771,587895000.0,-139345000.0,-357324000.0,583814000.0,5362000.0,2.95845546462035,2.2135,1.21011864574242,,1.7413053501737283,1.759616809656331,17.77177,,,0.2687689859126049,Finance,2026-05-15
CLI,Clientele Limited,1912.0,0.1047120418848167,0.1047120418848167,15.949060036385688,31.77119228118539,42.79312920089619,45.2887537993921,69.80461811722913,105.59139784946235,29.89130434782609,139.0,1.6357774760545585,2.6403788970568884,,,,67.23118506467213,52.0,205.72058823529412,64.8254467073589,89.01623686723973,88.95256287806428,,,,,,-0.2617801047120419,19675.0,-65.6978974162279,,,,8657498931.0,39.22863256840813,10.486480557231394,,1.7278636728662822,1.2118192944194834,,,,9466478931.0,1.8721691066985493,,,1.32,,6.91099476439791,6.9109947643979055,0.0,5.600000000000005,28.0,1.0,,26.6390094341395,24.1701099769541,16.3610322949642,-8.10173515942001,4.08450663892851,13.2286881502546,13.20401970349,,,,,5056423000.0,53.83580740005159,,1346981000.0,827283000.0,,1.8233,-10.710088148873648,22440412000.0,9375544000.0,,15283447000.0,803711000.0,345186000.0,7156965000.0,7.63319788415961,,0.1123804759038969,,-376095000.0,356329000.0,-10391000.0,-409658000.0,42123000.0,11.1354598168176,1.8252,-0.828251663242183,-0.9021654631422008,,,15.77793,,,0.143789884792694,Miscellaneous,2026-05-15
THA,Tharisa Plc,2804.0,-1.267605633802817,0.8996041741633681,7.846153846153846,-1.4411247803163445,24.56685917370058,3.851851851851852,100.14275517487508,-4.625850340136054,276.3758389261745,-6.533333333333333,3.5340185186756505,4.220933996036663,,,,59.5930173416226,244.0,135.53529411764703,133.5590502071549,79.46519449484445,79.33864131423542,,,,,,0.9859154929577464,17899.0,-59.1458961015247,,,,8488224093.000001,92.20287144034458,6.0060831941053,,0.8017115626114719,0.6038936061795287,5.105982556282678,,2.8600324377152027,8280728275.500001,0.7600674433531087,7.705065926069007,3.680659108733443,0.524493,0.256188,1.84680633802817,1.8468063380281687,10.922386505622658,-36.06270205431025,9.0,0.0,20.3060643886252,9.8645157902603,19.400376559262,13.0623639651019,-3.3338016370452173,6.7488568201802,10.9027621576122,10.3444752417757,,10.35437381860683,,,10894728287.4909,-18.60051065159286,2212290541.02366,1074712192.22549,1423109061.92097,2249794950.0,4.6686,-6.5438895005505,21359888937.5,6458145577.5,2993222487.5,6732494832.5,1817481865.0,-1175740622.5,14627394105.0,2.02942228872552,1.6507221390931,0.133059667559238,1.6469063846752603,1676604515.0340402,-2193082480.20822,-313903071.551229,-363208630.0,2169103274.41051,35.6848975824695,4.802,5.49159729609692,-1.1896636997822774,3.52014234947147,7.369041269664995,46.43202,,,0.5798862193193893,Non-energy minerals,2026-05-15
BAT,Brait PLC,211.0,-2.314814814814815,-6.6371681415929205,-0.4716981132075472,-8.26086956521739,1.4423076923076923,-2.314814814814815,1.932367149758454,8.400881296082447,-97.26409930753708,-49.39462989522426,3.129515610253251,3.751660752192657,,,,41.643631430297546,-9.0,-1.0088235294116998,-91.7570911859921,21.7948717948718,21.794871794871806,,,,,,-2.314814814814815,84060.0,-89.99264269948641,,,,8343400584.999999,1.395347449831312,,,10.163825766823338,0.6582888234413218,,,8150.93,11035400585.0,13.343894298669891,15.832712460545194,15.832712460545194,0.0,,0.0,,0.0,,0.0,0.0,96.6142684401451,84.2805320435308,-2.78113663845224,-2.78113663845224,-6.166868198307134,-0.15387188493059,-0.188903946449838,-0.154746686402476,,,,,827000000.0,-33.360193392425465,799000000.0,697000000.0,-23000000.0,697000000.0,-0.006,-102.06043956043956,15150000000.0,,1000000.0,2769000000.0,2693000000.0,2692000000.0,12381000000.0,0.0657894736842105,0.0657894736842105,0.217510701881916,0.0003713330857779,-51000000.0,0.0,52000000.0,-51000000.0,0.0,0.214082319440849,-0.006,-0.013202174475796,,0.1804297178358788,0.1804297178358788,3.20528,,,0.0938227234930714,Finance,2026-05-15
AEL,Altron Limited Class A,2138.0,-1.0185185185185186,-4.553571428571429,-3.6936936936936937,-1.4746543778801844,12.348922753547033,10.206185567010309,-7.765314926660914,91.57706093189964,256.3333333333333,-14.48,3.805385193926812,4.21736094067236,,,,47.16139987443257,-112.0,31.93235294117676,-111.4308553157474,25.108225108225124,28.60700773071906,,,,,,0.787037037037037,90853.0,-29.76514425306905,,,,8245403340.999999,8.594187041902906,22.45326612056291,,0.904274118589806,1.9940495621111929,5.158743188150852,5.507125845012987,14.08799634770764,9095403341.0,0.952897154635935,9.717311261752137,5.206298420721237,0.9,0.48,4.53703703703704,4.537037037037036,99.38140148058008,55.08177117167723,7.0,3.0,9.80618124672603,9.80618124672603,8.41278156102672,6.5688842325825,16.134101623886853,7.16981132075472,15.3544753275377,12.5349860055978,,,,,9545000000.0,8.502898715471183,936000000.0,936000000.0,376000000.0,1747000000.0,0.9522,-13.522840795568062,8524000000.0,3912000000.0,602000000.0,4255000000.0,1279000000.0,677000000.0,4269000000.0,1.48632218844985,1.17021276595745,0.312255859375,0.470680218921032,1644000000.0,-750000000.0,-1033000000.0,1540000000.0,235000000.0,24.0623429314494,0.9861,4.14442030165561,3.882242861648204,2.3595969600667006,4.404076804739878,10.7219,,,0.3962647231363415,Technology services,2026-05-15
RCL,RCL Foods Limited,894.0,0.0,1.0169491525423728,1.4755959137343928,2.054794520547945,-7.835051546391752,-8.775510204081632,-7.357512953367876,-0.6666666666666666,-35.21739130434783,-45.98187311178248,2.884620952523356,3.945453367347392,,,,52.12136574335712,45.0,21.752941176470586,35.17430473951792,58.163797600417325,60.26584748546147,,,,,,1.006711409395973,36788.0,-78.61510916827493,,,,8039062720.0,-10.44071736232262,7.438222813878027,,0.3103279209512956,0.7424694167379514,5.26389783822432,16.666783143683624,26.660311863065203,9949555720.0,0.3791678734207191,6.5699004037862805,4.562168497805705,0.6,0.15,6.71140939597316,6.152125279642059,45.46205984460242,71.42857142857143,2.0,1.0,97.4601553941249,5.77128799703268,5.24909526315102,4.16563280056026,1.8483525258643096,6.05275899577679,10.3743296881517,8.76377744806313,,,,,26240503000.0,34.950217489912355,25574035000.0,1514415000.0,1085833000.0,2180883000.0,1.2019,-38.74732443176027,18441089000.0,8146814000.0,303210000.0,7793320000.0,2384871000.0,2081661000.0,10647769000.0,1.62574097425755,0.826872892569933,0.220434872668174,0.12713895216974,1535682000.0,-1052936000.0,-633287000.0,485017000.0,1056321000.0,29.0202352540438,1.2098,1.6983612286472,0.5363962513298842,1.6748413539272782,2.4119102336393814,12.0409,,,0.5422607562583006,Consumer non-durables,2026-05-15
BTN,Burstone Group Limited,955.0,-1.1387163561076603,1.812366737739872,-1.0362694300518134,-4.3086172344689375,-0.104602510460251,3.579175704989154,9.770114942528735,29.931972789115648,29.931972789115648,29.931972789115648,2.6286788307795543,2.223198501479841,,,,51.20517441185621,9.0,9.644117647058806,49.7593383499433,50.326797385620914,50.87145969498911,,,,,,-1.1387163561076603,681641.0,20.86540524534237,,,,7775512172.0,7.305928911430469,,-0.3188341410218157,3.332918693939832,0.8161800211095774,17.640561642062426,17.65667546051298,24.63810679521363,14603067172.0,6.3037915264619455,,,0.922262,,9.6900414078675,9.690041407867495,-59.81201277955272,3.086807519398731,14.0,1.0,61.8260406733625,-23.2383632060221,-53.5192158349064,-53.5971764945589,18.52498086596767,-5.90095519272575,-12.1041255035538,-6.96514211732507,,,,,2316553000.0,53.83496173969981,1432233000.0,-538329000.0,-1241607000.0,-415209000.0,-1.565,-19.5021380574221,17599457000.0,,307540000.0,8315717000.000001,7135095000.0,6827555000.0,9283740000.0,0.430992713079355,0.430992713079355,0.768558253462506,0.0431024394209187,429533000.0,4242911000.0,-5388207000.0,429141000.0,30666000.0,2.91968950651275,-1.565,0.541365983338582,,-0.6480881816450633,-0.523312594319946,11.70085,,,0.6802425573505986,Finance,2026-05-15
OAO,Oando PLC,15.0,0.0,-37.5,-40.0,-21.05263157894737,0.0,-42.30769230769231,-50.0,8.333441666775,-72.91663958330625,-94.3530115394881,31.111111111111107,8.846153846153845,,,,34.80455646337579,-10.0,-3.5852941176470594,-190.04524886877832,8.289665250534503e-15,3.0303030303030383,,,,,,13.333333333333334,8782.0,-81.70416666666667,,,,7564231491.670647,29.623823076909748,0.6642468596401216,0.0017715545190772,0.0335059724623591,,,,0.2732727466934465,35364083855.57065,1.009788723550536,,500.4392730385183,0.0,0.0,0.0,,0.0,,0.0,0.0,0.729522240201277,-3.09186622513744,0.436883635839689,7.60388703555149,-3.2193480568628696,3.71906587369406,,20.7909617786841,,3.821388465338719,,,35021270322.0,-26.49846719326404,255487955.7999989,-1082810828.7,2662977833.7,70666084.3,0.22581966,333.582757808065,73074474975.7,16448948913.8,4474853474.4,79111176926.0,32770860605.7,28296007131.3,-6036701950.3,0.317312274364058,0.305626000443271,,0.1365497698776231,-19058595.500000544,-1481993288.3,4178293653.7,-1127456585.6,1610261817.8,4.295839163580653,0.22581966,-0.0023377981494952,-0.1382980146386879,-0.1328216001849768,0.0086681645092163,-0.445689337,4.019795544817029,0.54890215659986,0.4906145251396648,Energy minerals,2026-05-15
LSK,"Lesaka Technologies, Inc.",8300.0,2.469135802469136,2.469135802469136,2.595797280593325,14.388092613009922,14.042319318494092,9.210526315789474,4.824450618843143,11.349610947142471,11.349610947142471,11.349610947142471,1.7971359723876748,2.6599626386867268,,,,52.73428847830399,-349.0,-188.53529411764703,32.48925517302647,51.33243370744606,49.382512881838174,,,,,,0.0,16320.0,-19.74822974036192,,,,7521470116.086236,-1.321714859861891,,,0.5572980333926038,2.173259465439104,12.653089332805182,26.545668896917174,4.269486707388337,11637620030.90736,0.9735332703634826,47.262231618532034,10.973595961804634,0.0,0.0,0.0,,0.0,,0.0,0.0,24.0728231437937,2.05985463873452,-5.18569189112111,-3.99900242268743,2.0788513609798485,-4.23833517602302,-10.2883457288961,-6.16477328898623,,22.01296850505919,,,11954003407.158636,1.6675534565357353,2877666098.8083644,246235093.69683987,-478040885.8604122,1060511073.253833,-5.894378194207836,61.03484594144838,11498364565.587734,4676626916.524702,1545093696.763203,6876473594.5485525,4218654173.7649055,2673560477.001704,4621890971.039183,1.53570489547262,1.43784019646783,0.9127550174158232,0.3662527510246936,521355443.4407445,-120307185.75465588,-124490955.05945843,248505962.52129477,360367744.2936882,150.40455223591945,-5.884156729131176,6.559662847302368,3.126687081132057,3.098115146098507,13.3432865694565,38.19148211243611,53.07885320354945,19.440276007035852,3.431815792240564,Technology services,2026-05-15
BLU,Blu Label Unlimited Group Ltd,835.0,-1.8801410105757927,-7.222222222222222,-5.113636363636363,-17.733990147783253,-24.09090909090909,-20.095693779904305,-5.328798185941043,88.06306306306307,-50.0,-7.222222222222222,3.226287337489869,3.1571158509453,,,,35.69272766935532,-51.0,-19.688235294117703,-190.03961516694895,6.831146522208155,7.321405036412593,,,,,,0.4700352526439483,1161896.0,19.3503554637464,,,,7444888309.0,5.741632955958825,,,0.4997364643341128,3.5062524669740407,10.982536746238956,16.89260892091472,2.802360981313637,9101448309.0,0.5893579862264997,2.0530283460051946,1.8957843442713096,0.0,0.435613,5.11883666274971,0.0,-13.47645712164336,,0.0,0.0,15.5385732346616,28.7067632248371,-16.7053098791503,-18.859523817541,2.881488996818492,-19.8687836757571,-76.7878985937209,-44.2977421942689,,52.34197552960605,,,15442988000.0,8.279295311095499,2399620000.0,4433182000.0,-2912474000.0,4800888000.0,-3.2418,-559.5690388432095,13781547000.0,8084590000.0,2682384000.0,11541135000.0,4260658000.000001,1578274000.0,2240412000.0,0.957047971073785,0.927638768931215,1.97058728307231,0.6295703621365526,684451000.0,1640051000.0,-491230000.0,444988000.0,682793000.0,17.1542913570952,-3.2324,0.760297934159839,0.4942990179368844,4.924441802780015,5.332894872726845,2.38146,,,1.0713645195933872,Distribution services,2026-05-15
PWR,"PowerFleet, Inc.",5400.0,-0.0925069380203515,3.8461538461538463,8.0,-14.435113294248138,-36.49300246971657,-36.94535263895376,-47.99691833590138,-40.0,-40.0,-40.0,2.886216466234968,2.69816669278669,,,,48.75840899541742,-215.0,24.12352941176505,31.354471646005216,66.35200335640864,61.43626319837773,,,,,,-0.0925069380203515,1276.0,490.7407407407408,,,,7252406699.834163,-44.10738201749948,,,1.0152835145595185,0.8953961713522968,12.760597787714756,33.69257728755631,12.099253556485356,11490190033.167496,1.592449967061384,33.125667979533425,8.310567071580714,0.0,0.0,0.0,,0.0,,0.0,0.0,54.6332505630305,4.80729918577121,-6.00658312640758,-7.00467748455275,2.973725241092568,-3.24656554582984,-6.42874481010028,-4.25630761629931,4.279494138707628,45.54645723855171,,,7215416666.666667,29.513728929429018,3942016666.666667,346866666.6666667,-505416666.6666667,1382600000.0,-3.793333333333333,90.13354431422968,15990983333.333334,2917966666.666667,597500000.0,7904666666.666667,4832783333.333334,4235283333.3333335,8086316666.666667,1.09408022596752,0.956200046243353,0.597834356296221,0.1236347584380291,566533333.3333334,-701116666.6666667,102650000.0,214566666.6666667,694816666.6666667,53.8962671925265,-3.793333333333333,4.23177666895735,1.602726901510851,2.590954813907397,10.327467208461565,60.30850000000001,36.09895226428437,4.463085243060744,0.2975399323772881,Technology services,2026-05-15
DIB,Dipula Properties Limited Class B,707.0,0.5689900426742532,1.7266187050359711,-0.2820874471086037,1.1444921316165952,3.9705882352941178,4.896142433234421,29.487179487179485,93.6986301369863,-23.56756756756757,26.25,3.3654231795801275,3.0927752744940067,,,,52.11941089635731,-3.0,4.938235294117703,-14.331946370779413,48.01587301587302,45.767195767195766,,,,,,-0.8534850640113799,316795.0,80.10153611752266,,,,7123607254.0,49.11100762634636,7.034125957616157,0.3463597525000489,4.34084891540684,0.9422910066520148,12.248776307942997,12.259383094178707,67.9491806012481,11202478254.0,7.406450287928173,13.541911107350302,13.529138280682009,0.515313,,7.33019914651494,7.600583214793742,50.34320046893318,5.259792917356907,5.0,1.0,60.8110252358631,54.6927994816632,63.9897390464983,61.6100837669336,35.34971207182667,8.54972350155791,14.135499478833,8.86663318066087,,,,,1512530000.0,1.685218388625465,919785000.0,827245000.0,931871000.0,828026000.0,1.0051,20.342432950191576,11219616000.0,,96466000.0,4207439000.000001,3993647000.0,3897181000.0,7012177000.0,1.96814617434336,1.96814617434336,0.584679686821745,0.0241548639626887,535138000.00000006,-172371000.0,-378930000.0,534675000.0,463000.0,1.63141674822079,1.0236,0.57720051556622,,0.8922674908146642,0.893109878390686,7.50299,,,0.12643001770567,Finance,2026-05-15
WVR,Weaver Fintech Ltd.,6499.0,0.0,2.3464566929133857,3.934111626419319,-3.0,20.35185185185185,1.546875,75.64864864864865,75.64864864864865,75.64864864864865,75.64864864864865,2.6107530145061726,1.9969100480083477,,,,52.63947455900104,-1.0,-52.0823529411764,117.60626863601564,59.77904627790212,45.91569969144339,,,,,,0.0,1000.0,-22.17898832684825,,,,6835301903.0,103.22580642094196,17.068942875902824,,1.2885335258851014,1.7233629841572051,,,25.93904221108248,11127301903.0,2.0398353626031165,9.667508169417898,8.873446493620415,2.72,1.32,4.18525927065702,4.185259270657025,70.8683984263047,41.66666666666668,5.0,4.0,67.4060494958753,21.0999083409716,9.03758020164986,7.40604949587534,-14.372135655362053,4.75517890772128,10.2746693794507,5.29488859764089,,46.30614115490376,,,5455000000.0,23.221142986220915,3677000000.0,1151000000.0,404000000.0,1254000000.0,3.8075,-3.348225618114431,9320000000.0,8336000000.0,269000000.0,5330000000.0,4561000000.0,4292000000.0,3990000000.0,9.01189189189189,8.66054054054054,1.14310776942356,0.0589782942337206,-715000000.0,-151000000.0,1042000000.0,-784000000.0,153000000.0,50.8083481938571,3.8381,-6.6595726780216,-7.302244726669844,10.720514898465549,11.679865927607125,37.71115,,,0.283149757906957,Finance,2026-05-15
EMI,Emira Property Fund Ltd.,1500.0,2.389078498293516,2.880658436213992,0.7387508394895903,11.607142857142858,2.0408163265306123,9.97067448680352,44.927536231884055,51.66835187057634,-1.639344262295082,183.0188679245283,3.1200475737625397,3.430806469225586,,,,64.60599066757027,80.0,39.5117647058878,125.03113325031204,90.83344131070128,83.09325071817032,,,,,,-0.409556313993174,189420.0,138.88013115581057,,,,6767199554.0,28.5014624248066,5.155170636148057,,4.710265250046,0.715628369416906,15.52510985714535,15.516308544179596,20.983609789108662,12421487554.0,8.356787767719887,8.583876651610977,,1.2389,,8.5938566552901,8.593856655290102,43.1681810389165,5.870791317723465,21.0,2.0,49.5289610096912,97.3544717252144,82.5695054141059,93.6931972995065,30.85505535204303,8.27698831002908,14.5354357418139,9.51358147915746,,,,,1486395000.0,-20.821332287841845,736196000.0,1447072000.0,1392651000.0,,2.9097,-24.42926525205828,16458855000.0,,339132000.0,6668426000.0,5993419000.0,5654287000.0,9790430000.0,0.464948890098591,0.464948890098591,0.612171233763097,0.0565840632867483,458368000.0,1793500000.0,-2024695000.0,458628000.0,-260000.0,3.13311634448272,2.9165,0.966176738072892,,3.0502288657075014,,20.9606,,,1.0265720773695648,Finance,2026-05-15
CAA,CA Sales Holdings (Pty) Ltd.,1400.0,0.3584229390681003,-0.1426533523537803,0.7194244604316546,-6.666666666666667,-12.554653341661462,-6.666666666666667,-27.08333333333333,177.22772277227722,177.22772277227722,177.22772277227722,2.080715646792895,3.560336363292339,,,,46.16073570506229,-78.0,3.6235294117645935,-158.98926654739995,4.215229215229204,18.042605542605525,,,,,,0.0,11827.0,39.61751859284618,,,,6713001471.0,-21.234442788455663,9.772441714365488,0.6411325157066701,0.5279780555102825,1.8229617659811896,8.682408390296207,11.388483988315798,4.634143833901504,6196679471.0,0.4838089319636702,7.480858624136524,6.446742152347404,0.2869,0.2869,2.05663082437276,2.05663082437276,19.941613957044552,17.389525368248766,9.0,5.0,15.0421611676911,6.46729147377135,6.78441859468292,5.39772720618564,4.618697539598534,11.5616236714046,20.0489459141559,18.5085376304418,,8.911773342411953,,,12808113000.0,2.306721439578981,1926617000.0,828338000.0,691347000.0,961211000.0,1.4326,15.299798792756553,6310489000.0,4553064000.0,1453788000.0,2570537000.0,893181000.0,-560607000.0,3739952000.0,1.9909875518019,1.5625446850825,0.241683301011698,1.627652178001995,775944000.0,-480798000.0,27998000.0,591568000.0,186208000.0,26.6159883158671,1.4387,1.61245582684718,1.2293119974847864,1.7213335430120509,1.9974512049575852,7.67981,,,0.016924122634422,Distribution services,2026-05-15
TSG,Tsogo Sun Limited,698.0,4.962406015037594,-0.2857142857142857,0.0,-8.758169934640524,0.1434720229555236,-0.9929078014184396,-14.774114774114777,7.550077041602465,-72.57367387033399,-58.79574970484062,4.932723742994376,3.8913014460426414,,,,52.52552477012249,-2.0,-8.5,-13.79397620855188,33.85416666666666,30.23358585858585,,,,,,-0.150375939849624,9253609.0,65.01108887847099,,,,6491740321.0,-21.1538221834892,6.089156416295908,,0.6440690300905357,1.3124568703732604,3.332966023875114,5.397174721189591,13.4181146025878,13317740321.0,1.2311861256355736,5.036966838502269,4.001724856069711,0.6,0.15,6.76691729323308,6.7669172932330826,39.25673907354096,-14.285714285714285,4.0,0.0,43.1542941665896,24.4430063788481,15.4201719515577,11.0196912267727,12.4341314597393,7.69652945924132,22.5437352245863,9.60515713134569,,,,,10817000000.0,-1.592066957787482,4668000000.0,2644000000.0,1192000000.0,3328000000.0,1.1463,-12.489503015497364,15292000000.0,1364000000.0,541000000.0,9736000000.0,7342000000.0,6801000000.0,5556000000.0,0.726691529035695,0.686734150239744,1.3274272283493,0.073685644238627,2178000000.0,-1036000000.0,-1266000000.0,1345000000.0,846000000.0,10.4009615384615,1.1463,2.09423076923077,1.2932692307692308,2.542307692307692,3.2,5.31827,,,6.646675756730581,Consumer services,2026-05-15
KAP,KAP Limited,240.0,-5.88235294117647,-3.225806451612903,7.623318385650224,10.091743119266056,43.71257485029941,23.07692307692308,-14.285714285714286,-42.028985507246375,-62.14282793311947,2303.930426246913,5.305652496402542,4.537813714327407,,,,53.25672895326264,-3.0,24.202941176471228,27.47104767034887,73.48484848484848,76.54808959156787,,,,,,-1.1764705882352942,3526878.0,7.280383193111674,,,,6394563784.0,-13.132782630303844,48.87983706720978,,0.221940906996077,0.4681647940074906,2.841392285983067,10.343835616438357,3.65223700120919,15218563784.0,0.5224002397363724,7.43093934765625,4.334538246653375,0.0,0.0,0.0,,0.0,,0.0,0.0,13.9571605107785,7.03007002608815,1.28381161609227,0.432514073870658,2.004668405876699,0.40695702727581,0.976403580146461,0.619149406648485,,,,,29132000000.0,-0.8744768450780904,4066000000.0,2048000000.0,126000000.0,3511000000.0,0.0491,-87.1060924369748,30428000000.0,11436000000.0,1654000000.0,17277000000.0,10184000000.0,8530000000.0,13151000000.0,1.41815476190476,0.899181547619048,0.792097689974333,0.1624116260801257,2126000000.0,-1068000000.0,-1185000000.0,584000000.0,1547000000.0,11.5740961462058,0.0503,0.844656336909019,0.2320222487087803,0.8136670639650377,1.3949145808502186,5.1264,,,0.6225486629426837,Transportation,2026-05-15
OCE,Oceana Group Limited,5400.0,-0.0370233246945575,-1.4238773274917853,1.675767275466014,-2.3684686313505696,-0.8992475683611671,-5.079978906661979,-5.478732714860843,-24.28491306786315,-56.45161290322581,283.90404105213884,2.2363162050527228,3.2337625399744665,,,,45.01259366648671,-200.0,6.258823529455185,-173.77170720575643,16.666666666666668,16.994701035955682,,,,,,-0.5738615327656423,595.0,-95.6986915347358,,,,6292102289.0,-7.744679554054064,9.612303748798462,,0.6522696440142323,0.83801964783621,6.745999067124213,10.236413141411584,10.728711617532538,9207102289.0,0.9211708143071536,7.577861966255144,6.013783337034618,2.85,1.75,5.27582376897445,5.275823768974454,50.665765941938815,-42.42424242424242,35.0,0.0,27.783891945973,12.1560780390195,9.67483741870936,6.74337168584292,6.323161580790396,4.86800765591709,8.81449028967501,6.63843199054467,,15.627813906953476,,,9995000000.0,-0.655998409700825,2777000000.0,1215000000.0,674000000.0,1531000000.0,5.6178,-38.84256134468419,13556000000.0,4852000000.0,603000000.0,5670000000.0,3348000000.0,2745000000.0,7886000000.0,1.68238557558946,0.704923717059639,0.433903576982893,0.1801075268817204,959000000.0,-330000000.0,-803000000.0,632000000.0,329000000.0,83.4279696178027,5.6251,8.00474465867662,5.275285322506385,10.141569093109586,12.77921175436278,64.43763,,,0.0320670011695023,Consumer non-durables,2026-05-15
SEA,Spear REIT Ltd.,1266.0,0.0,-2.23938223938224,-2.9885057471264367,0.9569377990430622,12.035398230088497,9.61038961038961,30.246913580246915,91.8181818181818,36.86486486486486,36.86486486486486,2.7520716093468605,3.628561100557015,,,,45.15179754700959,-30.0,6.482352941176487,-112.9509427297232,52.845152449469,60.11305241521068,,,,,,0.0,100.0,-99.28330824912204,,,,6205733108.0,73.50565056725313,6.095916795069337,0.1340729931478021,5.896510908122989,1.0463475774904685,12.726624761134238,12.740784795074156,5.663593931718912,7021891108.0,9.041267172171729,16.652061164429202,16.041053828141955,0.812703,,6.58203001579779,6.582030015797789,39.23372098498047,3.058128018848892,9.0,4.0,63.2527692690005,54.2951835385097,86.9768711477128,85.9768054809831,45.94250427155639,12.3673163598782,16.8480583131176,13.3292145602952,,,,,776649000.0,22.2374366698617,491252000.0,421683000.0,667738000.0,437745000.0,2.0768,45.80174108396516,6523185000.0,,802682000.0,1721699000.0,1605728000.0,803046000.0,4801486000.0,2.4025999355087,2.4025999355087,0.335338885391993,0.499886655772335,357209000.0,-1112211000.0,1539068000.0,356812000.0,397000.0,2.16283237194872,2.1239,0.994764930813573,,1.1743138059798597,1.2190436820992396,12.09923,,,9.46608354329e-05,Finance,2026-05-15
SBP,Sabvest Capital Ltd.,15700.0,4.659689354043064,4.659689354043064,10.961905435013076,8.952116585704372,25.80128205128205,26.70486643531596,51.690821256038646,214.0,390.625,390.625,1.695896799165714,2.71188546527542,,,,60.65571493246644,200.0,590.0676470588242,143.49255849750728,36.3939393939394,32.632034632034625,,,,,,4.659689354043064,165.0,-97.7982385908727,,,,5634300786.0,51.88622783301242,5.29096962916032,0.1840731928471464,40.8511654747148,0.9947899618216086,,,148550.4184231265,5634260786.0,40.24414498364309,5.016454335817999,5.016454335817999,1.3,,0.866608892740484,0.8666088927404841,4.381057654718736,23.809523809523807,6.0,1.0,,802.242825102498,802.242825102498,802.242110826988,-6.537763746232196,20.1813428839184,20.1908518222066,20.1908518222066,,,,,140002000.0,39.99920001599968,,1123156000.0,1123155000.0,1123156000.0,29.6732,27.666202006642926,6058140000.0,,40000.0,2500000.0,0.0,-40000.0,6055640000.0,0.016,0.016,0.0,,-9153000.0,51057000.0,-41901000.0,-9153000.0,0.0,3.69913363983128,29.6732,-0.241840618029569,,29.676034216499364,29.676034216499364,157.82226,,,0.0780954184021204,Finance,2026-05-15
SPG,Super Group Limited,1628.0,-0.4281345565749235,2.5188916876574305,-3.668639053254438,-1.3333333333333333,-6.758304696449026,-14.540682414698162,-46.58792650918635,-46.27062706270627,-60.02946231279155,-73.07015664203247,2.606697584947117,3.191338263797598,,,,48.54225695485278,38.0,-62.21764705883061,4.269419486442044,64.18439716312058,55.09255172007887,,,,,,0.0,400527.0,1.07044172754457,,,,5543946933.0,-46.34733636801487,1.5522797917580426,,0.1280779309579119,0.4323640994384313,2.5437147651099674,,1.531029022456179,11306128933.0,0.2598061617432321,5.607614748959682,2.979385117632457,0.0,0.0,0.0,0.0,0.0,-100.0,0.0,0.0,4.63309577020124,4.63309577020124,3.432573360337,2.22730344110555,-2.4638056986427666,1.70370974963789,7.04260842472872,4.47919774194399,,,,,43517555000.0,-21.387218173059143,2016210000.0,2016210000.0,3553494000.0,3794786000.0,10.4878,,35970392000.0,16952008000.000002,3598386000.0,22837888000.0,8949771000.0,5351385000.0,13132504000.0,1.18389451666859,0.848955188440413,0.703503940155201,0.4020645891386494,2165822000.0,1288732000.0,-8562313000.0,-1072188000.0,3305295000.0,128.596075708101,10.4893,6.40008865117241,-3.168357441527165,5.957979344276828,11.213740931723825,37.65345,,,0.8441886639744379,Transportation,2026-05-15
RBO,Rainbow Chicken Limited,600.0,-1.639344262295082,-2.4390243902439024,-14.407988587731811,-16.083916083916083,36.054421768707485,20.0,66.66666666666667,50.0,50.0,50.0,2.674477109520421,4.721279748784949,,,,35.70291391057846,-20.0,-40.99411764705883,-77.8514363420026,32.52840909090909,37.665719696969695,,,,,,-0.819672131147541,43958.0,-42.68914355745036,,,,5482262150.0,,5.829204313611192,0.0645901450537226,0.3287669395356248,1.0563529063789632,3.524014682164215,5.412370666502738,3.224853279020251,4083944150.0,0.2441040592059659,3.561686879487054,2.6667277092730783,0.2,0.15,5.73770491803279,0.0,33.895022273871774,,1.0,0.0,,6.85360806453377,7.31998827758502,5.52056888738849,5.931134338505115,10.797359912757,19.5164202083201,18.8562297462582,,,,,16730341000.0,10.265807678601428,,1146632000.0,923610000.0,1531444000.0,1.0293,92.42849130678631,9122298000.0,6679353000.0,1665406000.0,4000639000.0,250155000.0,-1415251000.0,5121659000.0,2.0517304244268,1.43885020702061,0.049004589080785,6.657496352261598,1524026000.0,-108286000.0,-721172000.0,992299000.0,567373000.0,18.690716835267,1.0326,1.70260357607682,1.1085715243292762,1.2809884763410289,1.7108907793970607,5.67992,,,0.4743063385790663,Process industries,2026-05-15
HDC,Hudaco Industries Limited,19403.0,-0.4974358974358974,3.01019324697388,-3.46285884869894,-7.379827199388992,3.4771478854461098,-5.581508515815085,1.0572916666666667,66.53506136812291,74.8018018018018,1028.0813297627135,2.8067937577566617,3.177496925308256,,,,47.70075353878786,158.0,158.93823529406654,22.007395197598616,69.46073638722102,73.0564531621222,,,,,,0.0,1736.0,-73.54061880810852,,,,5469669886.0,4.263436930799444,9.800534400113143,0.8281036818616361,0.6498238641130989,1.5045056466454907,5.4301867407045625,5.925340303017388,15.93107845208923,6693526886.0,0.7651179936717275,6.10290039187511,5.124529263329388,11.2,7.7,5.74358974358974,5.743589743589743,55.36551124117612,9.268292682926822,38.0,1.0,37.4949747718401,12.5369569310084,10.2203853316948,6.56428251286899,10.83259157517427,8.8652732171622,16.2425256188735,12.5707404729523,,24.958017840831637,,,8748359000.0,4.404998870424357,3280195000.0,1096778000.0,574267000.0,1306174000.0,19.7979,11.981605918685933,6727253000.0,4438810000.0,352474000.0,2827587000.0,1337770000.0,985296000.0,3899666000.0,2.61834370137217,1.06207787059791,0.365400609925146,0.2634787743782563,1034088000.0,-405621000.0,-648713000.0,947674000.0,91699000.0,302.289607608295,20.2292,35.7317361750297,32.745798566403565,37.89791791276638,45.13335883085704,128.96595,,,0.1826964565727576,Distribution services,2026-05-15
SYG,Sygnia Ltd.,3232.0,0.6540018685767673,0.2170542635658914,6.176084099868594,-5.8549373725604426,-6.291678747463033,-8.95774647887324,33.223413025556475,79.65536409116176,70.74723537825913,142.77335531658082,2.989322293163076,2.73232215323155,,,,58.62310442693914,38.0,176.63235294117476,98.09751349438146,56.54112217124623,58.03838106122088,,,,,,1.930862659607599,92.0,-99.27278476009802,,,,5022893666.0,38.135306892481246,13.12913840029248,1.4267085751667772,4.739660816637793,5.664371941729876,12.56727970347373,12.9934737881796,17.915982750916854,4946041666.0,4.636034664049664,10.092603171817672,,2.31,,7.19402055434444,7.194020554344441,93.23915237134209,6.451612903225811,10.0,2.0,45.9349742095796,45.9349742095796,50.3489181895809,35.8382331851427,36.447586348464526,0.220984342496387,43.9406328489119,37.6254869283988,,,,,1066869000.0,12.772200723225986,490066000.0,490066000.0,382347000.0,,2.4617,9.209884210993293,181623915000.0,,282010000.0,180732907000.0,204508000.0,-77502000.0,891008000.0,0.473883452606981,0.473883452606981,0.2296918767507,1.378968059929196,402035000.0,-28326000.0,-367794000.0,388848000.0,13187000.0,6.82460160458493,2.4775,2.5717578316544,,3.134878986972644,,5.70584,,,0.0045794383219345,Finance,2026-05-15
FBR,Famous Brands Limited,4981.0,-0.300240192153723,-6.26646593902898,-9.105839416058394,-11.871903750884645,-5.304182509505703,-7.036207540126913,-14.120689655172416,-12.76707530647986,-54.71818181818182,3311.6438356164385,3.3886289424808966,3.3053883098229533,,,,33.87380241086363,-364.0,-193.53235294113887,-146.22071213186368,6.920634920634909,11.604261796042644,,,,,,2.0616493194555647,15543.0,-61.58333127363503,,,,5006105724.0,-4.377875727458281,8.887976874486993,0.5237987669789628,0.5942218509136347,4.12712301163151,6.790690780088699,10.162961951594127,13.936701253660154,6190058724.0,0.7277460512509413,7.11423318603141,5.759517511465425,3.45,1.62,7.14571657325861,7.145716573258606,63.57290405299523,14.238410596026496,4.0,1.0,42.9972624545971,10.2294376951243,9.78683356464622,6.61546627916615,5.7867959432363465,15.3277722405349,51.4418534491625,26.9660756744478,,32.76782475947281,,,8505795000.0,4.999003806274762,3657259000.0,870095000.0,562698000.0,1074753000.0,5.6042,17.144648829431436,3783829000.0,1728073000.0,358933000.0,2466399000.0,1434791000.0,1075858000.0,1317430000.0,1.44814267625238,0.916384187419289,1.18642973204282,0.2501639611622877,736647000.0,-240552000.0,-518927000.0,492213000.0,262860000.0,84.6950587755655,5.6156,7.33504169355645,4.901130225346065,8.6638282682954,10.701676739706912,12.06894,,,0.217039174013947,Transportation,2026-05-15
AFT,Afrimat Limited,3136.0,-2.608695652173913,-5.485232067510548,-14.129244249726176,-24.488321695160124,-24.976076555023923,-23.828030119018702,-40.141248329833935,-37.28,44.18390804597701,289.5652173913044,3.817802246271184,4.443432186168881,,,,34.68910883890628,-116.0,-193.21176470589128,-101.38281078272765,29.29577464788731,33.548529440462524,,,,,,-0.5900621118012422,197970.0,-26.6889102025248,,,,4889132043.0,-39.63657338313153,,,0.5216570428796021,1.062564229059844,7.439513738833697,,9.831345492779109,7201567043.0,0.7545273886229875,13.629290244497898,5.81665142254835,0.25,0.2,1.08695652173913,1.0869565217391302,-53.746928746928745,-87.11340206185567,18.0,0.0,18.4414248496041,5.5360724959804,0.896560669556018,-1.03920865623396,-1.1097940022676995,-0.99427550043197,-2.18100035940648,-2.08986083431984,,13.627560827343654,,,9544474000.0,29.9813413043274,1760137000.0,528389000.0,-99187000.0,1238095000.0,-0.66,-113.42746119260268,10142954000.0,3572158000.0,489621000.0,5610407000.0,2758700000.0,2269079000.0,4532547000.0,0.766433006483711,0.464477337050612,0.614520522740066,0.177482509877841,647036000.0,-264721000.0,13737000.0,-105924000.0,752960000.0,62.1806214739584,-0.6512,4.21532926759758,-0.690076807690772,3.442364283249493,8.065977920187175,29.51351,,,0.6459140236459933,Non-energy minerals,2026-05-15
CAT,Caxton and CTP Publishers and Printers Limited,1245.0,-4.009252120277564,-3.11284046692607,-2.1226415094339623,-14.90088858509911,-7.434944237918216,-7.08955223880597,8.26086956521739,58.80102040816327,-11.702127659574469,114.65517241379312,1.868213697171856,2.951978519534529,,,,40.26698829807352,-44.0,5.082352941168438,-49.96724435710039,64.17748917748916,74.76551226551226,,,,,,-0.8481110254433308,48764.0,15993.729372937292,,,,4585157123.0,4.3834756889375805,7.492327134861889,,0.6902386759314186,0.5424229182178728,3.743791498972869,5.470677225233714,1.5418089251421048,1704377123.0000005,0.2547047368483976,3.1623678426439272,2.134786340641021,0.7,1.0,13.1071703932151,0.0,102.3048685081543,16.666666666666664,5.0,1.0,24.2595171842823,8.05424130026092,11.0494531934162,8.78575762376001,12.022736035435578,5.91845233094693,7.3138146833377,7.30443685031524,,17.515385006231714,,,6691580000.0,1.5714200278261228,1623345000.0,538956000.0,587906000.0,798383000.0,1.6617,-18.60396767083028,9984956000.0,5775197000.0,2854582000.0,1920223000.0,23265000.0,-2831317000.0,8064733000.0,3.96211659682602,3.053984484126,0.0028671618585272,122.69856006877284,1175605000.0,-387283000.0,-290128000.0,804511000.0,371094000.0,18.9288812880329,1.6617,3.32550570816129,2.275769431721156,1.52457777437811,2.2584347836211465,22.95257,,,0.951574379068642,Consumer services,2026-05-15
OCT,Octodec Investments Limited,1700.0,1.4925373134328357,3.658536585365854,0.830367734282325,18.88111888111888,25.0,19.214586255259466,64.72868217054264,77.08333333333333,-25.43859649122807,541.5094339622641,1.5697907358992185,1.7560148347056683,,,,60.721942780480354,11.0,25.05882352940671,58.12951547689988,89.8707032481867,79.48701776516346,,,,,,0.0,28280.0,24.07862407862408,,,,4458808800.0,68.79999161284512,8.520876146559068,0.1565764431957281,2.0435174319849865,0.681112938541577,10.003572257529704,10.009280783514,18.86064258534532,8571879800.0,3.899873839223035,10.394945308141931,10.222227813865077,1.345017,,8.02995223880597,8.179223880597016,68.66908926870833,7.6013599999999935,34.0,1.0,46.5168842974191,37.5170212407796,23.2022544243852,24.1623593202696,20.56957518895681,4.60318199117702,8.09883554248837,5.0781523968751,,,,,2197989000.0,3.49736193415782,1022436000.0,824620000.0,531086000.0,838553000.0,1.9951,54.01420410683958,11583104000.0,,239937000.0,4939028000.0,4353008000.0,4113071000.0,6644076000.0,0.535178413819191,0.535178413819191,0.65517131351297,0.0551198159985003,452375000.0,89522000.0,-418087000.0,452117000.0,2698000.0,8.25697037543483,1.9951,1.69939293307989,,3.0977693295967668,3.1501100684452927,24.95915,,,0.2441915988764423,Finance,2026-05-15
LEW,Lewis Group Limited,8299.0,0.593939393939394,-6.68990330559928,-6.773758705908785,-12.002968932244723,3.7245344331958505,-7.727373804758728,6.397435897435898,143.3724340175953,80.80610021786492,174.34710743801654,2.1550478163635014,3.582357212879026,,,,42.45531142994922,-201.0,-162.5764705882284,-126.04949874686211,17.247952042137754,18.168337144757697,,,,,,0.0,5406.0,-73.73177842565597,,,,4294231310.0,24.16629503422461,5.626516969721624,0.1067256660603286,0.4505194159884852,0.8357179339691194,6.545850141348014,8.169853073351904,9.017146710391474,6493731310.0,0.6640418146864231,5.28418204084954,4.006744807799099,8.0,3.37,10.1454545454545,10.145454545454545,54.64088469924665,60.0,21.0,1.0,69.6781912445931,12.5665961080263,10.7586587722797,8.09788221820004,5.506641715495291,8.96717283237649,16.0562038097748,12.2198304130114,0.0,57.11159513656676,,,9779100000.0,12.318241334160293,6813900000.0,1228900000.0,791900000.0,1620700000.0,14.7498,52.79383429672448,9244300000.0,5298800000.0,487900000.0,4131900000.0,2687400000.0,2199500000.0,5112400000.0,2.7897230704433,2.19832578709066,0.525663093654644,0.1815509414303788,672100000.0,-115800000.0,274200000.0,538500000.0,133600000.0,184.469554063231,15.3182,12.6782615256923,10.158077416434017,23.181543801403457,30.57232324756659,99.30384,,,0.3221308544869503,Retail trade,2026-05-15
ACS,Acsion Limited,1085.0,-0.2757352941176471,-0.2757352941176471,-1.3636363636363635,8.391608391608392,44.66666666666666,8.5,66.92307692307692,141.64810690423164,20.55555555555556,0.4629629629629629,0.5560704355885057,0.7735792114892687,,,,46.76504393157691,-15.0,-33.17352941176455,-58.72495857809829,28.518518518518544,26.70781893004118,,,,,,-0.8272058823529412,5001.0,4708.653846153846,,,,4177441863.0,52.85714011356352,2.7458622260464645,0.0368828132045243,2.6454896129331167,0.3411280302230003,5.125739032220442,5.371529822855033,3.9005247541587034,5093683863.0,3.197995360923772,5.362703904362337,4.985766937634892,0.38,,3.87096774193548,3.870967741935484,10.629144100825023,17.28395061728395,4.0,1.0,60.7347935111949,59.6340095958372,125.914348174945,95.4676558005091,48.79995529811511,9.44322340364156,13.2641854283897,11.7614859106845,,,,,1592774000.0,6.698794728746979,967368000.0,949835000.0,1520584000.0,1021645000.0,3.9514,75.13518305114793,17142147000.0,,1070406000.0,4764407000.0,1836721000.0,766315000.0,12377740000.0,2.70228063717657,2.57696792296044,0.150208463279574,0.5827809449557119,814545000.0,-172641000.0,-227889000.0,777273000.0,37272000.0,4.13916103179264,3.9514,2.11676792981398,,2.4683476868863794,2.654961201228671,31.80624,,,2.193228664152268,Finance,2026-05-15
BEL,Bell Equipment Limited,4115.0,0.4884004884004884,-1.6726403823178018,-5.096863468634687,7.976908947782734,-4.280065131425913,0.121654501216545,-2.0004763038818765,333.61433087460483,257.8260869565217,330.89005235602093,2.1785324238917245,1.8205128078271209,,,,51.37718378479033,-85.0,108.34117647059202,-154.24688561721,30.184770682466503,36.46111233023674,,,,,,-0.1221001221001221,2033.0,-91.76089159067882,,,,3916023154.0,10.52631578802534,11.105114019700446,,0.3760378086831019,0.6808661875398344,3.872743493379796,4.503616823039659,6.625034255795107,4343018154.0,0.389429735216684,4.793644726516151,3.7573814145794096,1.0,1.0,2.44200244200244,2.442002442002442,24.90163852781513,-37.50000000000001,2.0,0.0,21.8366946726719,8.12387561937048,5.12723395483118,3.4435290238715,8.329170496610953,4.25804461538325,6.76483159879613,6.1775274865718,0.4247124638783686,15.788400027940549,,,11152251000.0,-4.65444597631496,2435283000.0,905995000.0,384031000.0,1155863000.0,3.7055,-10.40860735009672,8945794000.0,6962725000.0,631448000.0,3041395000.0,933666000.0,302218000.0,5904399000.0,3.37788766709391,1.08686845851045,0.1615444747078609,0.6763103722316117,1080207000.0,-132894000.0,-499305000.0,928890000.0,151317000.0,109.700006850075,4.0158,10.6255423501048,9.137100605336652,8.911892110940995,11.369738631039455,60.43772,,,0.1394194172227213,Producer manufacturing,2026-05-15
MKR,"Montauk Renewables, Inc.",2775.0,0.9090909090909092,11.177884615384617,39.097744360902254,3.932584269662921,-13.30834114339269,-3.2426778242677825,-30.625,-80.16440314510365,-83.43283582089552,-83.43283582089552,10.695662058004926,11.32401127352948,,,,64.49383581735097,257.0,308.4794117647057,171.30251208122556,88.23422196544514,81.35863351796827,,,,,,-7.236363636363636,4235.0,-89.93440129296002,,,,3824090364.8424544,-39.23615316371113,105.77435064935062,,1.3279504135599658,0.884602643611995,6.300127784044276,,8.990820000809093,6070802460.242795,1.9774820313098385,754.9917466446018,10.863521763748803,0.0,0.0,0.0,,0.0,,0.0,0.0,36.0047056995566,0.261921013057207,-1.10927988368931,1.23025187700811,-54.79087937760464,0.539412121079408,0.849490382404782,0.613687982428095,,35.74278468649941,,,3069965928.4497447,-7.329267665090803,1105332197.6149914,8040885.860306662,37768313.458262354,558824531.516184,0.262350936967632,-72.65496003145066,7968994889.267462,608023850.0851789,442163543.4412266,3475417376.4906306,2688875638.8415675,2246712095.400341,4493577512.776832,0.85023107341941,0.85023107341941,0.598381942048655,0.1644417975506376,631005110.7325383,-2379710391.822828,1547444633.7308347,-1682061328.79046,2313066439.5229983,21.42961200698245,0.262350936967632,4.404672563988262,-11.74147286583448,0.0561286568629173,3.900822735326863,31.37001703577513,18.769446638288755,3.0864815442309768,0.0601639414129647,Process industries,2026-05-15
NPK,Nampak Limited,47426.0,-1.1958333333333333,-2.2144329896907218,-2.2124167508608426,-5.142308538512311,-3.2142201179567764,-11.1156924114924,11.151214024561732,-9.26861962490621,-88.3148979819955,-81.91629729075717,2.8740571578980045,2.674831363577418,,,,46.17472763613716,-1924.0,376.5911764705452,-50.01168606554335,15.209511381760182,34.56502455383034,,,,,,-0.4291666666666667,2179.0,0.3684937816674343,,,,3798793259.0,13.97833911259456,3.456229426121329,0.0018928453344404,0.3807284165054245,1.5902601211677216,3.1216350092856677,4.4492747349943,3.1760878876588707,7229693259.0,0.6739841573442219,4.536705107304217,3.884634495191016,0.0,0.0,0.0,,0.0,,0.0,0.0,,14.8562479024499,13.3944885706828,10.8103068948801,8.392996979527911,10.4084948253732,63.4562766772463,16.9989445291427,,,,,10726800000.0,7.738818637445638,,1593600000.0,1159600000.0,1861100000.0,137.2189,1861.6431502051437,10992400000.0,5078000000.0,1261200000.0,8192200000.000001,4368400000.0,3107200000.0,2800200000.0,1.67967716327071,0.93209182323366,1.76394104583081,0.2887098251075908,1283200000.0,1214900000.0,-1660100000.0,900300000.0,382900000.0,1270.0189661153,139.7156,151.926794320687,106.59265346548835,188.67716601422,220.34831430036692,298.22794,,,0.6997206255418889,Process industries,2026-05-15
SUR,Spur Corporation Limited,4224.0,-1.9953596287703013,0.4996431120628122,-1.7445917655268668,10.866141732283465,12.64,10.373660830938071,26.05192479856759,117.7319587628866,36.34602969657844,1308.0,2.1563166379298258,2.9596073397646583,,,,42.25641933460259,-174.0,156.07058823529405,-59.370702903826185,37.19135802469136,48.37670338335675,,,,,,0.0,21598.0,-4.766524097182415,,,,3619030308.0,22.62429611032005,11.92378263937897,0.6376768222701329,0.8900854410638349,3.927786017490922,8.93156493790416,9.36079494902936,7.681342648484969,3283956308.0,0.8141197381791786,8.38826727357252,7.710826783504622,2.99,1.2,7.26218097447796,7.262180974477958,86.39964667237143,-22.013562858633275,5.0,0.0,24.6851627678555,9.70545777367022,10.6391048926917,7.24261363678621,9.250843693624123,19.9194356129228,33.9003721337175,31.4572515323551,,14.979704994185314,,,4033751000.0,8.51263413597467,995738000.0,391494000.0,292149000.0,425889000.0,3.5425,19.21989634515716,1508269000.0,827902000.0,454743000.0,622999000.0,99355000.0,-355388000.0,885270000.0,1.7783539257299,1.3872158163353,0.1148671146277959,4.576951336117961,391089000.0,-30706000.0,-319869000.0,373156000.0,18102000.0,48.7786565088579,3.6227,4.72929439506621,4.512437269484249,4.7341919100308365,5.150117903138038,10.75415,,,0.9251699514669156,Consumer non-durables,2026-05-15
CPP,Collins Property Group Limited,1150.0,6.877323420074349,4.545454545454546,4.545454545454546,4.640582347588717,9.419600380589914,8.49056603773585,4.450499545867394,36.25592417061611,-61.66666666666666,-59.72712500700398,7.893060486223964,2.146561925922888,,,,58.23374601761347,104.0,39.66176470587857,102.81651627016522,69.44444444444444,72.11934156378601,,,,,,0.0,1551.0,-44.32878679109835,,,,3547907800.0,7.1428643797772455,6.686046511627907,,3.241736344037285,0.704911270060089,10.293151200951764,10.551008247657515,3.813201767772093,9943489800.0,9.004182487125549,11.875914924720703,11.755799048752891,1.0,,9.47955390334573,9.479553903345725,59.29887797221092,11.111111111111107,13.0,2.0,84.5364428213225,75.8188530669127,52.5912349601881,51.4435593338519,32.59755559761265,4.45112185545562,10.989971016203,5.11489887468371,,,,,1104319000.0,-12.929471167795734,933552000.0,837282000.0,568101000.0,845837000.0,1.72,-60.65333760351376,13418231000.0,,996056000.0,8042178000.0,7403637000.0,6407581000.0,5376053000.0,0.892100791263979,0.892100791263979,1.3740841773613202,0.1345360395167942,368999000.0,-433661000.0,778491000.0,359981000.0,9018000.0,3.34363484974642,1.7201,1.11724774808871,,2.5351055938233293,2.561008250700174,16.31411,,,0.2067862142523831,Finance,2026-05-15
KP2,Kore Potash PLC,70.0,0.0,2.9411764705882355,-2.7777777777777777,-14.634146341463415,4.477611940298507,-2.7777777777777777,-11.39240506329114,204.34782608695653,-62.16216216216216,-62.16216216216216,5.287532923617208,3.2039474622943844,,,,47.41803664915081,0.0,-2.241176470588229,-64.38213914849327,45.55555555555557,38.51851851851856,,,,,,-2.857142857142857,713758.0,-37.14954937502476,,,,3508397912.3134327,1.3477042402147392,,,,1.0329944324551503,,,19.463575841422323,3322763958.6013374,,,,0.0,0.0,0.0,,0.0,,0.0,0.0,,,,,,-0.509426432013396,-0.513983647292495,-0.513983647292495,,,,,0.0,,-7930.95124453888,-23655496.890849657,-16746835.793382486,-23647626.133333333,-0.0044906666666666,5.599445821010831,3505039785.4914303,179166799.4303345,176200799.31633088,7572935.667832801,0.0,-176200799.31633088,3497466849.823609,23.6588302461584,23.6588302461584,0.0,,-28741566.102147143,-193216802.0384458,371364209.85540766,-29966667.73333333,193216802.0384458,0.0,-0.0044906666666666,-0.0058664849771016,-0.006116542343121,-0.0048283571504785,-0.0048267531060164,0.6776416,,,0.8898476348582481,Non-energy minerals,2026-05-15
CHP,Choppies Enterprises Limited,165.0,0.0,-6.25,-12.698412698412698,-29.78723404255319,-46.42857142857143,-79.16666666666667,65.0,112.31105602747228,-66.76147850841922,-67.39945396891021,2.8731620531414377,5.946980118690587,,,,34.64627014869967,-19.0,-9.87352941176482,-112.8258784549631,26.49342891278376,22.658303464755083,,,,,,0.0,362.0,-63.8,,,,3340307933.1343284,161.01374232164463,27.027027027027025,,0.262853224019867,5.687844215117715,4.057130901458389,7.29561224416553,20.488511052364863,4472507933.134329,0.3808799268587783,9.74827361188825,5.278541169756083,0.0285607142857142,0.0123333333333333,1.06666666666667,1.136909090909091,31.936127744510976,-26.373229461756363,2.0,0.0,20.3234954311522,3.90715261001996,1.86955151769772,1.23936561285579,3.539544165528831,3.91571262651402,31.5086782376502,10.2742707879843,0.0,16.437349017960297,,,11742566666.666668,0.3339499643060336,2386500000.0,458800000.0,112233333.33333334,847300000.0,0.06105,-33.80162938164305,3806066666.666667,1420800000.0,148000000.0,3434833333.333333,1435600000.0,1287600000.0,371233333.3333334,0.578603716725264,0.200401808136615,2.72599531615925,0.1030927835051546,747400000.0,-370000000.0,-382333333.3333334,415633333.3333334,336700000.0,6.389617560075919,0.06179,0.4066913392927214,0.2261633355472727,0.2496521092687995,0.4610510727625411,0.2900923333333333,,,0.0176248344628816,Retail trade,2026-05-15
MCZ,MC Mining Ltd,350.0,-1.4084507042253522,-5.149051490514905,-5.149051490514905,52.17391304347826,48.30508474576271,40.0,141.3793103448276,264.65979793471274,-34.64134489363612,-34.64134489363612,4.321949524444719,8.01944668020927,,,,48.358352246923324,-50.0,2.382352941177146,-59.022106065556194,30.33489096573208,45.00259605399793,,,,,,1.971830985915493,10903.0,-91.33609866183528,,,,3186799200.800497,454.5821610358643,,-0.0413712401433044,8.186667656261102,1.399895987728112,,,47.94839982811638,3335438306.2971106,12.323609383783667,,,0.0,0.0,0.0,,0.0,,0.0,0.0,-46.0247396248173,-87.5039404530066,-245.382890709384,-228.260273876973,-252.43772258850785,-28.4472970471673,-39.7170649139184,-39.2608680811762,,41.47920082818894,,,270654335.3026209,-23.4780141328148,-124567953.10631122,-236833208.39668632,-617796327.0216645,-204675601.25,-1.1232041666666668,-62.13250700662809,2247864206.102773,92572161.40600276,48695858.6390791,548011852.9927324,226569155.9830572,177873297.34397864,1699852353.110053,0.242879019908116,0.210457230365347,0.131034017148423,0.2149271308700137,-155383546.00323036,-540701504.7337613,707242670.3462267,-683233640.125,530857367.6843293,0.405711096508109,-1.1232041666666668,-0.2329200777730087,-1.0241678523139328,-0.3550131221915593,-0.3068089137339962,2.50018575,,,0.4486074366053464,Energy minerals,2026-05-15
KAL,KAL Group Limited,4451.0,-0.4695885509838998,-7.270833333333333,-1.5265486725663715,-6.3144601136602825,-2.175824175824176,-12.708374191017846,11.553884711779448,6.102502979737783,-24.0443686006826,-24.0443686006826,2.9746790261078297,4.06927871396205,,,,43.88271405216664,-192.0,-21.344117647058734,-56.79292222991089,19.80319803198032,26.170299069538725,,,,,,-0.0447227191413237,30304.0,-78.07553176096079,,,,3149711926.0,12.5,7.804390517604153,4.053955208736076,0.1566582005962448,0.9136870567432304,3.979293894691928,4.778608594033182,10.491754529075978,5233900926.0,0.2577616042196087,8.349446963896014,6.555363972370259,2.1,1.54,4.695885509839,5.008944543828266,36.82143358114743,16.666666666666668,9.0,1.0,15.2195841459331,3.08716978901956,3.0927791895672,1.983294919528,3.2390914642554614,4.89773768841575,12.1356530915838,9.38329780819032,,12.1324143569135,,,20305200000.0,-6.5780032173105365,3090367000.0,626856000.0,402712000.0,798415000.0,5.7032,1.9484466054127485,8229855000.0,4173862000.0,299560000.0,4592744000.0,2186448000.0,1886888000.0,3637111000.0,1.13472304800929,0.763842570050531,0.635630456333344,0.1370076031993443,789816000.0,-110501000.0,-693315000.0,657704000.0,132112000.0,287.562945110092,5.7032,11.1854015254749,9.31442680942262,8.877556365853675,11.307180861063884,48.71471,,,0.5219536056549566,Commercial services,2026-05-15
MRF,Merafe Resources Limited,123.0,-1.6,6.0344827586206895,8.849557522123893,5.128205128205129,10.81081081081081,13.88888888888889,6.956521739130435,83.58208955223881,30.851063829787236,32.54881675934306,4.597793742821951,3.403474942185526,,,,60.93554146937145,8.0,6.038235294118408,193.37748344371323,85.05050505050504,87.2053872053872,,,,,,-0.8,382113.0,-83.32039081600716,,,,3123908386.0,0.8928562783970132,21.57894736842105,,0.5393253988163327,0.6514209450370199,5.040875779107904,18.825756815467624,1.9826996905907863,1578257386.0,0.2704868304850299,3.176418208494426,2.2604174731279048,0.12,0.08,9.6,9.6,210.52631578947367,-57.14285714285715,5.0,0.0,8.51546656424806,8.51546656424806,3.02753597033836,2.44371903640814,2.7983966071606994,2.33783338551272,2.97215516997896,2.969650368176,,,,,5834877000.0,-30.8947325161172,496867000.0,496867000.0,142588000.0,698215000.0,0.057,-78.65168539325843,6056006000.0,4739688000.0,1550374000.0,1337198000.0,4723000.0,-1545651000.0,4718808000.0,4.90180541033604,2.93825593865928,0.0010008883599417,328.26042769426215,609800000.0,-453539000.0,-301185000.0,163283000.0,446517000.0,2.33476622177249,0.057,0.244005219310855,0.0653360187352153,0.1988162369683936,0.2793835752724311,1.88818,,,0.1362459766284593,Non-energy minerals,2026-05-15
MPT,Mpact Limited,2149.0,2.284626368396002,1.7037387600567913,-0.0929800092980009,2.333333333333333,-0.7390300230946882,-4.488888888888889,-17.186897880539497,0.4205607476635514,-52.24444444444445,34.3125,3.464467479732244,1.7420986313027669,,,,50.31023484523448,29.0,-35.847058823529096,-68.4563758389297,65.07301066728598,62.62568468183069,,,,,,2.284626368396002,37163.0,70.43338683788122,,,,3102794830.0,-21.48147866780981,6.545642837562061,,0.2243403157436279,0.5605030286464255,3.5962318775568365,22.705066832660627,3.563575511852565,6242694830.0,0.4473574900032964,6.648237305644303,4.041887232113953,0.6,0.3,2.855782960495,2.8557829604950022,18.207197912241305,-42.85714285714286,5.0,0.0,40.7822510140026,6.72896392587391,5.09939374829805,3.47842288564344,1.0032534074785375,3.96173748388045,8.83380650797117,5.52312681344939,,34.22670660570708,,,13954600000.0,4.995222223058229,5691000000.0,939000000.0,485400000.0,1544500000.0,3.2831,-3.879259866494901,12499700000.0,5866600000.0,892000000.0,6229500000.0,3406000000.0,2514000000.0,6270200000.0,2.42141324087832,1.52955258378735,0.603440639228957,0.2618907809747504,883900000.0,-742600000.0,-219400000.0,140000000.0,743900000.0,94.3415456905304,3.2954,5.975699212866,0.946484771808168,6.348208576627641,10.441755214697968,38.34056,,,4.669011872605063,Process industries,2026-05-15
IVT,Invicta Holdings Limited,3650.0,0.6896551724137931,-1.351351351351351,-1.2979989183342346,0.0,-3.922084759147144,-1.351351351351351,14.671693371033616,72.08863743517209,-27.014597080583883,577.1799628942487,3.8292981993826096,2.8604349399310904,,,,46.46492477722835,-30.0,88.33235294118367,-49.34126863015671,20.374081496325974,33.04604195860391,,,,,,0.7172413793103448,9072.0,74.46153846153845,,,,3084374914.0,7.684857064827633,4.629747076283011,0.0574220706053812,0.3910661398057192,0.6152242551404095,4.038348224946886,4.51749730778707,3.505673640023545,4480717914.0,0.5366489789313988,6.188948025309847,4.840199533341255,1.15,,3.17241379310345,3.172413793103448,0.0,9.523809523809511,5.0,4.0,32.6009208522872,8.67108556634763,7.2271442428647,8.88032118086018,8.65272505134776,8.08177420436913,14.4988206192421,11.0276031783946,0.0,23.92983528593957,,,8349439000.0,4.494308056651985,2721994000.0,723987000.0,741457000.0,925730000.0,7.8838,80.6636417800999,9553519000.0,5484661000.0,930972000.0,4145828000.000001,2187363000.0,1256391000.0,5407691000.0,2.36251794073913,1.0803417743111,0.415237543090119,0.4256138555877556,808173000.0,-201784000.0,-401459000.0,722454000.0,97004000.0,93.3774604097701,7.9122,9.03834884137067,8.079694909188511,8.096839491813546,10.353068802004117,59.32796,,,0.5111475465255828,Distribution services,2026-05-15
ORN,Orion Minerals Limited,32.0,-3.0303030303030303,0.0,0.0,-17.94871794871795,60.0,45.45454545454545,100.0,-21.951219512195124,33.333333333333336,33.333333333333336,5.849462365591398,6.3124191624005,,,,47.87924002387832,0.0,-0.5647058823529427,8.888888888889882,60.0,60.0,,,,,,-3.0303030303030303,2066756.0,-57.296223978511286,,,,3054392229.5213933,161.10720194335494,,-0.1837282346799982,,2.043666337409312,,,38.31588423573566,3264631583.68806,,,,0.0,0.0,0.0,,0.0,,0.0,0.0,,,,,,-7.84290460370195,-10.8261071327831,-9.19343061463392,,,,,0.0,,-9141325.0,-146561462.5,-132315675.0,-137420137.5,-0.0189054166666666,-78.59546673898427,1787785166.6666667,74120354.16666667,63866945.833333336,666638354.1666666,428118720.8333333,364251775.0,1121146812.5,0.194604222021081,0.194604222021081,0.335737459010675,0.1491804556199184,-105881454.16666669,-77434362.5,174174491.66666666,-108939683.33333331,77434362.5,0.0,-0.0189054166666666,-0.0138456986415829,-0.0142456111640527,-0.0191652623041089,-0.0179698874187627,0.1565813333333333,,,0.3036184114022746,Non-energy minerals,2026-05-15
SHG,Sea Harvest Group Ltd.,834.0,0.6031363088057901,1.5834348355663823,-1.9976498237367804,-13.125,5.303030303030303,-12.210526315789474,26.172465960665654,-45.059288537549406,-37.99256505576208,-37.99256505576208,3.155926259306704,1.93947862938228,,,,42.18885659181705,4.0,-30.80882352941171,-131.57894736842468,79.9671592775041,73.9224638551804,,,,,,-3.0156815440289506,215393.0,165586.9230769231,,,,2874010521.0,23.880603347396384,10.473439658420194,0.8158557180523531,0.4154400138980669,0.668495276447645,1.946147449895459,4.697836477175686,10.537008433544242,5659479521.0,0.8519519805640742,2.9683233572411987,,0.76,0.76,9.16767189384801,9.167671893848013,92.70553793608195,245.45454545454547,9.0,1.0,34.0702392127842,28.7014545934069,8.2178927573809,4.93510720227561,8.83156534530712,3.38550393342277,8.10159609130986,4.89913559741601,,5.368784619377277,,,6642956000.0,-7.447934067605949,2263271000.0,1906625000.0,275999000.0,,0.7963,12.854308390022675,9519879000.0,2548080000.0,261565000.0,5411089000.0,3085726000.0,2824161000.0,4084169000.0,1.50814389892675,0.748227779398857,0.748442889537144,0.0847661133879028,1416189000.0,-804318000.0,-884333000.0,586677000.0,829512000.0,20.1015926636998,0.8198,4.28538957849674,1.775285291542111,5.769449490923416,,12.47578,,,8.379778944051292,Process industries,2026-05-15
YYLBEE,YeboYethu Limited,5400.0,0.0,8.0,28.418549346016647,8.0,18.42105263157895,10.20408163265306,116.0,36.70886075949367,-2.702702702702702,-2.702702702702702,2.6789335053486005,2.3471721804428207,,,,75.52460453658931,1070.0,780.2352941176468,140.1656979162954,94.44444444444446,97.2222222222222,,,,,,1.851851851851852,4248.0,30.78817733990148,,,,2857461960.0,105.7142892521763,1.333471619279036,0.0019365991335107,4.056513544392614,0.6224222067333866,10.067511679526476,10.067511679526476,440.6942998149291,11971226960.0,16.870458809718755,3.5045857825593734,3.5045857825593734,1.97,,3.74074074074074,3.740740740740741,4.988171612858617,4.787234042553196,9.0,2.0,,481.382390286317,385.005855436255,301.984365773812,39.99875985946953,15.4114441518796,60.0214751347658,16.9515549728731,,,,,709597000.0,5.084693052474447,,3415875000.0,2142872000.0,3415875000.0,40.4958,693.630698075491,15267863000.0,,6484000.0,10678374000.0,9120249000.0,9113765000.0,4589489000.0,2.21842704501664,2.21842704501664,1.98720358628161,0.0007109455015975,283830000.0,511000.0,-284245000.0,283830000.0,0.0,13.4098861666688,40.4958,5.36378816523408,,64.55283056378454,64.55283056378454,86.75783,,,0.023219281186151,Finance,2026-05-15
CMH,Combined Motor Holdings Limited,3900.0,-1.015228426395939,0.5154639175257731,-1.2658227848101269,6.267029972752043,3.1746031746031744,1.3250194855806705,27.4093433518458,103.65535248041776,126.08695652173913,1566.6666666666667,3.9833755358010072,6.018611825077188,,,,49.07460965135909,-260.0,-27.508823529415626,-74.54248172881881,45.1923450524686,37.76830032017467,,,,,,-3.1472081218274117,36627.0,472.296875,,,,2735337411.0,22.275370753997755,7.429986664126501,0.2336901290294026,0.1867487614142781,1.84136151214496,3.8425596534184425,,2.517028122979557,3722547411.0,0.2369360571032493,5.113614075069234,3.628535680065191,2.22,2.22,4.34010152284264,5.634517766497463,41.82366239638282,-18.681318681318672,17.0,0.0,16.1482230181164,4.63343642333904,3.36544844788969,2.48833474739978,-1.453429052796128,6.87013034368928,27.0879236612871,16.9100537842889,0.0,11.514786594777354,,,15711190000.0,18.56073789149624,2537078000.0,727968000.0,390947000.0,1025909000.0,5.249,32.35664935195924,5908407000.0,3807001000.0,1145415000.0,4437991000.0,2132625000.0,987210000.0,1470416000.0,1.07146594346253,0.439968793245967,1.45035486556185,0.5370916124494461,750292000.0,-296321000.0,-262680000.0,-228351000.0,978643000.0,212.531228964823,5.308,10.149484592986,-3.088990628039403,9.847499373826206,13.877860338782298,21.17998,,,1.5967547867331635,Retail trade,2026-05-15
ZZD,Zeda Limited,1446.0,-0.9589041095890412,-3.535690460306871,5.856515373352855,15.587529976019184,20.5,1.8309859154929575,32.904411764705884,-19.666666666666668,-19.666666666666668,-19.666666666666668,3.367606164975202,4.282501101514098,,,,52.00019516391082,-4.0,50.555882352941126,-71.28470723637247,30.01396648044693,32.10273122284293,,,,,,-1.9178082191780823,3931.0,-87.18792777524281,,,,2722547636.0,41.05263191277784,4.002325002075895,0.3174857570267796,0.2564681589920825,0.8134096715872514,,,2.415118925314338,8379947636.000001,0.7868959442866679,5.2370712189890645,2.512385157647158,1.81,,12.3972602739726,12.397260273972604,50.09825901630269,81.0,2.0,1.0,40.8800443819598,15.0254963391269,8.43446918747885,6.31491697350792,-2.1336563320353537,4.87928132178585,21.898785454105,10.5433171457246,,,,,10649372000.0,1.728249957897305,4353468000.0,1600121000.0,672499000.0,3335455000.0,3.6129,12.82203416294537,14158403000.0,,1111860000.0,10797426000.0,6709540000.0,5597680000.0,3360977000.0,1.39560312429004,1.22957261073717,2.03241977222615,0.1657132977819642,-215036000.0,66955000.0,30548000.0,-227221000.0,17640000.0,57.3460703684239,3.6129,-1.15795274949024,,8.616531703840645,17.96117528251538,17.77702,,,0.0040111135702267,Finance,2026-05-15
PPE,Purple Group Limited,186.0,-0.53475935828877,-2.1052631578947367,-6.532663316582915,-15.83710407239819,-17.333333333333332,-17.333333333333332,53.71900826446281,50.70565003746495,251.64651675408487,2.9521803395409374,2.829075943255236,3.7004146327038896,,,,42.57784439770053,-1.0,-4.94999999999996,-78.45553501745424,37.25490196078432,42.96525627794978,,,,,,0.0,556283.0,620.8259365322068,,,,2622608580.0,53.6466447981672,38.83089770354906,0.9058761371809256,4.904971526642197,3.6901833187842232,,,5.650729521553159,2309441580.0,4.224755700683259,17.61937211041091,11.986575837316847,0.0,,0.0,,0.0,,0.0,0.0,85.6098564882145,23.9779015631717,23.7984432309817,12.4669575318534,-6.229271282093498,5.29487151098851,10.017484663253,9.99460306100301,,,,,546645000.0,13.53572570896871,467982000.0,131074000.0,68150000.0,192669000.0,0.0479,43.41317365269461,1289742000.0,,468516000.0,419828000.0,2047000.0,-466469000.0,869914000.0,1.5293926086742,1.5293926086742,0.0028564969606983,228.8793356130923,-29743000.0,-74094000.0,775000.0,-34052000.0,65882000.00000001,0.38405142219965,0.0479,-0.0208962698835336,,0.0920874719669932,0.1353617127455377,0.50404,,,1.161648676884948,Finance,2026-05-15
SDL,Southern Palladium Ltd.,1841.0,1.098297638660077,-7.95,7.097149505526469,-23.323615160349853,56.01694915254237,-18.177777777777777,426.0,-26.36,-26.36,-26.36,3.5739225005173725,6.328288237080016,,,,47.95379348574976,141.0,120.7970588235296,-41.55770645836844,46.41666666666665,59.80555555555554,,,,,,0.5491488193300385,2320.0,78.46153846153847,,,,2614298661.224876,884.8580843116063,,,,4.7708910341941815,,,8.11995264144384,2363216678.7790427,,,,0.0,0.0,0.0,,0.0,,0.0,0.0,,,,,,-18.0394771019189,-18.1440540991659,-18.1440540991659,,,,,0.0,,0.0,-84027937.94583334,-67267596.57916667,-84027904.58333333,-0.627215,34.40774262592547,486233671.4041667,252484419.61666667,251081982.44583333,3150454.2375000003,0.0,-251081982.44583333,483083217.1666667,80.1422273052988,80.1422273052988,0.0,,-17965984.270833332,-63157403.30416667,291600705.3333333,-17965928.666666668,0.0,0.0,-0.627215,-0.1622317146505202,-0.1622312125483719,-0.7587667245804718,-0.7587667245804718,3.8588179583333337,,,0.1252294073194429,Non-energy minerals,2026-05-15
CSB,Cashbuild Limited,12694.0,1.1474103585657371,-3.467680608365019,-1.5892704860841926,-10.61192873741286,2.379224130978305,-5.970370370370371,-18.62298865311879,-58.54072767653015,-64.29254571026723,1310.4444444444443,3.664448345459241,2.86183797997822,,,,42.575517823844656,-176.0,-146.43235294122678,-108.09848181294905,19.73333333333333,20.003306310602422,,,,,,2.629482071713148,442.0,-88.62290862290862,,,,2613085182.0,-18.518366566733206,13.052016821411312,2.569061910100757,0.2245358768587389,1.4079095814602245,2.738192087812521,3.728094455974162,1.277242490378058,2184458182.0,0.1868848696156856,7.039826561392201,2.971332360326343,6.26,3.93,5.52191235059761,5.52191235059761,70.04103414121404,11.586452762923342,25.0,1.0,21.5399608051851,2.6546800263603,2.56631331674935,1.74361916471943,6.04740900919522,2.92237799102716,10.9356597437035,6.65458679103312,,18.88528077882477,,,11688791000.0,1.6765138102121615,2517761000.0,310300000.0,203808000.0,735178000.0,9.7257,5.059790651701889,7249395000.0,4412555000.0,2063253000.0,5343853000.0,1581995000.0,-481258000.0,1905542000.0,1.10372068673208,0.556326573185712,0.8537889839285321,1.3042095581844444,962414000.0,-1739460000.0,-415577000.0,706869000.0,263227000.0,563.043882466281,9.8942,46.3590558766859,34.049566473988435,14.947013487475914,35.41319845857418,90.16204,,,0.0567787683374868,Retail trade,2026-05-15
MDI,Master Drilling Group Ltd.,1720.0,-0.5780346820809248,-1.3761467889908257,2.9323758228605628,-5.701754385964913,10.753380553766902,2.9940119760479043,21.04152005629838,112.0838471023428,18.620689655172413,108.48484848484848,3.9986057324832815,3.278137720105766,,,,51.20883237330898,20.0,7.085294117646981,-10.150507525374246,66.66666666666667,64.53551912568308,,,,,,-0.3468208092485549,166876.0,66.52961839374102,,,,2604286070.0,16.43835315021205,4.751249965470567,0.0651563662221968,0.5065413972678564,0.7104945413778389,8.377709819770878,684.4830840447604,3.91745183124382,3482566194.24,0.6686535986670897,4.636449731948405,3.407369268516347,,,3.75722543352601,3.757225433526012,0.0,,4.0,3.0,28.3427871543243,14.4216725103277,14.9568286164353,10.5123804088014,0.0730382411478213,7.63757973587175,15.2599724487721,13.2215720910519,,16.50868625405588,,,5208326405.75364,5.013231656317842,1476184867.48522,751127777.5067129,547519084.704875,1022068910.0,3.6201,73.8844324895528,7197852258.570001,3201732815.04,664672260.87,3190371196.86,1179740023.22,515067762.35,4007481061.71,1.68420584336438,1.2126955159509,0.323724763565944,0.563405706162137,310803503.766303,-262799192.20089403,-9947946.16917386,3804070.0,306999434.675252,34.4045134909228,3.6371,2.05306705173878,0.0251284515292349,4.961706280902253,6.751455431806716,24.20849,,,0.6975934372474831,Non-energy minerals,2026-05-15
IOC,iOCO Limited,415.0,1.2195121951219512,-3.935185185185185,-3.488372093023256,-5.681818181818182,1.9656019656019657,-1.6587677725118484,22.058823529411764,-10.198720882698018,-95.0269014374226,325.7035320180961,3.420835299457319,3.707682803446106,,,,43.74697293285836,-7.0,-6.729411764706072,-140.04720692368284,17.415824915824896,16.620838009726885,,,,,,-0.975609756097561,198186.0,-85.43173122512212,,,,2581037776.0,45.61201645664657,8.493655341792877,0.0776912508906519,0.4577531918861053,2.984237473393545,8.88111145105638,9.875567110072842,6.894281533439419,2954524776.0,0.5201644610845598,6.564035244874564,5.38933447156874,0.0,0.0,0.0,,0.0,,0.0,0.0,27.5424640430199,7.92446173244915,6.60451036640609,5.41859111525353,4.657461942661087,10.6010158582104,42.2119891512685,24.2558052568759,,19.618002310570706,,,5679982000.0,1.0312333355745262,1564407000.0,450108000.0,307775000.0,548217000.0,0.4886,108.80341880341877,2816108000.0,1870486000.0,378939000.0,1913366000.0,725119000.0,346180000.0,902742000.0,1.33803120164757,1.29851946329561,0.828295647306768,0.5225887061296146,294165000.0,-63838000.0,-152838000.0,264543000.0,68638000.0,9.02270456426394,0.4886,0.467283855502835,0.4202290312793378,0.715000770427039,0.8708478351000205,1.39064,,,0.2741256613299215,Technology services,2026-05-15
AXX,Araxi Limited,210.0,-0.9433962264150944,-4.545454545454546,12.903225806451612,11.11111111111111,25.74850299401197,12.903225806451612,55.55555555555556,85.84070796460178,116.49484536082474,110.0,1.9325011558021263,2.9759202216575837,,,,69.50365119863397,5.0,19.78235294117647,56.47382920110454,67.94745484400657,69.2829775588396,,,,,,-0.9433962264150944,1.0,-99.99935662769975,,,,2541013955.0,50.71665687310925,11.241970021413277,0.2290186806825361,2.03695509233488,1.5993541655560042,11.054451952400886,13.712681668141382,8.529279320845252,2263902955.0,1.752100408789358,7.833926629917609,6.612580667303417,0.12,,5.66037735849057,5.660377358490566,62.76150627615063,19.99999999999999,8.0,7.0,45.4476715568668,22.3655452949753,25.2699464750624,17.2801344779229,14.606905924272583,12.190295448608,14.4280193508302,14.2978399681613,,,,,1292108000.0,4.171846606071453,587233000.0,288987000.0,223278000.0,342363000.0,0.1868,49.91974317817014,1850648000.0,,303436000.0,333615000.0,24611000.0,-278825000.0,1517033000.0,2.66295619103342,2.5028230819864,0.0162414646684955,12.329283653650808,234122000.0,-42780000.0,-216151000.0,188737000.0,34890000.0,1.04842813836796,0.1912,0.189968712066626,,0.2344866701719538,0.2777964401861697,1.31303,,,3.731415684184917e-07,Finance,2026-05-15
LBR,Libstar Holdings Ltd.,425.0,2.657004830917874,-5.9734513274336285,-6.593406593406593,-7.205240174672489,-9.574468085106384,-10.14799154334038,28.78787878787879,-39.19885550786838,-66.0,-66.0,3.462992242214528,3.5658324482162054,,,,41.04921982645069,-68.0,-24.529411764705856,-113.08709530323615,7.49849306811332,17.21290156944168,,,,,,2.1739130434782608,141423.0,712.1224302285517,425.0,0.0,7879.0,2532202087.0,44.99999086022815,41.46341463414634,,0.2015395596667525,0.5278650652689628,3.3853874672451134,4.560127136263444,5.188768642319104,4019875087.0,0.3260459597148777,7.225105121356781,4.001078022450527,0.28,0.28,6.58823529411765,6.588235294117648,273.1707317073171,86.66666666666669,8.0,1.0,20.5018068130637,4.51268118924823,1.24797563371475,0.643336244857418,4.503889029972584,0.876748511855416,1.63924736560602,1.19629462076904,,15.98912562381546,,,12329167000.0,4.71723120825095,2527702000.0,556376000.0,61062000.0,1004698000.0,0.1025,,8819157000.0,4405787000.0,488016000.0,4022091000.0,1975689000.0,1487673000.0,4797066000.0,2.26644693860544,1.32568606288948,0.411853620525546,0.2470105365773661,747980000.0,-167611000.0,-584352000.0,555292000.0,192688000.0,20.6930400155258,0.1025,1.25539544324552,0.9319915592271052,0.9338109242642424,1.6862660646513077,8.0513,,,0.6515225365258581,Consumer non-durables,2026-05-15
CLH,City Lodge Hotels Limited,418.0,0.0,-1.6470588235294117,-5.0,-14.519427402862986,-9.130434782608695,-18.19960861056752,4.5,-1.6470588235294117,-86.3503621056271,19.635061544797757,2.8745925085424964,2.9841794152122905,,,,39.006480425930064,-11.0,-9.791176470599169,-134.41587731168363,24.324324324324333,27.31764022086604,,,,,,-0.4784688995215311,492541.0,2.565699054599975,,,,2157954506.0,-1.6605510748040355,10.9281045751634,1.8575598657683532,1.061258589674474,1.8117905084716373,5.309739418802441,14.21554587492426,46.17519598906107,3691001506.0,1.7446693335375316,8.645955203148242,5.982271197264137,0.15,0.08,4.06698564593301,4.066985645933015,44.38642297650131,0.0,3.0,0.0,29.3510362131001,20.1790235149755,14.8852233988849,9.79344749544808,7.410942017065704,6.63231147526028,17.0816947391853,7.66242985518089,,9.172012698124586,,,2115588000.0,8.430415221756743,620947000.0,426905000.0,207189000.0,616990000.0,0.3825,5.926336194959854,3146496000.0,255372000.0,48268000.0,1958786000.0,1581315000.0,1533047000.0,1187710000.0,0.708172608962111,0.684809224446558,1.33139823694336,0.0305239626513376,419754000.0,-204612000.0,-201194000.0,156785000.0,262969000.0,3.96770454724476,0.383,0.787232606029235,0.2940442834047884,0.8006440335932723,1.15714119601952,2.30711,,,1.275082407476202,Consumer services,2026-05-15
JBL,Jubilee Metals Group PLC,65.0,-4.411764705882353,-1.5151515151515151,-9.72222222222222,-34.343434343434346,-7.142857142857143,-18.75,-22.61904761904762,-82.93963254593176,-13.333333333333334,-92.77777777777776,5.4542926812889805,5.968935341117484,,,,42.74646691700249,2.0,-5.900000000000006,-30.62678062678069,42.46031746031746,33.2010582010582,,,,,,0.0,160974.0,-94.46128691623802,,,,2077393551.1343284,-12.34378810582786,,,,0.5121891563409333,,,10.653888861142605,2181454004.817776,,,,0.0,0.0,0.0,,,,0.0,0.0,,,,,,,,,,,,,,,,,,,,,5863923166.980905,1263025549.1095176,191957361.9224585,1707537179.7163742,229857129.59411323,37899767.67165472,4156385987.264537,0.921585379965238,0.89288555305043,0.0561966915425693,0.8351159794843911,,,,,,,,,,,,1.2690624,,,0.0799891634445537,Non-energy minerals,2026-05-15
FTH,Frontier Transport Holdings Limited,601.0,-11.487481590574374,-7.395993836671803,6.18374558303887,-6.821705426356589,-14.142857142857142,0.1666666666666666,-7.680491551459293,57.74278215223097,57.74278215223097,57.74278215223097,9.206607852855424,4.742901014961976,,,,49.17660014206676,19.0,30.7294117647059,26.476275472260745,43.16546762589928,47.72182254196644,,,,,,-2.061855670103093,801.0,-89.87357774968395,,,,2009198660.0,6.68470253127977,5.013346680013346,,0.6947966259592168,1.0521321870169338,4.24423214475122,6.048484835769302,3.5720819292456008,2173446660.0,0.7362329893317272,4.430659365973087,3.5022997307344617,0.631,0.277,9.55817378497791,9.55817378497791,53.275324248891806,30.37190082644629,7.0,1.0,14.8192585797722,16.6167815785141,16.2734009954887,12.0749915823148,10.09326185470906,12.6613445175186,22.5413566688409,18.2383078242713,,,,,2952118000.0,4.027705783913632,437482000.000001,490547000.0,356468000.0,620577000.0,1.1988,-9.490373725934308,3097351000.0,904261000.0,504534000.0,1419983000.0,664195000.0,159661000.0,1677368000.0,1.5283224235172,1.39048353048749,0.397060344420459,0.7596172810695654,424632000.0,-94054000.0,-284590000.0,297965000.0,126866000.0,9.84456056863724,1.2182,1.41603941420416,0.9936372766379916,1.635849127054979,2.069466011861041,5.71221,,,0.0595698476915754,Transportation,2026-05-15
ART,Argent Industrial Limited,3800.0,1.0638297872340423,2.150537634408602,14.14839291078402,12.42603550295858,33.70865587614356,15.924344112263576,46.15384615384615,247.3491773308958,811.2709832134293,1051.5151515151515,1.7664679772742848,2.7454861899594283,,,,70.20316834527225,201.0,312.03235294117894,100.05589714924538,80.6391760760423,82.57310151832262,,,,,,2.2074468085106385,14386.0,-12.049886898575531,,,,1998551567.0,40.3382820276282,7.200788296824075,0.4120875158801309,0.7325767099996633,1.039695292670121,5.222829460914522,7.331992727870188,3.754634397057398,1632545567.0,0.5845097136895335,4.21490256811428,3.566947645443283,1.27,0.67,3.56382978723404,3.563829787234043,25.39225346774805,10.434782608695665,4.0,3.0,30.8653330788892,13.8676921765961,13.9032451288338,10.2455874776272,10.024034941427136,10.4136231082933,15.278596078333,14.6641768673111,,17.225888707444316,,,2793017000.0,11.668597766001938,862074000.0,387327000.0,286161000.0,457687000.0,5.2772,17.417230331078677,2901662000.0,1813745000.0,546727000.0,899387000.0,146692000.0,-400035000.0,2002275000.0,2.52034344854803,1.41991573587978,0.0745293017234634,3.727040329397649,393036000.0,-109400000.0,-114923000.0,279973000.0,118751000.0,51.7033876342096,5.2772,7.27574972232506,5.182765642354683,7.17006664198445,8.472547204738985,36.54917,,,0.3999744212103772,Producer manufacturing,2026-05-15
BWN,Balwin Properties Ltd.,390.0,1.827676240208877,8.333333333333334,12.716763005780347,25.0,41.81818181818182,34.48275862068966,84.83412322274881,-10.55045871559633,-49.35064935064935,-64.54545454545455,4.293709539190938,5.754490046461991,,,,68.75895326917875,60.0,27.491176470588243,207.4157726331636,86.25723504046744,84.01225149939768,,,,,,4.177545691906006,76938.0,-34.68760611205433,,,,1989347404.0,59.500002950452405,7.627615881087425,1.2413283123587235,0.697278889004759,0.4064955910862812,9.569491142640643,12.530934569311556,9.11792346769452,5041726404.0,1.8684347485462516,14.216663341181778,12.928398642982977,0.0,,0.0,,0.0,,0.0,0.0,26.3176756032996,13.1425687146569,12.9535285944954,9.09104722148824,5.624768146980639,2.96948677122151,5.59077407185367,4.56286027781906,,,,,2698369000.0,21.36506684285733,710148000.0,354635000.0,245310000.0,389973000.0,0.5113,6.078838174273858,8437589000.0,,208590000.0,3860672000.0,3206365000.0,2997775000.0,4576917000.0,3.05271545242496,0.235213385550548,0.709009969013644,0.0650549765856351,198747000.0,-140564000.0,-104405000.0,151777000.0,52957000.0,5.53320192287012,0.5218,0.407545181020338,,0.7272048648339219,0.7996680044380252,9.5942,,,0.8982092552748108,Industrial services,2026-05-15
ZED,Zeder Investments Limited,128.0,0.0,-3.0303030303030303,-3.7593984962406015,-1.5384615384615383,0.7874015748031497,-1.5384615384615383,-7.913669064748201,-58.03278688524591,-80.15503875968992,-47.18328020714058,3.287401574803148,2.9838250114537144,,,,45.90791747211877,-6.0,-0.2764705882367764,-54.72636815920323,14.28571428571432,14.285714285714306,,,,,,3.125,203509.0,-82.30065636874234,,,,1965005269.0,-6.382981229914367,,-0.028556666496068,132.38040128843366,0.8511204202407074,27.76338028169014,,8.533333333333333,1734005269.0,115.60035126666666,,,0.0,,0.0,0.0,0.0,,0.0,0.0,,-153.333333333333,-153.333333333333,-180.0,,-1.04428543801973,-1.07079119571684,,,,,,15000000.0,-70.58823529411765,,-23000000.0,-421000000.0,,-0.2742,-164.67181467181467,2389000000.0,,231000000.0,73000000.0,,,2316000000.0,3.17808219178082,,,,71000000.0,0.0,0.0,,,0.0097402597402597,-0.2734,,,-0.0149350649350649,,1.5039,,,1.0343295833132151,Finance,2026-05-15
QFH,Quantum Foods Holdings Ltd,951.0,-13.387978142076504,-13.387978142076502,-19.679054054054053,0.1052631578947368,17.698019801980198,17.698019801980198,16.544117647058822,59.83193277310925,239.64285714285717,81.14285714285714,12.395926725330677,7.921305107281593,,,,43.50090815784274,-233.0,23.767647058823517,-57.78517358392034,43.0442942942943,58.96881730215065,,,,,,-0.9107468123861568,926.0,-89.3244178003228,,,,1917410408.0,18.66449501774925,6.93907333090113,0.1090794843083197,0.3159692436914221,0.8059882127402075,6.282395824438052,40.526628346771744,7.044340713505783,1775979408.0,0.2485091249802701,1.8138711768851303,,0.34,0.34,3.5751840168244,3.575184016824396,24.66449038810301,,1.0,0.0,20.3663565117422,13.7004837028737,5.23463395412827,3.8989099054423,0.6709544316295335,8.32831439187317,12.4120309439931,11.8711010517907,,6.66587280886852,,,7146536000.0,12.862466095237345,1455489000.0,979110000.0,278637000.0,,1.3705,73.92131979695431,3475893000.0,1853935000.0,275860000.0,1080819000.0,134429000.0,-141431000.0,2395074000.0,2.82768944963364,1.56499033000018,0.0561272845849439,2.0520869752806314,309317000.0,-247523000.0,-35943000.0,47950000.0,261947000.0,34.9741378537698,1.3785,1.51375371208016,0.2346605278540904,4.791626056876297,,11.79918,,,0.3234256575041039,Process industries,2026-05-15
OAS,Oasis Crescent Property Fund,2825.0,0.0,0.0,0.9649749821300928,19.906621392190157,31.3953488372093,28.40909090909091,37.80487804878049,31.3953488372093,41.25,166.50943396226415,-2.775557561562892e-17,0.0059566356921611,,,,66.86369347403428,345.0,392.9117647058824,95.4164381415033,100.0,95.89490968801312,,,,,,0.0,879.0,-87.58299194801525,,,,1861888849.0,38.51950562870349,14.74656783421204,,11.942703531394578,0.981717466925678,21.39272416506324,26.396529767464703,6.622292919839574,1583168849.0,10.143056616949847,16.852261442987313,16.828794568163698,,,4.31295575221239,4.281805309734513,0.0,,20.0,0.0,54.0138643294636,60.1881038415212,80.3048358576151,80.3048358576151,44.97321954844827,6.50156051353526,6.73850687099971,6.735083388589,,,,,156084000.0,7.236638703959437,84307000.0,93944000.0,125343000.0,94075000.0,1.9157,-6.796730563393993,1966748000.0,,279802000.0,70185000.0,1082000.0,-278720000.0,1896563000.0,4.29661981981982,4.29661981981982,0.0005705056989933,258.59704251386324,86615000.0,23276000.0,-52994000.0,70196000.0,16419000.0,2.3796749406592,1.9157,1.32054243218521,,1.4322812243746197,1.4342784657140677,28.7761,,,0.2946302875913387,Miscellaneous,2026-05-15
SCD,Schroder European Real Estate Investment Trust Plc,1400.0,0.5747126436781609,0.5747126436781609,7.6923076923076925,1.818181818181818,-1.8920812894183603,-0.4267425320056899,-12.5,-31.068439192516003,-46.15384615384615,-35.483870967741936,-1.7763568394002505e-15,1.3308275558312754,,,,54.98969776082878,1.0,12.544117647058783,106.28531073448616,97.33333333333331,98.0,,,,,,0.5747126436781609,41.0,-12.76595744680851,,,,1752237354.2238803,-16.677008661367466,41.30132523382707,0.131395493783425,4.768037798670735,0.5755701367546637,14.700666874417418,14.700667099640102,3.197032935511672,2479770857.692812,6.153164641676685,13.255589569668086,13.255589569668086,1.1975770017391305,,8.538,6.549528571428572,353.29655172413794,3.8010694808346366,10.0,1.0,60.3310727019639,46.4193756310426,20.564456122392,11.1083303058434,31.22785115245807,0.944706041203029,1.40157502697214,1.01028569894027,,,,,403007395.7223247,-8.186433923759902,243138684.90752628,187073516.8412279,44767392.67381305,187073599.75652176,0.3389721739130434,330.19422574788865,4728692323.062782,,578688763.0867968,1532356092.1424656,1306222266.5557284,727533503.4689316,3196336230.9203267,2.34360628322284,2.34360628322284,0.408662347196067,0.4430247270341625,125850551.59766814,219937675.2586398,-325535031.01283354,125850549.66956522,0.0,3.0496422240565537,0.3389721739130434,0.952337749001256,,1.4156255068252612,1.4156255068252612,24.323708104347823,,,0.0166917721776655,Finance,2026-05-15
NVS,Novus Holdings Ltd.,541.0,-0.9157509157509158,-0.9157509157509156,-3.392857142857143,-1.6363636363636365,-18.03030303030303,-8.305084745762711,-22.714285714285715,184.73684210526315,-52.50219490781387,-78.36,1.3305292248431988,1.3171795199403071,,,,47.62931860859002,0.0,2.4911764705882438,-45.23809523808543,10.000000000000002,19.62962962962964,,,,,,-0.9157509157509158,2208725.0,1748.955281354116,,,,1722064483.0,-22.82454108657492,7.35554044867437,,0.4093302380382336,0.7311275175585475,1.8437026072269964,1.9968948026940212,2.303050612608605,1562105483.0,0.3681435207934018,5.344331979664172,2.766526725641775,0.55,,10.0732600732601,10.073260073260071,0.0,10.000000000000009,2.0,1.0,31.8954316756917,6.88848526240945,7.24159165836514,5.78754651268843,20.16225030325012,6.31734187866429,10.7180851237943,10.1733610282354,,23.657068007919506,,,4243197000.0,5.325896904063807,1353386000.0,292292000.0,245577000.0,564645000.0,0.7355,-26.37637637637637,3956057000.0,2413963000.0,741795000.0,1614088000.0,570384000.0,-171411000.0,2341969000.0,1.835215078492,1.37094492217702,0.244745693766662,1.3005185979971388,926609000.0,-345195000.0,-149588000.0,855524000.0,88873000.0,13.4370234935084,0.7793,2.93431271333768,2.7092063100676813,0.9256073830568196,1.7880735045985452,7.39953,,,57.18174616324586,Commercial services,2026-05-15
GML,Gemfields Group Limited,82.0,-8.88888888888889,-16.3265306122449,-25.454545454545453,-30.508474576271187,-38.34586466165413,-38.34586466165413,-25.454545454545453,-50.30303030303031,-67.2,-67.2,12.327762722071665,9.569189136926637,,,,41.726604332203046,-8.0,-10.094117647058823,-159.3554162936437,43.85964912280701,39.37621832358675,,,,,,0.0,68010.0,-12.01811125485123,,,,1551807381.0,26.53061379411192,,,0.6479283283769841,0.2531497071798814,4.638663084477871,,1.3321318080890232,3004134741.002644,1.2451574607863294,,74.66452776313824,0.0,0.0,0.0,,0.0,,0.0,0.0,6.58234278548588,-22.0097691385426,-48.8484919857228,-25.7246123684006,-15.56130109994012,-5.91143804369331,-10.2510630256582,-9.15736759476969,,28.59211192402869,,,2412654491.99132,-38.45288443004857,158809188.89229202,-531019683.797968,-680551896.535325,40235100.0,-0.484,61.5292901995072,9464154340.01721,3393900540.0061703,1061358210.00193,3128846820.00569,1763495390.00321,702137180.0012751,6335307520.01152,1.77118841933225,1.05639003467628,0.315749031335481,0.6018491548197344,304800975.10232204,-50620595.2379171,533627613.651204,-375440430.0,744312164.5144061,1.39926445774532,-0.484,0.176775071839972,-0.2177437554541938,-0.3079748745847224,0.0233351047863306,3.23919,,,1.381808724839033,Non-energy minerals,2026-05-15
UPL,Universal Partners Ltd.,1525.0,0.0,0.0,-1.6129032258064515,5.172413793103448,-12.857142857142858,-10.294117647058824,-26.50602409638554,-7.631738340399758,-15.74585635359116,-15.74585635359116,3.508771929824561,1.1695906432748535,,,,37.36878807859173,24.0,-91.1470588235295,-2.742678029186133,69.46156240273888,59.20531175433137,,,,,,0.0,830.0,-97.47682018543853,,,,1455831858.283582,-8.14818409233988,,,6945.2158768773525,0.5829698016986387,,,62.19053084761574,1536610855.3193572,9395.378884305326,,,0.0,,,,0.0,,0.0,0.0,-22751.3494904985,-3655.2464885706,-10662.2831175984,-10662.2831175984,-11150.371798402488,-0.829495463652001,-0.909471499738829,-0.88128124301181,,,,,163549.6422487246,-99.74003823283728,-37209750.698467456,-5978142.555366292,-17438125.894378416,-5978052.470187394,-0.2387257240204429,62.95230894838593,2075475859.3526409,,17891772.333901193,166803811.68654174,98670769.36967632,80778997.03577513,1908672047.6660988,0.125219587732008,0.125219587732008,0.0516960310129389,0.1813279905304936,-18236296.57459971,50892496.31026686,-30435314.582836423,-18236393.18568995,0.0,0.0022415158541951,-0.2387257240204429,-0.2499360275677281,,-0.081931694896384,-0.081931694896384,26.1591594548552,1.352323923469072,0.2452141795889599,0.047643648470237,Finance,2026-05-15
MMP,Marshall Monteagle PLC,3146.0,-4.666666666666667,-4.666666666666667,-1.9937694704049844,11.36283185840708,32.74261603375528,4.90163387795932,10.347246580147315,35.37005163511188,74.29362880886427,424.3333333333333,17.256802087215803,8.628401043607901,,,,57.30655576547665,71.0,288.0999999999999,-21.687384289869605,91.6801728795246,97.20652227297283,,,,,,-18.6969696969697,10.0,-94.6808510638298,,,,1450994649.0,46.97508999033033,10.284406668846026,0.0619763924223939,0.7940661016554164,0.7187591101460639,,,3.0212627099332128,1152491893.9974625,0.7303675235820839,,,0.6750248,,2.14566053555108,2.201799109980928,0.0,1.319172185231649,27.0,1.0,6.39674597669143,-1.82860573289044,6.897470885553,6.7877921075967,-8.432179933732787,5.26921425361264,6.64504076428405,6.64504076428405,0.0,8.225351709581872,,,1577961583.43004,39.15334753011524,100938194.101797,-28854695.9774104,115423573.87687,-28420590.0,3.059,175.16416299361342,1945167617.51653,1027386375.00873,392891182.50334,293672055.002496,94388427.5008023,-298502755.002538,1651495562.51404,3.7701804368471,3.143779677113,0.0571533037346565,4.162493145677212,-122493663.521441,-199880016.04442105,-25543948.387373403,-133056560.0,10562896.1853734,41.8209959777956,3.059,-3.24647131034717,-3.526421630926878,-0.7647412366132553,-0.7532359422166343,43.76988,,,0.0008780402142418,Distribution services,2026-05-15
ACL,ArcelorMittal South Africa Limited,129.0,0.78125,0.78125,-5.147058823529412,0.78125,-0.7692307692307693,0.78125,12.173913043478262,-72.84210526315789,-86.42105263157895,-94.26666666666668,7.129889957010242,5.558842915528702,,,,49.45268640912905,-3.0,-9.252941176486416,-39.97648442092888,52.17391304347826,34.60177219768013,,,,,,-4.6875,245089.0,-31.51796092632332,,,,1426704499.0,19.64285960035437,,,0.0445078646483781,,,,0.6084851873931443,8435704499.0,0.2612401133133071,,,0.0,0.0,0.0,,0.0,,0.0,0.0,5.998575454461,-13.1987241026912,-9.40200055743086,-9.32767644235236,-3.1804527577343533,-13.1084756827331,-392.698826597132,-48.5767276832514,,19.19729955715215,,,32291000000.0,-16.33588972950565,1937000000.0,-4262000000.0,-3012000000.0,-3061000000.0,-2.7023,48.41560722330393,21014000000.0,10966000000.0,2363000000.0,21443000000.0,9372000000.0,7009000000.0,-429000000.0,0.829438015278723,0.324029952348536,,0.2521340162185232,-23000000.0,-1139000000.0,-40000000.0,-1027000000.0,1004000000.0,28.9705988650737,-2.7023,-0.0206349686877673,-0.9213962105363928,-3.823749415098448,-2.746245180576337,-0.38489,,,0.5807117794058656,Non-energy minerals,2026-05-15
EMH,eMedia Holdings Limited,225.0,0.0,-13.127413127413128,-5.857740585774058,-7.407407407407407,-2.1739130434782608,0.0,-22.68041237113402,-22.68041237113402,-75.0,-77.5,3.3333333333333326,1.7811317811317808,,,,40.40555645635466,-30.0,-1.2058823529411882,-100.28334345274226,7.894736842105247,37.71929824561401,,,,,,6.666666666666667,9500.0,850.0,,,,1386350655.0,15.06484952831084,4.4326241134751765,,0.3288338282322638,0.3430594499156074,1.5836111830504953,3.0051050587092787,4.6400339426655215,1785641655.0,0.5713969186373576,4.157053754554237,3.353903414117395,0.29,0.14,12.8888888888889,12.88888888888889,57.13159968479117,-14.705882352941188,7.0,0.0,42.1562114605673,13.7452376701015,13.9781622414518,7.32978010563684,10.87375993825371,3.74734818662386,6.30292473934901,5.44948905166795,,28.410973790465803,,,3125046000.0,-0.6387641106775669,1317401000.0,429545000.0,227794000.0,532407000.00000006,0.5076,-5.03274087932646,6187297000.0,2215036000.0,220077000.0,1799330000.0,615878000.0,395801000.0,4387967000.0,3.14374114728365,3.12138049861905,0.140467836870851,0.3573386287543961,644833000.0,-313482000.0,-116535000.0,339810000.0,313023000.0,6.88562105184301,0.5076,1.42080330328676,0.7487259034352685,0.9464449786383636,1.173087643301436,6.55863,,,0.971052416387276,Commercial services,2026-05-15
EMN,eMedia Holdings Limited Class N,210.0,0.0,-2.3255813953488373,0.4784688995215311,1.941747572815534,5.0,-3.225806451612903,-22.22222222222222,-29.765886287625417,-60.0,-68.65671641791045,2.1153846153846154,2.9321739790847343,,,,46.88443341622273,-6.0,-2.4617647058823597,-68.57785272623657,23.076923076923062,23.93162393162392,,,,,,0.9523809523809524,1753316.0,-57.36649766287477,,,,1386350655.0,15.06484952831084,4.137115839243498,,0.307227748940724,0.3201888199212336,1.4780371041804623,2.8047647214619933,4.330698346487821,1785641655.0,0.5713969186373576,4.157053754554237,3.353903414117395,0.29,0.14,13.8095238095238,13.809523809523808,57.13159968479117,-14.705882352941188,7.0,0.0,42.1562114605673,13.7452376701015,13.9781622414518,7.32978010563684,10.87375993825371,3.74734818662386,6.30292473934901,5.44948905166795,,28.410973790465803,,,3125046000.0,-0.6387641106775669,1317401000.0,429545000.0,227794000.0,532407000.00000006,0.5076,-5.03274087932646,6187297000.0,2215036000.0,220077000.0,1799330000.0,615878000.0,395801000.0,4387967000.0,3.14374114728365,3.12138049861905,0.140467836870851,0.3573386287543961,644833000.0,-313482000.0,-116535000.0,339810000.0,313023000.0,6.88562105184301,0.5076,1.42080330328676,0.7487259034352685,0.9464449786383636,1.173087643301436,6.55863,,,1.317613299769433,Commercial services,2026-05-15
CPR,Copper 360 Limited,46.0,6.976744186046512,-24.59016393442623,-29.23076923076923,-39.47368421052632,-17.364011117845944,-34.285714285714285,-71.49058383565685,-87.99603529922393,-87.99603529922393,-87.99603529922393,13.855047882093071,8.118460443971212,,,,28.74902924101381,-17.0,-11.355882352941151,-229.0909090909092,9.207161125319695,13.26513213981245,,,,,,0.0,15927695.0,673.6900983452391,,,,1268561015.0,28.01321125916552,,-0.0064406245910488,2.6841122147762797,1.7950519004136425,,,,2178684015.0,15.397060176678446,,,0.0,0.0,0.0,,0.0,,0.0,0.0,-162.786572438163,-340.473498233216,-360.233215547703,-263.771731448763,-70.34770318021202,-27.3373617519959,-99.6045036413953,-54.137080006005,,177.686925795053,,,141500000.0,71.70037980366699,-230343000.0,-481770000.0,-373237000.0,-458444000.0,-0.4292,-156.69856459330146,1364855000.0,243672000.0,0.0,1137614000.0,911538000.0,911538000.0,227241000.0,0.281083674971335,0.262793256907932,3.98650374361486,0.0,-125521000.0,31259000.0,91033000.0,-99542000.0,-25222000.0,0.161380868716409,-0.4292,-0.143156805810264,-0.1135277345142666,-0.549459089197909,-0.5228557666277398,0.25626,,,5.504040007479391,Non-energy minerals,2026-05-15
EPS,Eastern Platinum Limited,457.0,0.0,0.0,-0.2183406113537118,-34.620886981402,98.69565217391305,-26.29032258064516,280.8333333333333,28.439479630567927,-41.28167072184828,-80.60355488734034,3.05311331771918e-16,-4.614364446098307e-16,,,,31.80651699225693,16.0,-212.9911764705884,-59.17809256157695,4.904214559386952,4.968071519795637,,,,,,0.0,1400.0,600.0,,,,1263081486.402985,217.0136384014321,,-0.0675044539525462,0.9011206439177754,0.8711880645176335,,,316.20198826291653,2310904462.529652,2.210635602814343,,,0.0,0.0,0.0,,0.0,,0.0,0.0,2.56499850547554,-18.9990330134512,-31.3204779238021,-30.0064293057276,-15.948442297217364,-10.9857228996779,-26.5235514194072,-26.4255956530124,,3.4037776280730005,,,1045357479.8070102,-7.647464617267666,26813403.73392653,-198607812.69711584,-313674453.17042595,-172778557.6,-1.5449976666666667,-32.59363452133224,2958356419.5625,838804052.7166667,2944631.4425,1897623646.829167,1058802957.7766666,1055858326.3341666,1060732772.7333332,0.469652371548865,0.362299265993517,0.990676026960136,0.0027810948400477,-100054710.81262638,-49416852.08610173,102869809.4558292,-166718234.46666667,66663570.88210036,5.130804767249501,-1.5449976666666667,-0.4910867307497223,-0.8182834376876634,-0.974803286200618,-0.8480286066123832,5.245710066666667,5.196797620218221,0.0144527870463614,1.353572464468662,Non-energy minerals,2026-05-15
BRN,Brimstone Investment Corporation Limited Class N,477.0,-5.357142857142857,-6.286836935166994,-4.6,-20.100502512562816,11.188811188811188,-9.829867674858225,16.05839416058394,-23.68,-55.61824001013802,811.4111426489512,0.0,2.12479652084692,,,,44.55814412449412,-13.0,-8.45588235294207,-79.93558776167606,52.18893050353725,63.26718794489344,,,,,,-5.357142857142857,3100.0,239.53997809419496,,,,1262125535.0,9.456296526231505,29.37192118226601,,2.9536107609731497,0.3769567969577927,,,9.32134834917877,2403395535.0,5.809007519287662,86.30406258977305,,0.42,0.42,8.33333333333333,8.333333333333332,230.76923076923077,4.99999999999999,5.0,1.0,6.73086219231586,6.73086219231587,-86.7014231297252,10.6408434363942,-5.595113792370014,0.900480491481332,1.4011626546948,0.964694271348503,,,,,413736000.0,-81.42400849114294,27848000.0,27848000.0,44025000.0,,0.1624,,4495572000.0,249623000.0,123169000.0,1393789000.0,1208366000.0,1085197000.0,3101783000.0,1.69241669209126,1.23756059527442,0.39674361643098,0.1019302098867396,-17408000.0,630475000.0,-617314000.0,-23149000.0,5741000.0,1.71894324094588,0.182,-0.0723247770036591,-0.0961768303571751,0.1156997007121954,,12.65397,,,0.0975035934792112,Process industries,2026-05-15
TPC,Transpaco Limited,4000.0,-4.761904761904762,0.0,-1.2345679012345678,2.5641025641025643,14.285714285714286,5.2631578947368425,17.612466921493677,166.84456304202803,66.66666666666667,1804.7620861678176,0.0,0.0456829602558246,,,,50.732653955497234,-15.0,52.58823529411757,-29.1508238276303,45.88744588744589,42.27994227994231,,,,,,-4.761904761904762,2000.0,-60.0,,,,1169254292.0,24.37499756766047,7.97973148203563,4.035272678889078,0.4882974136468048,1.112126544430985,4.216795301441603,6.02890821088649,10.1560979880707,1235575292.0,0.5122245657964285,6.16210148021066,5.596739059732659,2.35,0.7,5.47619047619048,5.476190476190475,45.88345602170487,-2.083333333333326,23.0,0.0,26.9141335102138,8.31249805673303,7.90871309088271,5.81864914444433,7.6572387990091935,9.28190182568229,14.2863758993492,12.7195754824917,,18.60163545348078,,,2412175000.0,-1.3247379179639354,649216000.0,200512000.0,140356000.0,220767000.0,5.0127,2.091649694501009,1548486000.0,839514000.0,109646000.0,547183000.0,175967000.0,66321000.0,1001303000.0,2.32799341129231,1.60163553021627,0.175738013368581,0.6231054686390062,264081000.00000003,-78125000.0,-146674000.0,184706000.0,79375000.0,86.6461216748012,5.0127,9.48587662918452,6.63470044671959,7.202457180452386,7.93002346172265,35.96713,,,0.1711845112254243,Process industries,2026-05-15
SSK,Stefanutti Stocks Holdings Limited,731.0,7.5,12.461538461538462,28.24561403508772,70.0,52.609603340292274,62.806236080178174,139.672131147541,1391.8367346938776,68.04597701149426,-53.43949044585988,6.375776149145448,5.592877769906027,,,,74.70637370615096,89.0,82.09117647058827,215.52233764040196,82.87210431405185,86.95779066046425,,,,,,2.5,915264.0,133.92970331445397,,,,1137257075.0,112.45902021145253,7.005270723526593,0.008820202844245,0.1571624875387228,17.611062927628407,,,3.3400415440313567,2015888075.0,0.2622347327593854,5.494350194329821,4.082637649841728,0.0,0.0,0.0,,0.0,,0.0,0.0,,4.77280703785522,3.54474927744856,3.06546788213663,-4.840632822111987,4.4155785022807,,124.391248119507,,,,,7687342000.0,4.234184688195417,,366902000.0,177019000.0,493771000.0,1.0435,744.2556634304207,5152126000.0,3210735000.0,386009000.0,5082707000.0,1264640000.0,878631000.0,69419000.0,0.721184169386024,0.569483777295401,18.2174908886616,0.3052323190789474,-168773000.0,-103357000.0,-205067000.0,-372116000.0,203343000.0,43.5857256028869,1.0585,-0.956909900349956,-2.10982493928901,2.0802625790748484,2.799584995264041,0.41508,,,3.5287871760380027,Industrial services,2026-05-15
DNB,Deneb Investments Limited,249.0,-0.4,-0.4,-1.1904761904761905,-1.1904761904761905,23.88059701492537,5.957446808510638,27.040816326530614,52.760736196319016,70.54794520547945,-37.75,0.809716599190285,0.4048582995951421,,,,50.14349458696781,8.0,3.3911764705882206,-7.479907694756655,62.94444444444445,73.70370370370371,,,,,,-1.2,10199.0,84891.66666666666,,,,1103765793.0,24.89498043953073,7.053824362606233,0.1071404603458075,0.2761679417209682,0.5661200993097427,3.877340258029549,4.708273871262012,14.078025632402944,1967914793.0,0.4753974301337233,7.026410138034948,,0.11,,4.4,0.0,0.0,9.999999999999996,5.0,1.0,23.2382054419419,6.76586508322835,5.06962772208822,3.83184986646987,5.799447519818142,4.26160826142664,8.38558907282991,6.74017602984,,16.47234035871352,,,4139515000.000001,16.364902369933645,961949000.0,280074000.0,158620000.0,,0.353,66.58801321378007,3717252000.0,1759821000.0,80289000.0,1772299000.0,942531000.0,862242000.0,1944953000.0,1.23515539624797,0.766496792129575,0.485079097458321,0.0851844660812217,291517000.0,-28966000.0,-138882000.0,240069000.0,51623000.0,9.11907961404591,0.3586,0.64219280081068,0.5288562365070273,0.6169846235185267,,4.39836,,,2.0456915917843386,Distribution services,2026-05-15
ACT,AfroCentric Investment Corporation Limited,125.0,0.0,-3.10077519379845,66.66666666666667,8.695652173913043,-13.194444444444445,-6.015037593984962,-20.88607594936709,-73.34754797441364,-77.06422018348624,-75.24752475247524,4.890854572713643,10.178495653818624,,,,66.37872507387007,45.0,37.76176470588234,92.16636381990745,76.3888888888889,73.30246913580248,,,,,,4.0,51235.0,390.80371683111406,,,,1049696350.0,-58.10055776167045,,,0.1411258010652862,0.5377847570288468,1.3763130053497563,1.5815178601459914,1.6845812491870336,1226254350.0,0.1679056404456381,4.290287802505764,1.824807698317388,,,4.8,9.6,0.0,,1.0,0.0,44.4783989560791,3.91362184018452,-7.37432110564702,-9.0498388727735,8.858252541510714,-14.1481824698134,-25.6745667255897,-20.5260464989887,,40.704920490714045,,,7303235000.0,-17.64536934463024,3248362000.0,285821000.0,-1279311000.0,671991000.0,-1.5658,-621.9333333333334,4180454000.0,1528763000.0,607359000.0,2237445000.0,743692000.0,136333000.0,1943009000.0,1.20813869590884,1.12333855176322,0.390844152568027,0.816680830236173,743396000.0,-221758000.0,-129017000.0,646939000.0,219343000.0,8.92252666908039,-1.5626,0.908223634552042,0.7903799454307847,0.3491939524174186,0.8209865380043225,2.32435,,,0.6155226806922783,Retail trade,2026-05-15
APF,Accelerate Property Fund Ltd.,50.0,0.0,-12.280701754385966,-19.35483870967742,-31.506849315068493,0.0,-13.79310344827586,3.2723922946402677,-22.99626381937849,-90.71941941735616,-88.60344704446766,8.163795460760184,4.947478363120596,,,,13.0408859067917,-10.0,-9.44411764705901,-184.58874458873584,23.52941176470589,23.16102198455137,,,,,,0.0,11025.0,-99.54432960034916,,,,1022747437.0,34.0000629746166,,-3.864790058804509,1.1681876467581058,0.2694241328584284,15.393962050999042,,10.154137621652874,4626008437.0,5.656401084080427,,,0.0,,0.0,,0.0,,0.0,0.0,60.2022899456615,-62.7916843963827,-117.99419443507,-117.99419443507,,-11.4195598565725,-22.8092329507012,-15.3984537542865,,,,,817836000.0,5.612942633440561,492356000.0,-513533000.0,-964999000.0,-501853000.0,-0.521,-0.2501443140273172,7926230000.0,,93401000.0,4130181000.0,3696662000.0,3603261000.0,3796049000.0,0.577590681744311,0.577590681744311,0.973818304242121,0.0252663078204066,61609000.0,-65614999.99999999,86964000.0,,0.0,0.431163170470023,-0.521,0.0324802671556249,,-0.270734617234974,-0.2645769207883883,1.85581,,,0.0124219641508311,Finance,2026-05-15
MTA,Metair Investments Limited,520.0,-0.9523809523809524,-0.7633587786259542,6.776180698151951,17.117117117117118,-13.333333333333334,29.35323383084577,-33.92630241423126,-78.01268498942918,-76.83741648106904,4.0,5.168083177232618,6.352989845539131,,,,49.36407390080832,1.0,-1.205882352935646,-51.91909539735874,80.78552175587215,81.68074095466278,,,,,,-4.761904761904762,5161.0,-94.04667151146025,,,,1011763664.0,-29.8648650057703,,-0.0205339812126145,0.0576141811846578,0.4580920641716506,0.8147683088084215,1.188482528891062,0.778487454233931,5298239664.0,0.296516572752546,6.078486325745321,3.5671799708336644,0.0,0.0,0.0,,0.0,,0.0,0.0,15.9683293434873,4.87813177265293,-0.953091442794562,-1.97574751899666,4.7664645859771015,-3.17189976698982,-14.3890457524065,-6.89823216094207,,11.090197570834343,,,17868275000.0,51.17990512566276,2853265000.0,871638000.0,-451915000.0,1485274000.0,-2.3227,-110.8861449064827,12580989000.0,7023687000.0,1300230000.0,10320040000.0,5538803000.0,4238573000.000001,2260949000.0,1.81441766842106,1.11339169143605,2.5027961461262,0.2347492770549882,1242332000.0,-679951000.0,-179115000.0,851685000.0,490231000.0,91.7939738237535,-2.3227,6.38218244841269,4.3753272543703,4.47783100247723,7.630238659137583,11.35143,,,0.0861594040794249,Producer manufacturing,2026-05-15
SNV,Santova Limited,767.0,-1.918158567774936,-4.720496894409938,1.5894039735099337,14.477611940298509,7.122905027932961,9.72818311874106,6.527777777777778,183.0258302583026,93.19899244332494,667.0,2.7245815258414074,2.9457534656652364,,,,49.5039260002749,-48.0,12.573529411764753,-41.99893673577364,23.87387387387388,23.27327327327328,,,,,,-0.2557544757033248,110.0,-99.59953400320371,,,,984107275.0,22.4177967314377,7.452390205985232,1.964274850944144,1.2653165060961995,0.7539343182644767,5.133009459676126,5.251596615532779,2.600397166019484,1044815275.0,1.2969807590851254,6.26061511681557,4.908001103908306,0.0,0.0,0.0,,0.0,,0.0,0.0,,20.7165068429383,22.6023647705055,16.5710206995004,23.459144089625426,6.28728145677741,10.7206947105259,9.70637721751296,,37.38495708034634,,,805575000.0,30.238141429818604,,166887000.0,133492000.0,212880000.0,1.0292,3.89662830607711,2364319000.0,1340174000.0,381654000.0,1045472000.0,442392000.0,60738000.0,1318847000.0,1.7418611059122,1.74013896687254,0.335430824860848,0.8627054738783703,193347000.0,-264622000.0,27984000.0,188981000.0,6759000.0,6.22575235327759,1.0418,1.49425011978917,1.4605082152186344,1.2897584122911416,1.645207660324281,10.1733,,,0.0026518356729756,Transportation,2026-05-15
BCF,Bowler Metcalf Limited,1330.0,-1.4814814814814816,0.0,-7.381615598885793,-1.6272189349112427,-8.275862068965518,-4.932094353109364,6.2300319488817895,43.78378378378378,29.8828125,417.5097276264592,-4.440892098500626e-16,0.9996582365003418,,,,42.64592473788557,0.0,-34.397058823530415,-80.26526412074153,12.578616352201273,10.48218029350106,,,,,,-1.4814814814814816,633.0,-96.86509508716324,,,,905110715.0,7.913667171856177,6.940458174607317,0.5265272253922363,0.9446280100355284,0.9948172266440478,3.472326271073232,4.649103917009479,3.5098761574074078,652810715.0,0.6635934448859518,4.200192473491867,3.4585814909589883,0.69,0.29,5.48872180451128,5.488721804511278,38.09424411626573,11.650485436893195,22.0,2.0,15.7982050335908,15.7991198992428,17.9994734439914,13.3281694249866,19.891720567501327,12.9548463590554,15.0018306636156,15.0001144033863,,,,,983751000.0,10.993507944137178,155415000.0,155424000.0,131116000.0,188751000.0,1.9163,13.464385102729576,1070700000.0,569000000.0,259200000.0,155700000.0,6900000.0,-252300000.0,915000000.0,5.730110775428,4.61530715005035,0.0075409836065573,37.56521739130435,262003000.0,-65653000.00000001,-55045000.0,195685000.0,66318000.0,14.3816937853603,1.9163,3.83028522140842,2.860766340657573,2.2721810446910222,2.759396517696592,13.36929,,,0.0697029092430682,Producer manufacturing,2026-05-15
EPE,EPE Capital Partners Ltd. Class A,611.0,2.5167785234899327,-7.424242424242424,-13.333333333333334,-19.605263157894736,-23.625,-13.943661971830986,10.88929219600726,58.701298701298704,-40.448343079922026,-40.448343079922026,5.234939585653822,5.681253715323776,,,,39.3563223832791,-67.0,-55.79117647058831,-115.33488492371283,24.289405684754524,26.057473964450697,,,,,,3.02013422818792,680.0,-97.42891712038715,,,,897240706.0,-31.97989733421319,8.606846034652769,,4.303601818555818,0.7729813295278868,,,5.750906720967616,625271705.9991031,1.7508777354246556,1.8183691982850867,1.8183691982850867,0.0,,0.0,,0.0,,0.0,0.0,92.1930784976552,96.2883520617113,50.1818721489291,50.9723649538483,,8.56588122244125,9.13209663669226,8.64813709351002,,,,,357119000.001134,,329239000.001086,343864000.000355,182032000.000112,343864000.0,0.7099,-27.264344262295083,2056053000.00678,,271969000.000897,29240000.000096403,0.0,-271969000.000897,2026813000.00668,31.4735636114911,31.4735636114911,0.0,,-73262000.0003432,312345000.000234,-236933999.99988303,,0.0,1.39507783659642,0.7099,-0.286196456824983,,1.3432974588354785,1.3432974588354785,7.90446,,,0.0112307961643527,Finance,2026-05-15
YRK,York Timber Holdings Limited,191.0,2.6881720430107525,0.0,0.5263157894736842,-13.574660633484164,-15.11111111111111,-16.956521739130434,-6.372549019607843,4.719473089332357,-28.501876994179977,95.37237314556202,2.494884854816944,2.7360122278564245,,,,47.749044328904816,6.0,5.60000000000008,-18.441971383144296,16.0,42.666666666666686,,,,,,2.6881720430107525,1.0,-99.9988114481316,,,,856301593.0,-5.741621554507715,2.8321470937129303,0.0393020983769904,0.4425496371737104,0.2834067569512555,5.918138982485405,14.688035371265814,27.090009162543527,1407144593.0,0.7156859976970198,2.9140487302307183,2.362027127788148,0.0,0.0,0.0,,0.0,,0.0,0.0,43.060695329141,24.5598500214633,21.8401666609024,15.9282007254795,3.0713862842471675,6.49616983153357,10.3995863702763,9.06783474217771,,19.631533333197705,,,1966148000.0,3.4183340697258515,846637000.0,482883000.0,313172000.0,595736000.0,0.6744,70.6909643128322,4990788000.0,1035278000.0,32742000.0,1861073000.0,583585000.0,550843000.0,3129715000.0,2.19960226572559,0.530399476486511,0.186465860309964,0.0561049375840708,149875000.0,-128940000.0,-38423000.0,60388000.0,89487000.0,4.23384755850711,0.6744,0.322736590954116,0.1300378132079209,1.0398266105067315,1.282841072551401,6.73943,,,4.53918222093e-05,Industrial services,2026-05-15
GPL,Grand Parade Investments Limited,210.0,5.0,3.96039603960396,19.318181818181817,9.947643979057592,5.0,0.0,-17.96875,-22.22222222222222,-40.84507042253521,-58.0,3.897435897435898,3.4017541222711483,,,,56.75086288975091,2.0,7.905882352941177,41.11661166116664,42.03703703703704,45.22633744855968,,,,,,-2.5,308014.0,2736.7470989132435,,,,853045288.0,-24.909749544100112,17.100977198697066,,2593.045175112691,0.7806227138906235,47.85005599104144,47.85005599104144,7.006082964420396,726838288.0,2189.271951807229,,,0.0,0.0,0.0,,0.0,-100.0,0.0,0.0,,-14293.3734939759,-11579.5180722892,15728.313253012,5648.493975903614,4.58118335392839,4.64901983565771,4.64243563841491,,14393.373493975903,,,332000.0,-99.96227714256172,,-47454000.0,52451000.0,,0.1228,,1164874000.0,131912000.0,128079000.0,14866000.0,1872000.0,-126207000.0,1149508000.0,10.0397290509171,10.0397290509171,0.0016285228114984,68.41826923076924,18753000.0,600000.0,-973000.0,18753000.0,0.0,0.0007769698643345,0.1228,0.0438870959815212,0.0438870959815212,-0.1110552046449692,,2.69016,,,15.636736538041742,Consumer services,2026-05-15
MST,Mustek Limited,1400.0,-3.3816425120772946,-5.341446923597025,0.0,-6.604402935290193,-3.114186851211073,-5.405405405405405,7.6923076923076925,44.329896907216494,137.28813559322035,174.50980392156862,7.075985149371061,4.58716703283416,,,,45.62920439848908,-7.0,-0.4558823529405345,-36.05870020964458,70.39106145251397,78.66940598602002,,,,,,-7.59144237405107,21.0,110.0,,,,833754600.0,2.401746221983601,10.601241859760714,,0.1118662840206114,0.4777477062138255,12.568343858834456,14.944999861957443,2.1843719317461234,622395600.0,0.088117091226327,5.939796152084288,3.596789218802372,0.1375,,0.948930296756384,0.9489302967563836,0.0,83.33333333333336,23.0,1.0,12.6925327457686,1.48350362487451,1.06028658927391,1.01210783263694,0.7179243521316375,1.6691359627377,4.58760605806831,4.34191618148491,,11.209029120894137,,,7063279000.0,-10.651449551181363,896509000.0,104784000.0,71488000.0,173042000.0,1.3206,,4206055000.000001,3620570000.0,346940000.0,2619226000.0,135041000.0,-211899000.0,1586829000.0,1.45210919746298,0.709883777360128,0.08513013706834,2.5691456668715427,60298000.0,-6834000.0,-16166000.0,50709000.0,10880000.0,130.482850422072,1.3206,1.11390968907643,0.9367681585355552,1.9357178158510249,3.1966758502299304,29.30417,,,0.0351523267492467,Electronic technology,2026-05-15
NTU,Nutun Limited,97.0,-5.825242718446602,-14.912280701754383,-20.49180327868853,-31.690140845070424,4.301075268817204,-7.619047619047619,-51.5,-91.58934325048612,-75.43940673760373,-65.13190993881477,7.993824516509163,7.683987202521897,,,,33.09813690289519,-12.0,-7.861764705881795,-184.9579640990685,28.412698412698408,35.33333333333334,,,,,,-1.9417475728155336,2182616.0,-29.042032193211288,,,,807852917.0,-44.32432659899355,,,0.3778029416181671,0.5449744367661105,,,5.175400304353741,4831852917.0,2.2432000543175485,10.215333862579282,,0.0,,0.0,,0.0,,0.0,0.0,16.6666666666667,21.9591457753018,-4.64252553389044,-5.24605385329619,-16.15598885793872,-1.58374211632796,-7.40740740740741,-2.00265839610102,,,,,2154000000.0,-30.08763388510224,359000000.0,473000000.0,-238000000.0,,-0.3034,76.45141260478113,6604000000.0,,147000000.0,5208000000.0,4171000000.0,4024000000.0,1396000000.0,5.63230605738576,5.63230605738576,2.9878223495702003,0.035243346919204,-297000000.0,603000000.0,-787000000.0,-348000000.0,74000000.0,2.7463516929885,-0.3034,-0.378675233434348,,0.6030753717658129,,1.7799,,,2.4883367905980727,Commercial services,2026-05-15
TEX,Texton Property Fund Limited,261.0,0.3846153846153846,-6.785714285714286,-13.289036544850498,-18.4375,-23.00884955752212,-30.4,-25.214899713467048,1.97004565445079,-69.7003292912489,-73.21172834707953,0.1792114695340431,0.1338112305854241,,,,28.222122581174915,-40.0,-41.608823529411154,-211.96853177760164,1.3685636856368566,1.5537488708220415,,,,,,0.3846153846153846,13000.0,1447.6190476190477,,,,778037153.0,-14.000000352711794,8.521057786483839,0.0666173702478173,3.1839891193989,0.5193058412953596,9.562177822177825,10.017403135029536,13.080912900874637,1427028153.0,5.260758732429155,16.742082605941153,15.297673266583766,0.0,,0.0,0.0,0.0,-100.0,0.0,0.0,54.2706417114271,31.4223675527817,33.875373720319,34.4965512665018,31.70254258844868,3.76332874923763,5.48550130564604,3.88705342242436,,,,,271259000.0,-7.032719969566008,147214000.0,85236000.0,93575000.0,93284000.0,0.3063,128.2414307004471,2262817000.0,,65855999.99999999,759228000.0,709486000.0,643630000.0,1503589000.0,2.0588785240895,2.0588785240895,0.473550087169643,0.0928221275684086,90090000.0,85103000.0,-505970000.0,85996000.0,4094000.000000001,0.821847542870993,0.3063,0.272950372659516,,0.2582439556444283,0.2826274010785918,5.02594,,,0.6131641629130015,Finance,2026-05-15
SZK,SAB Zenzele Kabili Holdings (RF) Limited,3400.0,0.0,0.2949852507374631,13.295568143952016,0.0,-5.2924791086350975,0.0,-11.688311688311687,-24.478009773434028,-24.478009773434028,-24.478009773434028,0.0,0.9496834388537154,,,,52.40373595607036,399.0,96.48529411764684,61.300054854635725,99.16666666666664,98.61111111111109,,,,,,0.0,1109.0,601.8987341772151,,,,767007751.0,-11.688311713731752,1.9040792096951231,,6.265276240595077,0.5006274039318099,8.297447332835707,8.297447332835707,14.214639522600493,4678635751.0,37.97717256242086,5.906764271583335,5.906764271583335,0.0,,0.0,0.0,0.0,,0.0,0.0,,642.943764407935,347.508035975194,326.977336926524,75.03409201597454,7.79402806057518,30.0839921299154,9.39993214140537,,,,,123196000.0,44.42503604881537,,792081000.0,402823000.0,792081000.0,17.8564,,5519993000.0,,53959000.0,3987900000.0,3965587000.0,3911628000.0,1532093000.0,0.0548232166342577,0.0548232166342577,2.5883461382566204,0.0136068128123276,92439000.0,699000.0,-66641000.00000001,92439000.0,0.0,5.4610453250006,17.8564,4.09764577419502,,35.11145038858239,35.11145038858239,67.91478,,,2.1626365054602186,Commercial services,2026-05-15
ENX,enX Group Limited,400.0,0.0,-2.4390243902439024,11.11111111111111,5.2631578947368425,2.5641025641025643,14.285714285714286,-10.913140311804009,-27.272727272727277,-78.35497835497836,-82.68398268398268,3.25803689432438,2.3250118660477312,,,,51.45390591254104,-20.0,2.920588235294133,11.724608043628608,66.66666666666667,68.70370370370371,,,,,,-4.75,24641.0,-8.76406990521327,,,,721683472.0,-10.9131357693229,,,,0.7634738825128216,,,4.155308795564414,550353472.0,,,,0.0,,0.0,0.0,,,0.0,0.0,,,,,,-0.101514607947539,-0.172299433895323,-0.170130064967751,,,,,,,,,,,,,1554243000.0,611359000.0,174588000.0,604024000.0,3258000.0,-171330000.0,950219000.0,2.97382527483218,2.13354898336414,0.0034286832824854,53.58747697974217,,,,,,,,,,,,5.23921,,,0.2314856567387399,Distribution services,2026-05-15
ADR,Adcorp Holdings Limited,649.0,0.0,12.869565217391305,11.89655172413793,-0.4601226993865031,-7.15307582260372,3.179650238473768,58.67970660146699,-12.178619756427604,-52.8,3.015873015873016,7.691895114066509,6.892981291044805,,,,53.720309454519615,14.0,38.68235294116687,67.07888326775303,55.87529976019184,50.53171256098569,,,,,,0.0,12112.0,18251.515151515152,,,,696612884.0,50.61727455033035,4.232976780589617,0.0434045268684677,0.0543587746274795,0.4495459170632807,6.182049997149678,6.273411993528152,2.7427026424608383,804751884.0,0.0625689546752253,3.993250982493748,2.982241424802111,0.634182,0.247768,11.5246533127889,11.524637904468412,46.99063893949865,57.365260545905706,4.0,2.0,9.93089635697536,1.56686757104738,1.35127633371275,1.27271059195263,0.8601646420729849,5.21818769237194,11.2500678671302,9.34779467904253,,8.481492539170134,,,12861840000.0,-3.2438537229274824,1277296000.0,201528000.0,163694000.0,269848000.0,1.5332,98.2415309025084,3173425000.0,2049224000.0,253052000.0,1686552000.0,360441000.0,107389000.0,1486873000.0,1.57849841050492,1.57849841050492,0.2425377980153729,0.702062196032083,112268000.0,-5462000.0,-114358000.0,110633000.0,5625000.0,120.270550950706,1.5917,1.04981357365151,1.0345247541043514,1.884480260366633,2.523337845358537,14.43679,,,0.5077086878882638,Commercial services,2026-05-15
RMH,RMB Holdings Limited,48.0,-2.0408163265306123,0.0,2.127659574468085,4.3478260869565215,11.627906976744184,4.3478260869565215,17.073170731707318,-63.07692307692308,-99.09587492936522,-95.33980582524272,2.526595744680852,2.3708965824727315,,,,51.03923452539517,0.0,0.4058823529487512,-45.80152671758109,66.66666666666667,72.22222222222223,,,,,,-2.0408163265306123,18067887.0,2590.9601759828665,,,,682537295.0,19.51219859405372,,-0.0266474007742754,51.21350215215102,0.9866595407922054,,,4.204051256456728,528537295.0,40.656715,,,0.0,,0.0,,0.0,,0.0,0.0,,-338.461538461538,-2430.76923076923,-1884.61538461538,-184.6153846153846,-29.1319857312723,-30.9930423782416,-30.9930423782416,,,,,13000000.0,-35.0,,-44000000.0,-245000000.0,-44000000.0,-0.1816,-102.00222469410458,720000000.0,,154000000.0,58000000.0,0.0,-154000000.0,662000000.0,3.5,3.5,0.0,,-24000000.0,4000000.0,0.0,-24000000.0,0.0,0.0096381985013263,-0.1816,-0.0177935972332179,,-0.0326215949275662,-0.0326215949275662,0.48649,,,11.736880082868035,Finance,2026-05-15
NWL,Nu-World Holdings Limited,3050.0,0.0,5.172413793103448,5.902777777777778,9.31899641577061,15.09433962264151,10.507246376811594,17.307692307692307,6.013208202989225,34.36123348017621,167.5438596491228,4.098592201537464,1.243586447482864,,,,60.22108354273435,135.0,183.60882352941144,94.60745600712808,48.894625162443134,52.59660688918192,,,,,,0.0,117452.0,11645.2,,,,630151113.0,16.47059141960565,6.881147910838372,0.4274012026821535,0.2730803726740223,0.4060515256753702,,,2.448851222746825,417030113.0,0.1797266253741879,3.681962450226464,3.373675204064297,1.485,,4.86885245901639,4.868852459016393,0.0,9.432571849668395,31.0,2.0,,4.88127263120605,4.69992130524686,3.94508088838015,-2.2086247036017714,4.99942927642628,5.88026901235056,5.83988917352554,,,,,2320358000.0,-0.7782149419492448,,113263000.0,91540000.0,123613000.0,4.4324,16.20176174496645,1721132000.0,1578270000.0,257126000.0,162592000.0,37124000.0,-220002000.0,1558540000.0,10.8068856432694,6.20437131529755,0.0239253598889962,6.926139424630966,-50784000.0,-275000.0,-57355000.0,-51248000.0,464000.0,112.394857391721,4.4324,-2.45990508265584,-2.4823805859315264,5.486299412745132,5.9876387638298825,75.11362,,,5.5091089889116125,Distribution services,2026-05-15
FGL,Finbond Group Limited,114.0,0.8849557522123894,3.636363636363636,3.636363636363636,-8.8,-10.236220472440944,-8.8,52.0,-17.391304347826086,-65.54962816761764,-43.11221428614879,5.807807528783608,5.419460181613996,,,,54.29982776858713,4.0,1.79705882352998,142.04045734388694,96.49122807017544,86.54970760233918,,,,,,0.0,55298.0,5.383721151830465,,,,582763702.0,57.142863039110594,5.737292400603926,0.0062693905320407,0.3707450447709884,0.7652085193215152,1.4757584998456297,1.6647837417549347,0.5107308473127472,2706443702.0,1.844123961232049,20.969617650021306,10.253428432876817,0.095707,,13.3390265486726,0.0,75.85858077503775,,1.0,0.0,64.2614765290909,-9.07724427025274,-14.1565435907779,6.48410606675915,22.302814655724568,2.15696834439686,14.1599886316544,2.56214295858976,,,,,1467604000.0,34.26551674609194,943104000.0,-133218000.0,95161000.0,263955000.0,0.1987,913.7755102040816,4620508000.0,,1066926000.0,3912364000.0,3191014000.0,2124088000.0,708144000.0,14.6763388510224,14.6763388510224,4.503570662421391,0.3343532808066651,369242000.0,-461064000.0,194802000.0,327317000.0,44425000.0,3.07034621845927,0.1987,0.772484115876174,,0.2700144144370315,0.5522151998041812,1.48979,,,1.0463613502144835,Finance,2026-05-15
HLM,Hulamin Limited,174.0,-1.1363636363636365,-8.421052631578947,-8.900523560209423,-21.973094170403588,-30.4,-26.271186440677965,-22.666666666666668,-20.90909090909091,-67.89667896678966,-93.84710262184151,1.8963884886805795,1.9111217660259068,,,,30.19520552443238,-16.0,-6.2941176470578455,-257.4257425742616,0.0,5.876068376068371,,,,,,0.0,71411.0,-48.75568695552335,,,,570800471.0,-13.636366656046354,,,0.0419155550529055,0.154067105964522,1.8914603191058272,,8.973006558456754,2272012471.0,0.174116262967452,20.4242363067574,7.868468708116738,0.0,0.0,0.0,,0.0,,0.0,0.0,9.04623282527223,0.852498278772095,-0.588198599352708,-0.51963303359751,-2.2001522895856365,-0.919779720041386,-1.81884462084067,-1.48564946880133,,8.193734546500128,,,13048824000.0,-4.299678571955049,1180427000.0,111241000.0,-147568000.0,288749000.0,-0.4784,-164.7273711270464,7452866000.0,4921930000.0,59822000.0,3784439000.0,1761034000.0,1701212000.0,3668427000.0,2.66190559889672,0.574794283473723,0.480051531623772,0.0339698154606895,283793000.0,-582976000.0,327625000.0,-287094000.0,585934000.0,42.298182637264,-0.4784,0.919924136088972,-0.930624433746877,0.3605912789345522,0.9359891694705462,11.29378,,,0.3786048070102144,Non-energy minerals,2026-05-15
PBT,PBT Holdings Limited,660.0,0.0,-0.151285930408472,-3.7900874635568513,-8.07799442896936,-9.58904109589041,-8.333333333333334,-54.48275862068966,10.0,10.0,186.95652173913044,3.039235529911366e-15,0.093200191802676,,,,45.60775329782999,-26.0,-12.038235294118294,-41.90644828094644,11.561461794019928,17.925433739387227,,,,,,0.0,500.0,83.15018315018315,,,,570772395.0,11.161783203424577,9.33786078098472,0.7118214041481634,0.5946491109251699,2.6807582484088077,6.217293703967572,6.244774601512968,28.76741581247441,611760621.0,0.5531480706973766,4.392648976607746,4.207175401335558,0.62,0.3,9.84848484848485,7.196969696969697,91.96378041878891,3.3333333333333366,6.0,1.0,22.3290091058147,12.592585422028,13.1932154042001,6.36188272666455,9.452784223854,19.2522896259002,29.3135939055247,28.586187675643,,9.880477577772483,,,1105961773.0,3.0133383700710765,246950305.0,139269181.0,70359991.0,145408870.0,0.7068,13.214800576645846,371640601.0,200956553.0,22694247.0,103883111.0,34943553.0,12249306.0,267757490.00000003,2.01864038842538,2.01864038842538,0.146195975484248,0.6494544787703758,105006273.0,-5567065.0,-116560798.0,104544180.0,861691.0,11.1806595502915,0.7068,1.06155512579182,1.0568836220927764,1.4079340945071344,1.4700029519578963,2.46199,,,0.054542281176368,Technology services,2026-05-15
AEG,Aveng Limited,440.0,0.6864988558352403,-2.2222222222222223,-1.5659955257270697,-14.396887159533074,1.1494252873563218,-32.098765432098766,-26.788685524126457,-76.48670804293526,-99.2536716172788,-99.69347229069898,3.333221744407268,4.135868222282849,,,,44.26851993122667,-30.0,-0.3117647060209947,-57.647605764742366,33.333333333333336,46.54088050314465,,,,,,0.0,10500.0,258.2395087001024,,,,543090627.0,-29.53846271925542,,-0.0011697080737534,0.0202320214371063,0.2654041471810762,0.3673672535087106,0.5993751857096141,0.169288544111289,-1586728865.67052,,,,0.0,0.0,0.0,,0.0,,0.0,0.0,4.58596423475999,-0.674894025926264,-1.75489497225665,-2.48893419967215,3.3738634008066994,-6.1605060959217,-27.5624926390977,-20.9642380550316,,5.208083064700389,,,28568744062.6534,-19.53102282971213,1310152385.0333998,-192808746.961012,-710430980.141947,524700730.0,-5.4221,-694.0978324545988,10473650255.3015,6092331924.00653,3412634936.59802,8299786640.49404,1281058540.912,-2131576395.68602,2173863614.8075104,0.884761782499158,0.853606560007703,0.589776981930652,2.66391802373725,1572595255.78891,-553622131.673718,-418656310.227789,963870400.0,608724858.850599,217.58373238883,-5.4221,11.9771154287046,7.340977913175933,-1.468459634424981,3.996197486671744,16.57849,,,0.2252730631343868,Industrial services,2026-05-15
SEP,Sephaku Holdings Limited,203.0,1.5,1.5,-0.975609756097561,5.181347150259067,26.875,19.41176470588235,41.95804195804196,54.96183206106871,-56.06060606060606,-72.93333333333334,5.315582432634666,8.178743934704826,,,,50.13762606162753,-2.0,-2.0,-62.0065472751779,62.29444987509503,62.40318094455543,,,,,,-6.0,600.0,-97.6,,,,508972870.0,72.26889518991472,6.043465317058649,1.5647928516246787,0.3760028688476035,0.3533089207891842,3.693135413234493,5.684353167005699,10.375908609915228,639951870.0,0.5185416560388018,5.973190584498255,4.178327656583016,0.0,0.0,0.0,,0.0,,0.0,0.0,27.8260033748484,8.68115044285548,8.00508761978449,6.28911176826408,6.664873123060319,4.89541447754322,6.03570090209327,5.54497051459875,,19.01589018799231,,,1234137822.0,7.241071030442449,343411232.0,107137361.0,77616307.0,153159810.0,0.3359,3.83307573415764,1651423000.0,208134000.0,45062000.0,328050000.0,176041000.0,130979000.0,1323373000.0,1.19840392454916,1.03860061263502,0.13302447609253,0.2559744604949983,126602234.0,-30767367.0,-58912177.0,82253720.0,44348511.0,5.35825155828037,0.3359,0.54966844506308,0.3571206679737893,0.4651578745392711,0.6649733732886325,5.74568,,,0.033845338086723,Non-energy minerals,2026-05-15
NRL,Newpark REIT Ltd.,480.0,0.0,0.0,0.0,0.0,0.0,-0.2079002079002079,0.0,19.70074812967581,-21.311475409836067,-26.153846153846157,0.0,1.5543122344752194e-15,,,,53.90369115473515,0.0,15.514705882352928,47.44209092035226,64.51612903225805,86.27099585353854,,,,,,0.0,2400.0,-46.66666666666666,,,,480000019.0,0.0,9.667673716012084,,3.780672985446604,0.818842940806185,8.046266110133267,8.046266110133267,31.13648188894655,960334019.0,7.512528408601982,11.026281864630576,11.003666830900382,0.78368,,15.4933333333333,15.493333333333334,149.78449144008056,11.36880400181902,9.0,4.0,75.7914746814153,68.1329255032035,38.8411261744021,38.8411261744021,46.667083884190845,4.48472536916947,8.2675673943034,4.9235916605061,,,,,127831000.0,-2.3713875481151097,96885000.0,87095000.0,49651000.0,87274000.0,0.4965,,1101695000.0,,15416000.0,515502000.0,495750000.0,480334000.0,586193000.0,1.02083219121759,1.02083219121759,0.8457112248013879,0.0310963187090267,59655000.0,-2819000.0,-52626000.0,59655000.0,0.0,1.2783099872169,0.4965,0.5965499940345,,0.8709499912905001,0.8727399912726002,5.86193,,,1.5247776365946633,Finance,2026-05-15
CGR,Calgro M3 Holdings Limited,427.0,0.4705882352941176,0.4705882352941176,-8.369098712446352,-18.9753320683112,-17.0873786407767,-10.855949895615868,-13.034623217922608,103.33333333333331,-81.01378390395732,33.4375,4.658131627503306,3.412614777984227,,,,40.11031289156998,1.0,-24.53235294117644,-104.3693377461302,36.02642276422764,27.99927540781199,,,,,,-0.2352941176470588,73634.0,-2.9688879518231053,,,,402609291.0,-13.216151437927172,2.814951545916013,,0.5104959910849662,0.2743653454079787,,,2.562005228262001,1497883291.0,1.8224031438528905,9.805934669710975,9.54599210756431,0.08637,,2.03223529411765,2.032235294117647,0.0,-9.021962395323118,2.0,0.0,28.7652458531815,18.5846960760653,18.7951760714686,17.9466050167536,-10.18191607764362,4.52187987081314,10.2680035222542,10.2680035222542,,10.216739586296148,,,821927517.0,-25.458538569500007,236429471.0,152752731.0,147508085.0,156912270.0,1.5169,-27.52508361204013,3466473000.0,3074585000.0,163343000.0,1961831000.0,1255294000.0,1091951000.0,1504642000.0,1.94499076716362,1.65588564061461,0.836127431944843,0.1301233017922494,-82777589.0,-94023894.0,171230997.0,-83687970.0,910384.0,8.38650202028447,1.5332,-0.844617564230761,-0.8539065975552518,1.558605901679489,1.6010475889231273,15.56319,,,1.1854062729908512,Finance,2026-05-15
4SI,4Sight Holdings Limited,69.0,-2.8169014084507045,0.0,1.4705882352941178,-4.166666666666667,-8.0,-8.0,-5.47945205479452,122.58064516129032,-66.34146341463415,-66.34146341463415,5.13836412343875,5.210109074999692,,,,49.65987201253286,2.0,-1.6735294117647044,-52.05479452055119,45.833333333333336,36.26543209876544,,,,,,-5.633802816901409,22078.0,-59.282210172992514,,,,377205213.0,-5.887466855290964,7.921928817451207,0.2884674665484255,0.3902169198343805,0.9999855074564136,8.148783564999466,9.003811209047104,3.0222441769502946,282767212.9997121,0.2725811287970412,5.207115737325282,4.755987099482165,0.0,0.0,0.0,,0.0,-100.0,0.0,0.0,43.2165410765114,5.23478145192107,6.48872291344591,4.68724243735726,4.181058042017802,8.54369409695046,13.9157311811731,13.1373076138444,,37.981759624590325,,,1037369000.0024,0.7315735044907655,448315000.001032,54304000.0001046,48624000.0001011,59455000.0,0.0871,28.46607669616519,611686000.001866,297349000.000907,129216000.000394,229122000.00069895,31343000.0000956,-97873000.0002984,382564000.001167,1.54868464226749,1.5424346748194,0.0826710697414335,4.1226430143891735,47924000.000118494,-26743000.000059903,-2384000.0000186297,43373000.0,10379000.0000282,1.83289047375332,0.0891,0.0846752149564602,0.0766342145542414,0.0959478105538821,0.1050489296641326,0.69001,,,0.2385665691278997,Commercial services,2026-05-15
ANI,Afine Investments Limited,480.0,-4.0,-4.0,-4.0,-3.8076152304609217,6.666666666666667,19.70074812967581,23.711340206185568,26.984126984126984,26.984126984126984,26.984126984126984,-1.7763568394002505e-15,-3.1086244689504387e-15,,,,49.55208803376448,-20.0,17.09117647058821,-40.15409018807741,89.55223880597016,95.68822553897184,,,,,,-4.0,7500.0,107042.85714285712,,,,348175584.0,,4.786597526924612,1.1801896015394786,7.003859720920279,1.03272001239264,9.644042269125688,9.644043070510596,32.69290451359888,444723324.0,8.533176890367955,9.653933722827892,9.653933722827892,0.428,,9.33333333333333,9.333333333333334,44.67491025129637,4.390243902439028,4.0,3.0,,88.3906700638967,139.575723607877,139.575723607877,69.27236944127796,16.9428821315873,22.9983194146512,17.309615880703,,,,,52116970.0,19.76157420897156,,46066539.0,72742638.0,46066540.0,1.0028,4.252001247530922,447768322.0,,10649883.0,110624382.0,107197623.0,96547740.0,337143940.0,2.41721294834665,2.41721294834665,0.317958030033107,0.0993481264038849,36102663.0,0.0,-36315487.0,36102660.0,0.0,0.71849219259495,1.0028,0.497716607419552,,0.6350800771776063,0.6350800771776063,4.64792,,,91.46341463414636,Finance,2026-05-15
ISA,ISA Holdings Limited,210.0,-1.8691588785046729,-2.3255813953488373,-4.97737556561086,-17.647058823529413,-0.4739336492890995,-8.695652173913043,23.529411764705884,233.33333333333331,100.0,20900.0,4.563757732362383,7.793762124903056,,,,44.68811917731221,-25.0,-14.938235294117646,-117.44513914429312,51.04166666666666,55.20833333333332,,,,,,-6.5420560747663545,69171.0,1053.811509591326,,,,333832735.0,29.44444356598272,10.796915167095117,,2.1556415000492657,4.930619144889765,10.248852379801884,10.24955990473232,11.299516724380684,307553735.0,2.174954104110829,10.932911556645694,,0.167,0.094,12.196261682243,12.196261682242987,134.19023136246787,-11.640211640211636,5.0,0.0,43.2220469990877,19.893640343123,21.5986478745748,19.4459963085279,20.48767034163797,30.3018281596086,46.2652791681739,46.2652791681739,,23.3284066559647,,,141407000.0,46.11481948376697,61119000.0,28131000.0,27498000.0,,0.1945,-10.697887970615238,98941000.0,46752000.0,26279000.0,38718000.0,0.0,-26279000.0,60223000.0,1.24456275788633,1.24456275788633,0.0,,28973000.0,29000.0,-26162000.0,28971000.0,2000.0,1.00004950495049,0.1945,0.20490099009901,0.2048868458274398,0.1989462517680339,,0.42591,,,1.2984153442430932,Technology services,2026-05-15
VUN,Vunani Limited,204.0,2.0,-18.4,-21.53846153846154,-24.1635687732342,2.0,-24.1635687732342,16.571428571428573,-27.142857142857142,36.0,-97.08571428571427,1.2082238836128505,3.9173015084637486,,,,43.024838548362,-16.0,-19.45294117647057,-96.34864546525402,28.15806878306878,44.108245149911816,,,,,,1.0,12457.0,518.8276204669647,,,,328195608.0,17.777774447333925,,-0.5434137671382194,0.4173173459790225,1.169664409520151,44.73634976845546,76.52709226467847,1.5591011491961324,303540608.0,0.3905028618036374,7.031448678449814,4.371138619279399,0.35,,17.156862745098,17.156862745098035,0.0,94.44444444444444,5.0,1.0,68.7297296949596,5.5536615519994,2.90104167336715,-0.897714802516895,0.5521627876759119,-0.344689531203961,-2.33327203116379,-2.10909057936519,,,,,777307000.0,11.921803749123482,534241000.0,43169000.0,-6978000.0,69442000.0,-0.0439,-84.45378151260503,2658709000.0,,210669000.0,2260280000.0,68195000.0,-142474000.0,398429000.0,1.0831165949074,1.0831165949074,0.24302412601119,3.0892147518146493,7342000.0,75374000.0,-49689000.0,4292000.0,61589000.0,4.82778388517269,-0.0439,0.0456005018415348,,0.2681187774444589,0.4312980180985919,1.74409,,,3.4112878933099653,Finance,2026-05-15
MHB,Mahube Infrastructure Ltd.,580.0,-3.333333333333333,-3.333333333333333,9.227871939736346,-4.918032786885246,-3.333333333333333,-3.333333333333333,50.64935064935065,15.768463073852296,13.72549019607843,13.72549019607843,5.551115123125783e-17,1.491862189340054e-16,,,,49.46882815199883,-19.0,-1.4705882352941444,3.706277507527651,74.50980392156863,73.85620915032682,,,,,,-3.333333333333333,635.0,-87.3,,,,319875816.0,103.38982669559007,,,16.887016305655568,0.5655904520530445,20.5661685685436,20.6094785001556,28.307592920353983,308575816.0,15.648513137819435,,,0.35,,6.03448275862069,6.0344827586206895,0.0,-36.36363636363637,9.0,0.0,,-108.148884299335,-108.148884299335,-108.260815942734,78.70921394390781,-3.63825648445682,-3.64373355590204,-3.64373355590204,,,,,19719178.0,-51.9210909315399,,-21326071.0,-21348143.0,-21305020.0,-0.3871,-133.47168179853003,566688000.0,,11300000.0,1127000.0,0.0,-11300000.0,565561000.0,10.5173025732032,10.5173025732032,0.0,,15553495.0,1790912.0,-19303400.0,15520810.0,32683.0,0.357548874907073,-0.3871,0.282016554550235,,-0.3866851009047887,-0.3863034215154756,10.25477,,,0.0166115998671072,Finance,2026-05-15
GRSP,Goldrush Holdings Limited Non-Cum Pref Registered Shs,615.0,-1.1254019292604502,2.842809364548495,-2.380952380952381,0.0,2.5,-11.510791366906474,2.671118530884808,-10.869565217391305,-10.869565217391305,-10.869565217391305,1.8841214244016349,1.5402401821558285,,,,52.36663972389148,5.0,-7.705882352941217,-5.401563610519256,76.44444444444444,60.59259259259258,,,,,,-1.1254019292604502,23001.0,228.5857142857143,,,,306045491.0,18.44659761224138,,,,0.3889972599412519,,,4.89133383194079,777937717.0,,,,0.0,,0.0,,,,0.0,0.0,,,,,,,,,,,,,,,,,,,,,3379511277.0,,61411035.0,2122841800.0,45527103.0,-15883932.0,1256669477.0,0.589309109889724,0.585379897997572,0.0592112089869778,1.348889583420232,,,,,,,,,,,,15.80988,,,0.5776083533604044,Finance,2026-05-15
CKS,Crookes Brothers Limited,1900.0,-1.2987012987012987,-1.2474012474012477,6.145251396648045,0.0,-24.0,-21.649484536082475,-37.704918032786885,-57.9646017699115,-62.56895193065406,40.74074074074074,-1.3877787807814457e-17,0.4126360793027456,,,,51.071790387604565,125.0,60.935294117635976,61.66858900422079,94.91869918699189,98.24274099883856,,,,,,-1.2987012987012987,25.0,-98.89819303658,,,,290022033.0,-30.000000095290567,5.781050325564413,0.2110875832672941,0.3637034042115089,0.2830426187698968,2.8892138031952213,24.310036937088885,1.9455248565836536,680668033.0,0.8435018470670608,8.295164680218388,4.780710734804535,1.5,,7.89473684210526,7.894736842105263,0.0,-25.0,2.0,0.0,,10.1685967619012,7.22196405003997,6.17940281676178,1.4694747538586417,2.6909217479524,4.9817897178218,3.65519420212091,,,,,806955000.0,6.710437576863569,,82056000.0,49865000.0,142378000.0,3.2866,27.88326848249028,1869825000.0,704540000.0,148170000.0,762238000.0,449692000.0,301522000.0,1107587000.0,4.13960457122712,1.72178971180117,0.4415398497539919,0.3294921857626998,99774000.0,-83071000.0,-58792000.0,11858000.0,87916000.0,53.1870438890742,3.2866,6.5761834513554,0.7815701822736614,5.408376022655385,9.384246872302189,67.1277,,,0.0062411064233467,Process industries,2026-05-15
AME,African Media Entertainment Limited,4011.0,0.2499375156210947,-0.9629629629629628,0.224887556221889,-7.793103448275862,-10.846854856634808,-6.72093023255814,2.8197897974878234,84.32904411764706,-44.29166666666666,597.5652173913044,0.255873458943944,0.0894063793187609,,,,45.08726769796085,-671.0,-257.7911764705882,-74.4512614156662,34.03939056112969,38.37694183585478,,,,,,0.2499375156210947,750.0,762.0689655172414,,,,277945352.0,3.8195379604697126,4.768131619928436,6.028979971001812,0.8184878483970294,0.8435494440691598,4.378531260337414,4.888452542164225,4.63201019847023,227290352.0,0.6662944249338953,3.5380886349838887,3.2343909040456507,4.5,1.2,11.2191473448018,11.219147344801796,53.49437120338559,0.0,5.0,0.0,70.9230606872534,18.8320444645087,23.060980400204,17.0875277756606,16.668620978758582,13.02451956862,18.8774568383417,18.8219566891568,,53.86953794199211,,,341126000.0,13.262412760390726,241937000.0,64241000.0,58290000.0,70273000.0,8.4121,0.7944115603057827,468684000.0,161576000.0,60009000.0,132295000.0,2460000.0,-57549000.0,336389000.0,1.33811460136316,1.33811460136316,0.0074659706520584,24.39390243902439,63483000.0,-5077000.0,-64539000.0,56861000.0,6622000.0,49.224531024531,8.4121,9.16060606060606,8.205050505050504,9.26998556998557,10.14040404040404,47.54908,,,1.020685900925422,Consumer services,2026-05-15
CCC,Cilo Cybin Holdings Limited,90.0,9.75609756097561,11.11111111111111,-10.0,-52.63157894736842,-66.66666666666667,-58.13953488372093,-74.28571428571429,-77.5,-77.5,-77.5,2.941176470588235,4.593355248435465,,,,37.76454757380331,-10.0,-60.17058823529412,-47.66061452513992,13.065894678797898,9.996323867291604,,,,,,3.658536585365853,605.0,2320.0,,,,259279898.4,,,,3.2986150560683147,2.588438308886971,15.952946250220473,48.412201584009054,1.1459070072475128,206656071.4,11.141837456878203,29.705408539784525,23.02082132847346,,,0.0,,0.0,,0.0,0.0,58.7024197807228,37.5077684603878,-1157.90295914519,-1150.51242589737,7.4336759354434,-251.629665728183,-266.64353777524,-260.306683481746,,21.194651320334994,,,18547755.0,,10887981.0,6956849.0,-213394226.0,8976920.0,-2.878,,108935161.0,90079556.0,58250604.0,8767283.0,5626777.0,-52623827.0,100167878.0,18.4936958318149,14.8445359872301,0.0561734671068903,10.352392497516783,4184166.000000001,-2805386.0,-4595160.0,1378780.0,2805386.0,0.250082931739847,-2.878,0.056415911260753,0.0185903547153963,0.0938005404791227,0.1210375310431944,0.3477,,,0.127373784159333,Finance,2026-05-15
PPR,Putprop Limited,580.0,0.0,-3.333333333333333,28.88888888888889,-3.333333333333333,65.71428571428571,-3.333333333333333,92.69102990033224,92.05298013245032,-3.333333333333333,49.6249058394989,9.66748965320394,12.513209703461804,,,,57.98428106741304,65.0,121.10294117647226,62.78870829769033,81.6,84.26666666666668,,,,,,-10.344827586206897,16000.0,10566.666666666668,,,,245949775.0,79.20489789541514,4.663504060464742,0.0796786575256864,1.7974181352056589,0.3355555208429154,9.389904608101402,,7.0307521411011376,638600775.0,4.632846120921054,10.89149071342077,,0.24,,4.39655172413793,2.931034482758621,20.503336817560506,65.51724137931035,33.0,3.0,62.1283788685597,42.5363822347325,51.8717081876351,38.2611976030528,,4.30192779221542,7.4294351572592,5.49996897533618,,,,,137842000.0,-5.007959533867645,85639000.0,58633000.0,52740000.0,,1.2437,58.95961145194275,1232815000.0,,34982000.0,477302000.0,405083000.0,370101000.0,755513000.0,0.741445885671957,0.741445885671957,0.552665004918393,0.0863576106625062,26193000.0,39421000.0,-53134000.0,,0.0,3.25059704446629,1.2437,0.61768465624197,,1.3826863837451,,17.28477,,,2.55922199651306,Finance,2026-05-15
DLT,Delta Property Fund Limited,34.0,0.0,3.0303030303030303,-10.526315789473683,-5.555555555555555,9.67741935483871,-8.108108108108109,61.90476190476191,13.333333333333334,-95.05813953488372,-95.90854392298436,0.606060606060606,3.193376957042786,,,,51.91635446716351,0.0,-0.3294117647058812,16.72640382317918,55.55555555555557,48.14814814814815,,,,,,0.0,172.0,-99.11294481691594,,,,242840728.0,70.00000007000473,,,0.2128241843345468,0.0984186439647661,1.792367620270729,1.79715611026827,12.682302036766242,4048158728.0,3.521865269575687,7.344944339915339,7.3171308283506,0.0,,0.0,,0.0,,0.0,0.0,62.6548150571237,47.9495161105099,-4.84820381474045,-7.22780563685146,11.755765436266136,-1.24803489973012,-3.31128770904798,-2.78290236293295,,,,,1149436000.0,-5.1178931449948655,720177000.0,551149000.0,-83079000.0,553244000.0,-0.1163,20.505809979494195,6521977000.0,,19148000.0,4054553000.0,3824466000.0,3805318000.0,2467424000.0,0.0497850607191052,0.0497850607191052,1.5499833024239005,0.0050067120481656,135486000.0,-61501000.0,-60380000.0,135125000.0,361000.0,1.60931923182237,-0.1163,0.18969322819425,,0.7716607843322013,0.7745939826926737,3.45463,,,0.0017551683073748,Finance,2026-05-15
HUG,Huge Group Limited,149.0,0.0,0.0,4.929577464788732,3.4722222222222223,11.194029850746269,0.0,-20.74468085106383,-74.08695652173913,-72.66055045871559,-46.90476139569921,3.186274509803922,2.680141276944016,,,,56.48778429424211,-1.0,9.53823529412395,64.39947145142224,76.23456790123456,74.17695473251028,,,,,,0.0,4000.0,-97.39583333333334,,,,242743046.0,-23.07692511087548,,,4.513482774385231,0.1570318658758162,80.86440393518518,83.42309850746268,49.00357355777661,541856046.0,8.687210151665758,,,0.0,,0.0,,0.0,,0.0,0.0,99.823644467246,-85.5164010645461,-134.023791964601,-96.4793022733831,5.370827588418251,-2.94724294086634,-3.60899243513733,-3.05868623586111,,,,,62374000.0,-60.25475089986598,62264000.0,-53340000.0,-60178000.0,-50296000.0,-0.3648,-280.2371541501976,1994339000.0,,5703000.0,356983000.0,304816000.0,299113000.0,1637356000.0,0.693518549661969,0.693518549661969,0.186163546595853,0.0187096477875177,3456000.0,-47320000.0,0.0,3350000.0,106000.0,0.332551369680426,-0.3487,0.0184259071666969,,-0.2687431356031605,-0.2681566628634798,9.48852,,,0.0067173276321134,Communications,2026-05-15
TMT,Trematon Capital Investments Limited,110.0,-0.9009009009009008,-8.333333333333334,-0.9009009009009008,1.851851851851852,-8.333333333333334,5.769230769230769,-35.294117647058826,-62.71186440677966,-65.07936507936508,450.0,0.2272727272727286,1.3713219148001752,,,,48.23418949134378,-5.0,2.8529411764709067,-42.52657911194496,4.4444444444444535,11.111111111111155,,,,,,0.0,118927.0,23496.626984126982,,,,240888340.0,-56.48321277417548,,-0.0073946169312471,0.8361184678692412,0.7668177065179504,,,2.471465391653416,383802151.0,1.2897979269655848,,34.07512920154731,,,120.909090909091,0.0,0.0,,10.0,0.0,,-0.713810768280397,-21.9038063477731,-23.3170667807113,-12.706921847622825,-4.58443355973139,-13.3707342470386,-6.00615214038209,,,,,297567660.0,-47.54697129243981,,-2124070.0,-63836026.0,11263410.0,-0.2866,-527.133479212254,642319709.0,,99124094.0,316677934.0,235874168.0,136750074.0,325641775.0,1.68153250044902,1.36580563706651,0.7383110572376811,0.42024141448164,-32740752.0,78699886.0,-165680781.0,-37811690.0,5756703.0,1.33611749535265,-0.2866,-0.14701023477552,,-0.0095373505587055,0.0505741758305656,1.4345,,,3.3346698893555926,Finance,2026-05-15
ISB,Insimbi Industrial Holdings Limited,70.0,0.0,0.0,1.4492753623188406,6.0606060606060606,2.9411764705882355,-2.7777777777777777,7.6923076923076925,-30.0,-39.130434782608695,-12.5,7.6923076923076925,2.168831168831169,,,,54.75260095958059,2.0,1.2764705882352845,49.23798358733837,85.1851851851852,74.07407407407408,,,,,,-7.142857142857142,53568.0,13530.53435114504,,,,222279455.0,1.5384694244780075,,-0.0047569494375517,0.0449049693775259,0.4100665479426376,,,3.826880602610859,796157455.0,0.1582107783424458,22.34326200432184,14.544610880724894,0.0,0.0,0.0,,0.0,-100.0,0.0,0.0,5.68702956009011,0.708091675744765,-2.16393913030691,-2.18083015616449,-1.332900658114111,-7.40572537576912,-18.2156482452013,-14.7850114243835,,4.989410320377055,,,5032258000.0,-4.474981017463933,286185999.999999,35633000.0,-109745000.0,54739000.0,-0.3421,-432.8660436137072,1406303000.0,1006784000.0,58678000.0,858699000.0,632556000.0,573878000.0,547604000.0,1.38872121957814,0.870382580292756,1.15513400194301,0.0927633284641992,-63005000.0,5060000.0,15302000.0,-67075000.0,4070000.000000001,15.6870298730326,-0.3421,-0.196405136054316,-0.2090925244162087,0.1110785527025384,0.1706375802313655,1.70704,,,0.7885451336396169,Non-energy minerals,2026-05-15
PMV,Primeserv Group Limited,275.0,1.4760147601476017,-1.7857142857142858,9.56175298804781,-14.0625,-7.407407407407407,-7.718120805369128,22.22222222222222,180.6122448979592,450.0,1275.0,1.6653345369377348e-15,0.6717171717171709,,,,49.85585095558738,20.0,-8.976470588235259,22.39427239427168,50.66666666666666,48.22222222222222,,,,,,1.4760147601476017,12500.0,302.0585397233838,,,,203865476.0,8.995734470807784,6.124721603563475,0.2296189417875982,0.1826693196700733,0.873978636784013,9.970936252033724,10.347958452722064,2.5950227115251367,123026476.0,0.1119373976971334,3.334050840108401,,0.155,0.035,5.90405904059041,5.904059040590407,35.6347438752784,24.0,11.0,5.0,11.9239535423292,3.35739924390277,3.83580588955157,3.02175030594187,1.7782387756866065,10.7400759964427,15.2700571517902,15.2100188001346,,8.61677880744087,,,1099065000.0,8.510297995689465,131052000.0,36900000.0,33211000.0,,0.449,26.47887323943663,325726000.0,274210000.0,77934000.0,100371000.0,3152000.0,-74782000.0,225355000.0,2.75715406117401,2.75690268868019,0.0136207283978359,24.7252538071066,20283000.0,-8867000.0,-8534000.0,19544000.0,739000.0,14.9447254630007,0.449,0.27580158276903,0.2657529031029887,0.5017540996981317,,3.14653,,,0.6136655964338664,Commercial services,2026-05-15
SOH,South Ocean Holdings Limited,95.0,0.0,0.0,-8.653846153846153,-40.993788819875775,0.0,-10.37735849056604,-39.87341772151899,25.0,111.11111111111111,-87.58169934640523,-1.7763568394002505e-15,1.0263157894736847,,,,39.74355792492203,0.0,-13.838235294117652,-70.08086253369255,3.030303030303031,21.21212121212121,,,,,,0.0,5300.0,6.747230614300101,,,,193112952.0,-32.43243352842745,,,0.0777426328147738,0.2711249115276604,,,15.950520715288675,366814952.0,0.1465921128825157,10.95493226615697,5.029892248412796,0.0,0.0,0.0,5.789473684210527,0.0,-100.0,0.0,0.0,3.21334557282289,1.33813801236711,-1.03665332818071,-0.61056243438492,-4.876227029476682,-1.14559295758014,-2.14896166808262,-1.73787127262841,,1.875207560455792,,,2502283000.0,-2.558314317089697,80406999.9999999,33484000.0,-15278000.0,72927000.0,-0.0752,-145.11097780443913,1433455000.0,1059678000.0,12107000.0,778024000.0,242644000.0,230537000.0,655431000.0,1.7756177173363,0.503473560391023,0.34066486396936,0.0498961441453322,-92874000.0,-28967000.0,-45320000.0,-122017000.0,29143000.0,12.3097327085944,-0.0752,-0.45688441937942,-0.6002505135928108,0.1647212125944883,0.3587571338812044,3.50392,,,0.1147071936560429,Producer manufacturing,2026-05-15
AOO,African and Overseas Enterprises Limited,2000.0,6.3264221158958,6.3264221158958005,6.3264221158958005,6.3264221158958005,6.3264221158958005,0.0,23.07692307692308,11.11111111111111,81.81818181818181,400.0,0.0,0.0,,,,56.73291261903717,335.0,102.05294117647033,3.932995764466086,21.00378063803577,10.282061084915684,,,,,,6.3264221158958,12350.0,289.09892879647134,,,,169144303.0,-2.048323661238823,1785.714285714286,,0.3315291843464857,0.8497530405225981,2.4594198834782066,3.077142968516521,2.336401574570101,971339303.0,1.4350943462850538,18.276465332003685,6.609593852707217,0.0,0.0,0.0,,0.0,,0.0,0.0,53.8409714455409,7.85214383752901,2.51533950804244,0.0251164591111433,11.370516527368814,0.0136933503077178,0.0660374976449863,0.0223154072791546,,78.01910919306727,,,676847000.0,-0.5147358194103321,364421000.0,53147000.0,170000.0,146959000.0,0.0112,,1329547000.0,306265000.0,101361000.0,794524000.0,647218000.0,545857000.0,535023000.0,1.09798375242889,0.609115417984183,2.31782548749261,0.1566102920499739,96291000.0,-52257000.0,-19987000.0,76961000.0,24713000.0,57.1613039439237,0.0112,8.13199898657208,6.499535512203361,4.48838780508403,12.411029473862008,23.53625,,,0.3122313798857258,Retail trade,2026-05-15
NCS,Nictus Ltd.,250.0,0.0,13.122171945701355,15.2073732718894,18.48341232227488,26.262626262626263,-12.280701754385966,28.205128205128204,177.77777777777777,284.61538461538464,212.5,0.0,4.0,,,,55.49193689314621,33.0,4.582352941176509,114.22866750735582,72.22222222222223,63.42592592592592,,,,,,0.0,1681.0,180.16666666666669,,,,133608751.0,23.71134122040472,4.704554008280015,0.1348297764832456,1.1570874591845826,0.8894391552462678,0.7792215366311689,0.7866815826660386,0.1392686234389478,-822655249.0,,,,0.12,,4.8,4.8,0.0,100.0,11.0,3.0,6.17464565709417,-30.8594590408,32.9842256090739,24.4421304463817,146.16053218130654,3.32030827592858,20.4004381475695,20.1966905359568,0.0,37.034104697894165,,,116201000.0,23.78928305102802,7174999.99999999,-35859000.0,28402000.0,-33015000.0,0.5314,35.11314518179507,1019739000.0,978220000.0,959369000.0,869522000.0,3105000.0,-956264000.0,150217000.0,1.13848180700905,1.13082147778481,0.0206700972592982,308.9755233494364,171466000.0,3451000.0,-8888000.0,169840000.0,1626000.0,2.17425716637976,0.5314,3.20833021480428,3.1779058453708555,-0.6709639997006213,-0.6177494199535962,2.81076,,,0.2311765110362373,Distribution services,2026-05-15
TRL,Trellidor Holdings Ltd.,127.0,0.7936507936507936,-2.3076923076923075,-3.787878787878788,-13.605442176870747,-29.444444444444443,-31.72043010752688,-37.12871287128713,-61.04294478527607,-74.6,-79.51612903225806,-5.551115123125783e-17,0.5890609827617701,,,,43.08683837575566,-2.0,-1.8852941176470777,-17.641597028783462,45.18518518518518,50.8641975308642,,,,,,0.7936507936507936,3500.0,-84.97596153846155,,,,120916474.0,-36.50000096891262,,,0.5396865452633365,0.7894131614443154,6.4615774139155135,9.14275625481554,9.835423783959657,179065474.0,0.7996797073874459,210.8413780922889,9.580504542120348,0.12,,9.4488188976378,9.448818897637794,0.0,,1.0,0.0,40.1535354178797,0.379283823371078,-2.87534435115614,-2.29687777224672,5.906270908974334,-1.46246881037991,-2.65587232899914,-1.9779610076704,,42.8433553718758,,,223921493.0,-61.25661976725709,89912396.0,849298.0,-67281555.0,18690610.0,-0.7067,-259.9230595157275,256907000.0,117089000.0,12294000.0,104765000.0,71473000.0,59179000.0,152143000.0,2.41580011554015,1.30791450028885,0.466616179091615,0.1720090103955339,18713186.0,15458870.0,-54345411.0,13225410.0,6042512.0,2.35186947799601,-0.7067,0.196546434198088,0.1389077827959248,0.0089201764520533,0.1963093162482932,1.60879,,,0.2211396907835295,Producer manufacturing,2026-05-15
MTU,Mantengu Limited,37.0,0.0,19.35483870967742,0.0,-7.5,-40.32258064516129,-26.0,-37.28813559322034,-98.6476207811708,-98.6476207811708,-99.87705643465188,8.906512605042018,11.429015577414384,,,,52.70578208126102,3.0,0.9382352941185984,162.22222222222348,80.0,81.1111111111111,,,,,,0.0,20000.0,-66.48119595092848,,,,119896736.0,-31.41798529290381,0.3114478114478115,0.0003815113266137,0.2487655847282392,0.2247409405104656,,,21.12698042139696,733383736.0,1.649480417889635,,,0.0,0.0,0.0,,0.0,,0.0,0.0,20.6580974551016,-12.3270694870843,43.1442933774164,49.3163748411547,,21.0451654081395,72.2267057114529,46.7772731248493,,11.798072489682085,,,444615000.0,109.04073006633976,91849000.0,-54808000.0,219268000.0,-20448000.0,1.188,822.360248447205,1509404000.0,379737000.0,5197000.0,1027207000.0,607725000.0,602528000.0,482197000.0,0.681957279907477,0.132129144412877,1.2896349615268698,0.008551565263894,-144508000.0,-61329000.0,210249000.0,,21067000.0,1.49828933380186,1.188,-0.486971413580375,,-0.1846951672953276,-0.0689068526648456,1.64634,,,0.0690131839335927,Finance,2026-05-15
RHB,RH Bophelo Ltd.,170.0,3.0303030303030303,2.409638554216868,-2.2988505747126435,-22.374429223744293,-24.444444444444443,-15.0,6.25,-69.0909090909091,-83.33333333333333,-83.33333333333333,0.3030303030303038,0.2424242424242279,,,,47.86832739036319,0.0,-12.111764705882337,-39.2697209782968,73.29545454545455,67.0169645169645,,,,,,3.0303030303030303,3000.0,-88.62343572241184,,,,109975212.0,64.35644581152603,2.510707428740216,,3.680416140053409,0.1002268664600814,,,3.729851685977975,170874626.0,5.854033538144161,2.5053115800703,2.4714143477867214,0.0,,0.0,,0.0,-100.0,0.0,0.0,74.8599859427517,233.664906747054,197.048296473368,150.069645593721,-28.323786198818933,3.41469898088326,4.07335415002436,3.87434294694377,,,,,29189212.0,-33.4658384356961,21851040.0,68204945.0,43804147.0,69140420.0,0.6771,-76.11218909860646,1327606624.0,,29485142.0,230344122.0,90384556.0,60899414.0,1097262502.0,1.01247496406148,1.01247496406148,0.082372773912582,0.3262188066731223,-8267488.0,-16740362.000000002,14076085.0,-8267490.0,0.0,0.451207703391575,0.6771,-0.127799074305172,,1.0543139820753016,1.068774659614961,16.96152,,,0.6956683053520082,Finance,2026-05-15
BIK,Brikor Limited,12.0,0.0,0.0,-14.285714285714286,-14.285714285714286,0.0,-14.285714285714286,-20.0,-93.14285714285714,33.333333333333336,-94.0,30.0,10.000000000000004,,,,48.40611199510627,2.0,0.2588235294117638,-5.899705014748859,62.30769230769232,76.41025641025642,,,,,,-16.666666666666664,141229.0,6961.450000000001,,,,96773040.0,-15.943000356525287,,-0.0089146681969589,0.3049181514012178,1.0177253837672802,14.604268166346012,20.036759390862944,93.18322946175635,106879040.0,0.3277985345850802,,,0.0,0.0,0.0,,0.0,,0.0,0.0,4.68699681951596,-8.9259042297064,-11.1516296530297,-7.69940898816443,1.5104998911213277,-8.3542850487117,-22.9226779648636,-22.0191211297255,,14.134598575069544,,,326051000.0,-15.315167901677068,15282000.0,-29103000.0,-25104000.0,-12875000.0,-0.0305,-444.6428571428571,287804000.0,103481000.0,1059000.0,191100000.0,11425000.0,10366000.0,96704000.0,1.13006301121534,0.297124635528715,0.117827234850047,0.0926914660831509,6757000.0,1474000.0,-11602000.0,4925000.0,1832000.0,0.396490754454959,-0.0305,0.0082167759885789,0.0059889924143482,-0.03539038502229,-0.0156565030121287,0.11791,,,14.139867841409693,Non-energy minerals,2026-05-15
SKA,Shuka Minerals PLC,64.0,6.666666666666667,-18.9873417721519,-20.0,-28.88888888888889,-55.86206896551724,-55.55555555555556,-57.333333333333336,-57.333333333333336,-57.333333333333336,-57.333333333333336,0.0,6.100217864923739,,,,35.98515060669929,-16.0,-11.541176470588226,-174.77978674084517,25.28735632183909,39.6551724137931,,,,,,6.666666666666667,1099.0,408.7962962962963,,,,81889955.17910448,84.41259308469581,,,,,,,,,,,,0.0,,0.0,,,,0.0,0.0,,,,,,,,,,,,,,,,,,,,,,,,,,,,,,,,,,,,,,,,,,,,,,0.3285107909368087,Non-energy minerals,2026-05-15
RNG,Randgold & Exploration Company Ltd,111.0,1.834862385321101,1.834862385321101,20.65217391304348,11.0,60.869565217391305,56.33802816901409,46.05263157894737,-20.714285714285715,-55.6,-71.64327236636892,0.1818181818181808,3.7290977612883314,,,,54.76821578311465,11.0,4.055882352941865,69.85889428637519,81.85805422647529,80.4956506329504,,,,,,1.834862385321101,5000.0,375.2851711026616,,,,78027843.0,26.666664928255816,,,,1.9521288756792885,,,1.5815047055311189,27784843.0,,,,0.0,,0.0,,0.0,,0.0,0.0,,,,,,-19.8080232785082,-23.9637667160367,-23.9637667160367,,,,,0.0,,-27000.0,-14877000.0,-11164000.0,-14850000.0,-0.156,7.582938388625596,50495000.0,,50243000.0,9791000.0,0.0,-50243000.0,40704000.0,79.8291139240506,79.8291139240506,0.0,,-13894000.0,15386000.0,0.0,-13894000.0,0.0,0.0,-0.156,-0.194090474491002,,-0.2078223685765538,-0.2074451954938377,0.56861,,,0.634606353678813,Non-energy minerals,2026-05-15
TLM,TeleMasters Holdings Ltd.,130.0,0.0,0.0,-34.01015228426396,-34.343434343434346,31.31313131313131,41.30434782608695,30.0,-10.344827586206897,31.31313131313131,-19.753086419753085,4.440892098500626e-16,-2.220446049250313e-16,,,,44.58003759104372,-67.0,43.87647058823528,-20.775117022154483,57.32087227414329,78.19314641744548,,,,,,0.0,850.0,67.65285996055226,,,,73973461.0,29.99999613374868,102.36220472440944,0.5095714561622651,1.0754288479981635,2.180366637036043,9.248357027893622,51.100972846747794,20.158796169240585,81640344.0,1.18522467745264,77.38641288377869,12.567535440331396,0.006,0.002,0.461538461538462,0.4615384615384615,47.24409448818898,198.5074626865672,19.0,1.0,42.5060877885716,1.53156834223639,1.79278123688649,1.0413470216238,2.0888988802475894,1.32439856941661,2.00938632265772,1.7397495287286,,40.974519446335165,,,68881745.0,11.615507992119316,29278935.0,1054971.0,717298.0,6496130.0,0.0127,202.3809523809524,54035027.0,10834986.0,3647423.0,15906124.0,6893074.0,3245651.0,38128903.0,0.980045488279916,0.929493347033787,0.204495706630102,0.5291431660243311,7950348.0,-6313036.0,-2694606.0,1438870.0,6511474.0,1.21785831885778,0.0127,0.140565507590064,0.0254398287856223,0.0186523147844961,0.1148543196877722,0.59623,,,1.2109987177660635,Communications,2026-05-15
LAB,Labat Africa Ltd,3.0,0.0,0.0,-40.0,-62.5,-40.0,-62.5,-40.0,-87.5,-90.9090909090909,-70.6823678874203,9.999999999999991,15.98781676413256,,,,30.624546574663995,-1.0,-1.0705882352941511,-95.23809523809528,44.44444444444445,36.111111111111086,,,,,,0.0,1237450.0,-65.07819414091426,,,,61453768.0,25.924190120568294,0.2304147465437787,,0.1190703385329636,0.1968116512497539,1.3742022447183098,1.4053884241719494,40.199839055794,199178768.00000003,0.628379692843532,0.9232823032601088,0.8938076044569496,0.0,0.0,0.0,,0.0,,0.0,0.0,59.2039675428744,68.0593238519491,65.2382544830458,48.8257637898616,8.410522065040444,34.2217657275973,177.698680154087,163.444539492444,,11.969826987872748,,,316972000.0,601.5603904296054,187660000.0,215729000.0,154764000.0,222843000.0,0.1302,,769824000.0,718468000.0,932000.0,456032000.0,15227000.0,14295000.0,313792000.0,1.68434230360772,0.840136253771477,0.0799897038274446,0.061207066395219,27264000.0,-5610000.0,-28499000.0,26659000.0,1121000.0,0.253806025422881,0.1347,0.0218308477629867,0.0213464117705935,0.1727386647983185,0.1784349914923431,0.15243,,,0.0723458663847938,Commercial services,2026-05-15
XII,Numeral Limited,35.0,9.375,9.375,0.0,-12.5,1650.0,1650.0,3400.0,3400.0,3400.0,3400.0,0.0,8.333333333333357,,,,56.94766848107525,-4.0,8.90588235294118,-30.33268101761246,71.42857142857143,73.01587301587303,,,,,,9.375,50.0,-98.9406779661017,,,,39759999.0,249.99999195171023,500.00000000000006,,0.7107614805916638,,,,19.92595896246289,107093630.9175,1.900451929948266,15.855176470392289,7.495323432117447,0.0,0.0,0.0,,0.0,,0.0,0.0,61.837455789582,11.9863257907741,6.577004414525,0.535948899834548,,0.74817892493921,,0.795658204286838,,,,,56351665.2170283,550.3026862738112,34846436.065273106,6754494.18143933,302016.129769111,14288060.0,0.0007,-98.95678092399405,61273134.5525,26625846.2925,2182454.56,95019447.8025,87741527.7375,85559073.1775,-33746313.25,3.65844170514395,3.46588582482597,,0.0248736785907049,-35619775.8302776,-8881875.079534799,44425293.053105794,,0.0,0.453534528909684,0.0007,-0.286678276300021,,0.0543620925553319,0.1149944466800804,-0.12492,0.7061692373239437,0.017565026639839,0.0060262019259741,Health technology,2026-05-15
VIS,Visual International Holdings Ltd.,3.0,-25.0,0.0,0.0,-25.0,-25.0,0.0,0.0,-25.0,-82.3529411764706,-95.0,11.11111111111113,8.91330891330894,,,,48.26950517383372,-1.0,0.5911764705882354,-16.26016260162604,83.33333333333331,77.77777777777776,,,,,,-25.0,2700000.0,3991.777043615313,,,,34717730.0,0.0,2.238805970149253,,22.96649194746233,1.4347202295552366,107.50518610301576,108.93272263872974,5137.970989808524,38959100.0,20.02816139698625,,,0.0,,0.0,,0.0,,0.0,0.0,,-170.734201240376,-51.5185460123709,245.416190284267,15.702626340725145,10.833830927605,69.8834895786482,26.6989870450036,,,,,1945216.0,1014.334652818753,,-3321149.0,4773875.0,-3321330.0,0.0134,-55.629139072847686,48495218.0,,6476.0,25300066.0,4247846.0,4241370.0,23195152.0,0.0011171010477831,0.0011171010477831,0.18313507926139,0.0015245373772966,309506.0,109046.0,-413578.0,305450.0,4054.000000000001,0.0017538425405202,0.0134,0.0002790563049791,,-0.0029944099541895,-0.0029945722455018,0.02091,,,6.771010445412114,Finance,2026-05-15
EUZ,Europa Metals Limited,24.0,-4.0,-4.0,14.285714285714286,-48.93617021276596,-71.42857142857143,-73.03370786516854,-4.0,-89.56521739130434,-99.31428571428572,-99.904,1.9999999999999984,0.7999999999999997,,,,38.53477572668992,-4.0,-5.855882352941176,-51.04166666666675,55.55555555555555,58.02469135802469,,,,,,-4.0,43526.0,770.52,,,,25542948.0,-2.1999337107037715,,,,,,,,,,,,0.0,,0.0,0.0,,,0.0,0.0,,,,,,,,,,,,,,,,,,,,,,,,,,,,,,,,,,,,,,,,,,,,,,4.1909952241565245,Non-energy minerals,2026-05-15
BAC,Africa Bitcoin Corporation Limited,500.0,0.0,-48.71794871794872,-49.949949949949946,-52.15311004784689,-54.54545454545455,-37.5,-44.44444444444444,-44.44444444444444,-44.44444444444444,-44.44444444444444,0.1668002672010727,23.4044967701832,,,,40.00391627989121,-499.0,-194.7294117647059,-147.21906593246504,28.61230329041486,50.43713241138132,,,,,,0.0,800.0,-90.49090692975156,,,,,,,,,,,,,,,,,,,,,,,,,,,,,,,,,,,,,,,,,,,,,,,,,,,,,,,,,,,,,,,,,,,,,,0.148365200942119,Technology services,2026-05-15
