symbol,description,price,price_change_1d,perf_1w,perf_1m,perf_3m,perf_6m,perf_ytd,perf_1y,perf_5y,performance_10_years,perf_all_time,vol_1w,vol_1m,technical_rating_1d,moving_averages_rating_1d,oscillators_rating_1d,rsi_14,momentum_10_1_day,awesome_oscillator_1d,cci_20_1d,stochastic_k_1d,stochastic_d_1d,candlestick_pattern_1d,relative_strength_index_14_1_day.1,momentum_10_1_day.1,awesome_oscillator_1_day.1,commodity_channel_index_20_1_day.1,stochastic_rsi_331414_1_day_k,stochastic_rsi_331414_1_day_d,candlestick_pattern_1_day.1,candlestick_pattern_1_month,candlestick_pattern_1_week,net_income_annual,volume_1d,relative_volume_1d,pe_ratio,eps_diluted_ttm,eps_growth_ttm,net_income_growth_ttm,ebitda_growth_ttm,net_income_growth_annual,total_assets_growth_annual,total_assets_growth_quarterly,fcf_growth_ttm,gross_profit_growth_ttm,debt_to_assets_annual,ebitda_trailing_12_months,volume_1_day.1,volume_1w,volume_1_month,total_assets_growth_qoq,number_of_employees_annual,revenue_growth_ttm,revenue_growth_5_year_cagr,revenue_growth_quarterly_qoq,revenue_growth_annual_yoy,revenue_growth_annual_yoy.1,earnings_per_share_estimate_annual,dividend_payout_ratio_annual,total_current_liabilities_annual,total_current_liabilities_quarterly,pre-market_price,pre-market_change,pre-market_gap,pre-market_volume,gap_1_day,volume_change_1_day,post-market_price,post-market_change,post-market_volume,dividends_per_share_annual,dividends_per_share_quarterly,dividend_yield_trailing_12_months,dividend_yield_indicated,dividend_payout,dividends_per_share_growth_annual_yoy,continuous_dividend_payout,continuous_dividend_growth,gross_margin_ttm,operating_margin_ttm,pretax_margin_trailing_12_months,net_margin_ttm,fcf_margin_ttm,roa_ttm,roe_ttm,roic_ttm,research_and_development_ratio_trailing_12_months,selling_general_and_admin_expenses_ratio_trailing_12_months,recent_fiscal_period_current,fiscal_period_end_date_current,total_revenue_trailing_12_months,gross_profit_trailing_12_months,operating_income_trailing_12_months,net_income_trailing_12_months,total_assets_quarterly,total_current_assets_quarterly,cash_and_short-term_investments_quarterly,total_liabilities_quarterly,total_debt_quarterly,net_debt_quarterly,total_equity_quarterly,current_ratio,quick_ratio,debt_to_equity,cash_to_debt_ratio,cash_flow_from_operating_activities_trailing_12_months,cash_flow_from_investing_activities_trailing_12_months,cash_flow_from_financing_activities_trailing_12_months,free_cash_flow_trailing_12_months,capital_expenditures_trailing_12_months,revenue_per_share,basic_earnings_per_share_trailing_12_months,operating_cash_flow_per_share_trailing_12_months,fcf_per_share,ebit_per_share_trailing_12_months,ebitda_per_share_trailing_12_months,bvps,total_debt_per_share_quarterly,cash_per_share_quarterly,market_cap,sector,liquidity_value_1d,coverage_score,perf_1m_rank,perf_3m_rank,perf_6m_rank,perf_1y_rank,perf_ytd_rank,revenue_growth_ttm_rank,eps_growth_ttm_rank,roe_ttm_rank,net_margin_ttm_rank,operating_margin_ttm_rank,fcf_margin_ttm_rank,debt_to_equity_rank,vol_1m_rank,momentum_score,fundamental_growth_score,quality_score,risk_score,growth_potential_score_aggressive,growth_potential_score_guardrails
DANGCEM,Dangote Cement PLC,1180.0,0.0,19.300374077444136,45.67901234567901,62.46730001376843,98.65319865319866,93.76026272577997,168.1818181818182,448.8372093023256,610.843373493976,883.3333333333334,1.4041404140414042,0.384294470423721,,,,87.14460655872172,210.0,247.96029411764653,129.80621020293196,97.17126089470894,97.56366633812866,,87.14460655872172,210.0,247.96029411764653,129.80621020293196,55.13454422891237,53.09400887653319,,,,1002847000000.0,2556395.0,0.6886592306014856,17.687468428618324,66.7139,88.74632912538407,88.74625494414927,38.0968062781154,101.29729100427144,-5.661370075577388,-6.366694521356004,409.10114294853656,34.142619190464565,0.183969247410121,2071546000000.0,2556395.0,14292898.0,31753329.0,-0.0948395780838961,21418.0,20.01719596184956,33.017393652667295,4.000618083991712,20.280515563251456,20.280515563251456,78.458533,75.1700095048301,2603694000000.0,2371845000000.0,,,,,0.0,23.076267571525825,,,,45.0,,2.54237288135593,3.8135593220338975,0.0,50.0,18.0,1.0,61.1761395648012,41.2388081179102,36.3488029140079,24.779909522609,18.350130164074805,17.9096390871027,43.9510494873198,32.1425798090645,,19.989969129130166,,,4510077000000.0,2759091000000.0,1859902000000.0,1117593000000.0,6034998000000.0,2110283000000.0,504827000000.0,3170131000000.0,647337000000.0,142510000000.0,2864867000000.0,0.88972213614296,0.479201212558156,0.233960372493644,0.779851916389763,1696147000000.0,545426000000.0,-1963758000000.0,827605000000.0,869181000000.0,269.226181948424,66.7139,101.250417860554,49.40335482330468,111.02566857688636,123.65962273161414,165.16478,38.64237106017192,30.13532712511939,19570541992188.0,Non-energy minerals,3016546100.0,1.0,100.0,50.0,25.0,50.0,50.0,50.0,25.0,50.0,25.0,50.0,0.0,25.0,25.0,55.0,37.5,31.25,25.0,47.6875,44.6875
MTNN,MTN Nigeria Communications Plc,835.0,0.0,2.57985257985258,14.540466392318244,19.251642387889166,75.78947368421052,63.40508806262231,199.92816091954023,416.3883735312307,534.0167046317389,534.0167046317389,0.4305358121167856,0.8755526094926498,,,,55.9852309108454,-35.0,31.92647058823627,20.70308818447476,26.02262837249781,19.78532056861037,,55.9852309108454,-35.0,31.92647058823627,20.70308818447476,16.8824542872169,12.73709751017062,,,,1112846000000.0,4170007.0,0.4789566994466991,13.119070886974884,63.6478,968.4180487477338,968.543292902606,105.89924916826428,,28.74673784146785,30.79798449393986,267.3434979706468,121.12814969839452,0.5392623173656871,3084519000000.0,4170007.0,36205940.0,78376872.0,8.248448363640604,2001.0,54.04348360152316,31.04361703104983,1.791360327836332,54.92087000563652,54.92087000563652,78.469741,37.6871402055833,2248419000000.0,2434027000000.0,,,,,0.0,-27.08420361483388,,,,20.0,,0.0,2.395209580838324,0.0,,1.0,0.0,53.4355039404207,42.0728735957256,36.1454969835058,23.6503921637423,28.531662114370548,25.8627695709827,430.67075332243195,46.5794730692398,,11.259109465267343,,,5643306000000.0,3015529000000.0,2374301000000.0,1334664000000.0,5849193000000.0,1355219000000.0,966394000000.0,4945253000000.0,2759824000000.0,1793430000000.0,903940000000.0,0.556780594463414,0.548793419300608,3.0531052945992,0.3501650829907994,2639965000000.0,-1663454000000.0,-835252000000.0,1610129000000.0,1280398000000.0,269.11330472103,63.6478,125.8924654268,76.7824988078207,113.2237005245589,147.09198855507867,43.1061,131.6082021936099,46.08459704339533,17531293056641.002,Communications,3481955845.0,1.0,66.90647482014388,69.7841726618705,66.18705035971223,71.94244604316546,69.06474820143885,88.03418803418803,98.05825242718447,99.54128440366972,74.35897435897436,85.47008547008546,71.42857142857143,7.4074074074074066,59.71223021582733,68.77697841726619,93.04622023068626,82.69972891532525,33.55981881161737,77.74674973370958,76.16470471256203
BUAFOODS,BUA Foods PLC,967.0,0.0,0.0,21.17794486215539,21.041431968957323,39.63898916967509,21.041431968957323,131.3397129186603,2317.5,2317.5,2317.5,-1.7763568394002505e-15,1.3322676295501878e-15,,,,97.36022068182616,0.0,98.10588235294142,55.55555555555623,100.0,99.99999999999996,,97.36022068182616,0.0,98.10588235294142,55.55555555555623,100.0,100.0,,,,518387980000.0,82311.0,0.2887104400299125,33.28124892446843,29.0554,50.49854709133381,50.49832211049312,15.475041584915433,94.8843037467113,26.6808211044791,36.14823542689194,-10.21859989974777,20.350898420175373,0.282318226779702,592469252000.0,82311.0,492696.0,1699682.0,12.097443060360073,874.0,10.23669460195073,55.87388423122852,2.9155898702516745,16.14718364379547,16.14718364379547,41.165,97.2245853197821,672236392000.0,698406110000.0,,,,,0.0,-20.507025930754743,,,,28.0,,1.34436401240951,2.8955532574974145,0.0,115.38461538461536,5.0,4.0,38.9218545966665,33.172233165668,31.4389163994772,29.7750195138838,19.632399028523835,38.7646701211806,74.1788074740973,74.1247343816469,,5.782098973299198,,,1756496827000.0,683661141000.0,582669223000.0,522997273000.0,1555681330000.0,1159413494000.0,53507426000.0,699918225000.0,385344245000.0,331836819000.0,855761230000.0,1.6600849812153,1.55512336941038,0.450294114165466,0.1388561700201335,370812969000.0,-25970502000.0,-338196862000.0,344842466000.0,25970503000.0,97.5831570555556,29.0554,20.6007205,19.15791477777778,32.37051238888889,32.914958444444444,47.54229,21.408013611111112,2.972634777777778,17406000000000.0,Process industries,79594737.0,1.0,56.25,37.5,31.25,31.25,18.75,46.666666666666664,57.14285714285714,85.71428571428571,93.33333333333333,93.33333333333333,61.53846153846154,21.428571428571427,75.0,35.0,51.9047619047619,83.47985347985347,48.214285714285715,55.16483516483516,59.828296703296694
BUACEMENT,BUA Cement Plc,435.0,0.0,8.478802992518704,33.149678604224064,126.5625,158.92857142857142,143.69747899159665,419.7132616487455,464.9350649350649,1031.3393723968954,1031.3393723968954,0.0,0.1270278543005806,,,,77.42145205003233,55.0,72.95205882352957,79.65496841663342,98.52507374631269,98.42577874085146,,77.42145205003233,55.0,72.95205882352957,79.65496841663342,24.94940861417628,28.25934085906738,,,,356038275000.0,1905500.0,0.9856028025360948,32.64197382638972,13.3264,229.25828927212527,229.2575937874542,71.47643939639329,381.7236641672722,18.19815974810206,25.53038551317408,212.51879147108423,71.73484018110591,0.283803438179165,623043805000.0,1905500.0,6143688.0,17611304.0,7.067918336187389,1559.0,23.59902989671828,41.29349224920284,10.68501707266362,34.56765242360322,34.56765242360322,13.25435,95.1139941219552,697836223000.0,663325434000.0,,,,,0.0,126.02803910148666,,,,10.0,,0.471264367816092,2.2988505747126435,0.0,387.8048780487805,7.0,2.0,52.1664174820159,46.0116150535818,44.8319166739499,36.2890425845529,33.43269270426791,25.2792447389369,68.4320055970737,41.7219023587198,,6.15293173529962,,,1243603217000.0,648743246000.0,572201925000.0,451291701000.0,1987316547000.0,762847418000.0,404047601000.0,1137102940000.0,502008428000.0,97960826999.99992,849277030000.0,1.1500349284059,0.899933173676558,0.591100913208497,0.8048621864969964,534620958000.0,-120284432000.0,-142966318000.0,415770042000.0,120291636000.0,36.7230751544825,13.3264,15.7871299715329,12.277512867955492,16.896879975918043,18.3982191126398,25.07879,14.824095802920086,11.93135416077921,14730994628906.0,Non-energy minerals,828892500.0,1.0,50.0,100.0,100.0,100.0,75.0,75.0,100.0,100.0,75.0,75.0,33.33333333333333,0.0,50.0,85.0,87.5,70.83333333333333,25.0,79.125,74.58333333333333
ARADEL,Aradel Holdings Plc,2009.5,0.0,6.888297872340425,57.11493354182956,103.989442696173,183.54734020036685,195.51470588235293,299.5029821073559,159.9948246862466,159.9948246862466,159.9948246862466,1.1102230246251563e-16,0.3758105445504857,,,,80.57275369469897,20.700000000000045,362.0838235294125,90.68969351134194,95.78610868933444,83.7244502567083,,80.57275369469897,20.700000000000045,362.0838235294125,90.68969351134194,26.545802827835,17.697201885223336,,,,397933670000.0,3260944.0,1.1561890362181635,21.94074307002258,91.5876,54.31517581843608,54.314986568907,-20.62396843709304,54.314986568907,495.3858036755719,495.3858036755719,-60.87291569098478,-12.762689653533664,0.194458906190484,304189224000.0,3260944.0,13341677.0,25534539.0,432.0790119476173,,19.986164843908067,,-7.169955235280878,19.986164843908067,19.986164843908067,215.89,,3594516520000.0,3594516520000.0,,,,,0.0,3.719394937541467,,,,,,1.59243592933566,1.5924359293356556,0.0,,1.0,0.0,38.560853400337,26.8041589680333,38.2549458738384,57.0676836075303,10.366067636809966,6.54060028595192,26.968649337298,16.6478436408766,,11.756694432303668,,,697301248000.0,268885312000.0,186905735000.0,397933670000.0,10418272887000.0,4134866782000.0,1487783180000.0,6940108961000.0,2025925950000.0,538142770000.0,3478163926000.0,1.15032627030464,1.12958649025767,1.30231639733576,0.734371944838359,218276286000.0,-639456337000.0,246332275000.0,72282719000.0,146220794000.0,160.489350186988,91.5876,,16.636434590259984,43.0178205508839,70.01153523483174,358.04106,466.28274390017503,342.424965482538,8730965478026.999,Energy minerals,6552866968.0,1.0,92.80575539568345,93.5251798561151,86.33093525179856,82.73381294964028,92.08633093525181,50.427350427350426,65.0485436893204,59.63302752293578,94.87179487179486,65.8119658119658,47.95918367346938,20.37037037037037,69.7841726618705,89.49640287769785,57.73794705833541,67.06899297004146,45.07727151612043,73.21320122181314,70.33742645393674
WAPCO,Lafarge Africa Plc,339.1,-0.2647058823529344,4.660493827160501,45.536480686695285,83.2972972972973,153.05970149253733,153.05970149253733,330.60317460317464,1546.1165048543687,434.7692421044026,731.8766701009689,1.2586230165615917,2.738849195050894,,,,72.32067341380562,-13.0,63.41147058823543,50.14749262536849,80.21292837914936,83.34874371257011,,72.32067341380562,-13.0,63.41147058823543,50.14749262536849,11.704943794712278,15.172083506442103,,,,273120312000.0,453498.0,0.0562551478804263,16.835605557248552,20.0171,124.54036591248163,124.54060698977923,92.25310771109726,172.72409570651658,21.95988976724541,50.04728586738262,572.04353971883,73.29399999828208,0.0010827372378947,494336392000.0,453498.0,21375939.0,65729075.0,13.625148322542408,1478.0,42.79510022133782,35.8359141989965,17.16583941620856,53.0380470329152,53.0380470329152,24.340213,58.9768692718716,417362631000.0,481646261000.0,,,,,-0.2941176470588235,-2.080547868952487,,,,10.0,,2.94117647058824,2.948982601002654,0.0,733.3333333333334,7.0,1.0,60.3757732355167,39.5719293150385,42.2718795185512,27.9685053230314,36.428133715591,28.1917957463952,47.9367932380802,47.8409561487851,,20.507827921204598,,,1152836336000.0,696033852000.0,456199580000.0,322431092000.0,1372619514000.0,678930141000.0,495084959000.0,580669471000.0,1486668000.0,-493598291000.0,791950043000.0,1.40960326275636,1.17989715277786,0.0018772244703319,333.0164898955248,573062266000.0,-153118586000.0,-83715304000.0,419956762000.0,153105504000.0,71.5700854418568,20.0171,35.576702486175,26.071646425122346,28.32166362176427,30.689263261094197,49.16564,0.0922949359428192,30.735735602809967,5462153687474.0,Non-energy minerals,153781171.8,1.0,75.0,75.0,50.0,75.0,100.0,100.0,75.0,75.0,50.0,25.0,66.66666666666666,100.0,0.0,75.0,87.5,54.166666666666664,50.0,75.625,71.66666666666666
GTCO,Guaranty Trust Holding Company Plc,147.0,-0.3389830508474576,5.755395683453237,16.666666666666668,36.11111111111112,65.91422121896164,62.07276736493936,114.5985401459854,390.0,701.0899182561308,969.0909090909092,1.974972287526276,2.1128016058769594,,,,65.8490120398726,12.25,17.598088235293886,91.75130047064702,68.00894854586132,74.6234639648835,,65.8490120398726,12.25,17.598088235293886,91.75130047064702,54.21272462324466,67.68716258345809,,,,853548304000.0,5622372.0,0.134648190574503,6.495998729475291,22.6678,-15.7008073723396,1.0923436755235931,,-15.172785458626528,19.85877909396703,17.85425197060282,148.24183176617004,,0.0246033620660691,,5622372.0,110633428.0,368509509.0,5.452352678439527,,25.893828579119045,39.94607629002365,17.64085067282555,32.03698584086092,32.03698584086092,30.325,50.1783375869568,11381950638000.0,11798527498000.0,147.5,0.0,0.0,2150486.0,0.0,-67.98008430761743,,,,12.76,,5.44406779661017,8.650847457627119,0.0,58.90410958904111,18.0,4.0,,60.71168543190086,54.9478631033309,44.75494251341583,46.1373809414739,4.70093604670056,25.0441165140497,23.8174010226102,,,,,2245248902000.0,,1104853526000.0,814466864000.0,18745554339000.0,9293001653000.0,,15120012209000.0,517958487000.0,-3659906187000.0,3625542130000.0,0.787640801326715,,0.1442484909563759,,1157743888000.0,-862033605000.0,2340598534000.0,1035899039000.0,174150786000.0,49.79002017223968,22.6678,31.6754200452364,20.8419781216151,,,98.24118,14.171141659026496,114.3047437457986,5390046982422.0,Finance,826488684.0,1.0,81.25,81.25,77.08333333333334,66.66666666666666,77.08333333333334,50.0,47.22222222222222,70.0,85.0,87.5,66.66666666666666,62.5,72.91666666666666,76.66666666666667,48.611111111111114,77.29166666666666,67.70833333333333,69.78125,70.79861111111111
ZENITHBANK,Zenith Bank PLC,129.95,-0.1152959262106115,5.650406504065032,12.9018245004344,66.60256410256409,101.3168086754454,106.26984126984124,167.9381443298969,450.22976938874064,749.5404613698328,977.7228168536554,2.4071054022113434,3.555933757259683,,,,59.01908781225974,-0.5500000000000114,10.97794117647058,33.40812764896493,70.95407099627049,76.46718652691509,,59.01908781225974,-0.5500000000000114,10.97794117647058,33.40812764896493,13.0434251452538,18.61372038033561,,,,1039747000000.0,7417045.0,0.1639834143268377,5.124494254414675,25.3586,-21.236065685790344,-4.120029827936993,,0.6813135523878413,4.636740095753065,-1.2205690535193672,,,0.0261646537928483,,7417045.0,155485027.0,421298724.0,1.5789334497861347,,-4.981883632737716,44.09120296368236,36.83864701177008,-2.7780847860993925,-2.7780847860993925,33.5675,39.499930875121,19647026000000.0,19190212000000.0,129.0,-0.845503458877782,-0.845503458877782,4664189.0,-0.845503458877782,-64.73971583180477,,,,10.0,,4.00763358778626,7.686395080707149,0.0,100.0,21.0,6.0,,36.19722991248689,31.4593443274153,34.547377890649415,99.25022159112804,3.23113647086147,21.6915265590127,15.1654935537948,,,,,4047996000000.0,,1091214000000.0,1041477000000.0,32034611000000.0,15192503000000.0,,26868358000000.0,545746000000.0,-6204481000000.0,5166253000000.0,0.791679789676112,,0.105721845770698,,4124029000000.0,-4518650000000.0,198443000000.0,4017645000000.0,110284000000.0,73.40233747260774,25.3586,100.414633552471,96.0144144144144,,,125.69063,13.2881908935963,164.3590698806915,5343185397936.0,Finance,963844997.7499999,1.0,75.0,91.66666666666666,83.33333333333334,79.16666666666666,89.58333333333334,7.5,38.88888888888889,60.0,70.0,65.0,84.84848484848484,67.5,58.333333333333336,83.75,23.194444444444446,69.96212121212122,62.91666666666667,63.05681818181817,63.66414141414141
FIRSTHOLDCO,First HoldCo Plc,72.4,0.8356545961002904,8.221225710014947,31.876138433515496,50.67637877211241,134.6839546191248,54.37100213219618,193.1174089068826,156.283185840708,156.283185840708,156.283185840708,8.2400230189068,6.247314339417368,,,,59.6028667365787,7.75,12.350441176470582,51.21993218970256,53.77574370709383,62.65001913361945,,59.6028667365787,7.75,12.350441176470582,51.21993218970256,38.48254660591031,43.24172859810966,,,,132684000000.0,12944736.0,0.1408811169011087,21.14856575334463,3.4234,-81.63333190265676,-80.54978051654507,,-80.2200062910052,2.73982441254253,1.348070013053988,,,0.159863615688783,,12944736.0,842609020.0,923766406.0,-1.3651311413718463,10909.0,30.841484897526605,45.388650378379694,23.7943039555718,29.9376694403254,29.9376694403254,17.27,,14675991000000.0,13641523000000.0,,,,,1.8105849582172664,-83.9343949896017,,,,,,0.842696629213483,0.8356545961002786,0.0,,15.0,1.0,,16.011151194333145,9.89815280527204,5.209761225860627,56.15458837784987,0.549506060085294,4.81907330743348,2.46401008450695,,,,,3654298000000.0,,415470000000.0,135187000000.0,26878924000000.0,5648424000000.0,,23407357000000.0,4263281000000.0,-633098000000.0,3471567000000.0,0.41406109860314,,1.25025029751239,,2380721000000.0,-4289869000000.0,841033000000.0,2052056000000.0,315967000000.0,58.37222747109372,3.4234,53.5547082377289,45.5960993386422,,,76.7072,95.90320331128808,110.14484635803302,3191775178631.0,Finance,937198886.4000001,1.0,95.83333333333334,89.58333333333334,89.58333333333334,87.5,70.83333333333334,62.5,13.88888888888889,15.0,20.0,27.500000000000004,75.75757575757575,20.0,25.0,86.66666666666667,38.19444444444444,34.56439393939394,22.5,59.22632575757576,53.23137626262626
NB,Nigerian Breweries PLC,93.0,-1.0638297872340423,16.25,25.84573748308524,12.048192771084338,32.762312633832984,23.58803986710964,75.80340264650283,129.10607518209667,4.625105755056903,36.34896121690617,4.444031113403868,2.2375284816199184,,,,82.34129935481405,13.5,13.507205882353006,171.70273034435922,78.56401437502599,88.67135515483157,,82.34129935481405,13.5,13.507205882353006,171.70273034435922,95.7730797694691,98.59102658982302,,,,99100309000.0,2670413.0,0.1447077163025318,26.078178453255568,3.5662,,,54.59115389017113,,-6.339230671128264,-0.6237767760575279,,43.11472311398249,0.0560080668164182,285449109000.0,2670413.0,93490431.0,163868273.0,6.668449090203621,2282.0,21.19293592580042,34.20636586916803,-1.9059719908179853,35.31660971291366,35.31660971291366,6.519631,0.0,491650625000.0,505971773000.0,,,,,-1.0638297872340423,-78.31230710481267,,,,0.0,0.0,0.0,,0.0,,0.0,0.0,38.5515680951435,13.5601431072929,11.4566587080841,7.38191322849596,14.749489094935692,9.68570908225856,19.6766613073114,19.0819864281855,,24.991424987850635,,,1496802544000.0,577040852000.0,202968567000.0,110492665000.0,1137211247000.0,419934444000.0,132230078000.00002,520831694000.0,56067358000.0,-76162720000.0,616379553000.0,0.829956267145361,0.490170903268946,0.0909623911551135,2.358414641189264,346540789000.0,-124923926000.0,-181727939000.0,220770728000.0,126229294000.0,48.3104038822557,3.5662,11.1848590486265,7.125537752332689,6.5509599021450295,9.213080107926396,19.8941,1.809615249819497,4.267823100093669,2881421361328.0,Consumer non-durables,248348409.0,0.9285714285714286,61.53846153846154,46.15384615384615,38.46153846153847,23.076923076923077,46.15384615384615,40.0,,33.33333333333333,45.45454545454545,54.54545454545454,70.0,80.0,15.384615384615385,43.07692307692308,40.0,50.83333333333333,47.69230769230769,48.756868131868124,49.91712454212454
GEREGU,Geregu Power Plc,1132.5,0.0,0.0,0.0,-0.7884362680683311,-0.7884362680683311,-0.7884362680683311,10.229706054117178,929.5454545454544,929.5454545454544,929.5454545454544,-8.881784197001252e-16,-6.661338147750939e-16,,,,0.0,0.0,-3.1764705882355884,-35.087719298266144,2.8421709430404014e-14,-2.605323364453701e-14,,0.0,0.0,-3.1764705882355884,-35.087719298266144,0.0,2.3684757858670005e-15,,,,27250503000.0,1774.0,0.4977274002581224,149.61555737574977,7.5694,-19.11392269798357,-19.11417809422735,6.1920978726966345,-0.6365198206064677,25.27410239066287,14.097521440221502,,49.59156064111039,0.2232323358931359,46011561000.0,1774.0,10273.0,31044.0,-1.6206428511375766,134.0,44.707936394788334,28.06990663326787,-65.88845991687877,34.865077022439394,34.865077022439394,,82.5672923432598,214164775000.0,211865457000.0,,,,,0.0,-28.554168344744262,,,,9.0,,0.794701986754967,0.7947019867549668,0.0,5.88235294117647,4.0,2.0,40.0545507770433,21.3482674123906,18.7973901453093,11.0394627259789,11.499373689011392,6.72176747432551,36.9314778561943,21.9467792064968,,18.69806945004808,,,171416440000.0,68660085000.00001,36594440000.0,18923454000.0,300062339000.0,238189051000.0,29373108000.0,239329962000.0,58681046000.0,29307938000.0,60732377000.0,1.1242467477839,1.11859352324716,0.96622343630647,0.5005552900335144,20021320000.0,-272296000.0,-26962584000.0,19711817000.0,309503000.0,68.566576,7.5694,8.008528,7.884726799999999,14.637776,18.4046244,24.29295,23.4724184,11.7492432,2831250000000.0,Utilities,2009055.0,1.0,38.489208633093526,40.28776978417266,16.546762589928058,19.424460431654676,21.58273381294964,82.90598290598291,31.06796116504854,69.72477064220183,51.28205128205128,58.119658119658126,50.0,26.851851851851855,94.24460431654677,27.26618705035971,56.98697203551573,57.281620010977804,60.54822808419931,51.286322888347215,54.46592898684321
PRESCO,Presco PLC,2300.0,0.0,0.0,16.161616161616163,29.21348314606741,58.62068965517241,58.62068965517241,162.88389392218835,2832.0382862209244,6500.223487125656,27974.978962563804,-1.1102230246251563e-15,-1.249000902703301e-16,,,,82.1837156168334,0.0,203.5294117647072,55.555555555555735,100.0,99.99999999999996,,82.1837156168334,0.0,203.5294117647072,55.555555555555735,100.00000000000006,100.00000000000004,,,,121354087000.0,94601.0,0.2422060901130265,17.902817280733302,128.4714,29.748907745663796,40.36939825574168,28.096361416037062,59.531724493534064,94.90968217385554,46.1922293332031,,19.98613572966913,0.345290864682283,198092183000.0,94601.0,1030562.0,3323054.0,-13.350511333118774,,30.73355111958052,69.13025664808754,77.92337178944398,59.34113976522045,59.34113976522045,226.0,,115026631000.0,134930823000.0,,,,,0.0,11.293984776649689,,,,,,2.25031130434783,1.9417391304347824,0.0,,16.0,4.0,68.4774114939687,53.0108610580297,55.9316550384648,41.3272254376834,30.30898507295362,20.6915219034751,42.6183260120226,29.8957602215362,,15.792605640609503,,,338265111000.0,231635192000.0,179317248000.0,139795585000.0,802381606000.0,353046624000.0,136540021000.00002,325312851000.0,138861568000.0,2321546999.99999,477068755000.0,2.61650093099929,1.25371887785788,0.291072443006669,0.9832815729115202,170471066000.0,-67562709000.0,-36414542000.0,102524722000.0,67946344000.0,289.941440873874,128.4714,146.118014823424,87.87830803476913,153.70045437129875,169.79325120192823,408.91608,119.02416713595224,117.0342702759228,2683333239746.0,Consumer non-durables,217582300.0,1.0,53.84615384615385,69.23076923076923,46.15384615384615,53.84615384615385,53.84615384615385,60.0,25.0,55.55555555555556,100.0,100.0,90.0,60.0,92.3076923076923,55.38461538461538,42.5,86.38888888888889,76.15384615384616,62.70833333333333,67.49145299145299
STANBIC,Stanbic IBTC Holdings Plc,163.0,0.0,-7.909604519774011,0.6172839506172839,38.48768054375531,48.18181818181818,63.0,136.231884057971,333.39442254608633,1246.5115988443038,1644.8094848143317,0.9059824222909316,1.4630606225344516,,,,50.18512337852423,-2.0,11.34176470588227,-45.328899511586464,50.107526881720446,60.14336917562724,,50.18512337852423,-2.0,11.34176470588227,-45.328899511586464,9.213042986926192,23.090888181525845,,,,376530000000.0,5468530.0,1.94822151882139,6.371194383968042,25.5839,43.63616968717017,73.04679900870345,,69.90965948575399,24.710579662423477,31.18713647398985,109.24069984712077,,0.150945057545669,,5468530.0,25847585.0,31711454.0,12.56502527229931,,30.510179498991985,37.13526257144264,0.6221917067435495,38.11591086097817,38.11591086097817,29.24,27.4514110025255,3903897000000.0,5579706000000.0,163.0,0.0,0.0,2000000.0,0.0,26.325197807762247,,,,6.5,,3.22391559202814,3.987730061349693,0.0,31.36647406320547,17.0,4.0,,59.21645068643223,48.6332179370513,40.38481657306975,34.90467662593793,4.78584780512042,41.0400247132996,19.884353007609,,,,,1235164000000.0,,599987000000.0,409183000000.0,9703229000000.0,5313403000000.0,,8443480000000.0,1248805000000.0,-965835000000.0,1259749000000.0,0.952272933376776,,1.00056726360211,,483445000000.0,-1199685000000.0,1376274000000.0,431130000000.0,54512000000.0,63.715884794365486,25.5839,30.4015218211546,22.0035215696139,,,78.48793,78.5313168154949,139.26801660168533,2591988274414.0,Finance,891370390.0,1.0,56.25,83.33333333333334,70.83333333333334,70.83333333333334,79.16666666666666,60.0,69.44444444444444,87.5,77.5,85.0,63.63636363636363,25.0,79.16666666666666,72.08333333333333,64.72222222222223,78.4090909090909,52.08333333333333,71.6155303030303,71.6161616161616
NESTLE,Nestle Nigeria Plc,3125.0,0.0,0.0,-3.843195175236164,17.392937640871526,80.63583815028902,59.60163432073544,158.26446280991735,120.07042253521126,359.55882352941177,626.7441860465116,4.440892098500626e-16,1.4710455076283324e-15,,,,42.01758676253141,25.0,-77.81470588235743,-51.07179752066323,16.67778519012673,16.67778519012673,,42.01758676253141,25.0,-77.81470588235743,-51.07179752066323,25.502487395632,25.502487395632,,,,104966001000.0,319400.0,1.4962493049280192,21.769403156110656,143.5501,1267.0822346551447,1276.3163541507136,4.189720896920656,,-1.5982575857692016,-1.4199928151079173,,18.29659538939708,0.509752229297386,267357468000.0,319400.0,731483.0,2314686.0,4.702413695563366,2603.0,15.772494239217991,33.28928708556087,0.8942603461390966,25.965218500880805,25.965218500880805,179.647158,0.0,375378236000.0,391835697000.0,,,,,0.0,-10.553760158617251,,,,0.0,0.0,0.0,,0.0,,0.0,0.0,35.9946117135021,18.306970621288,15.2914129521647,9.1835710229693,6.698786653467559,11.5477863782381,,23.3295227765937,,17.76522158724598,,,1239015038000.0,445978652000.0,226826119000.0,113785826000.0,978301556000.0,339817837000.0,52106464000.0,926662286000.0,446856878000.0,394750414000.0,51639270000.0,0.867245734887702,0.43889886071304,8.55958021875166,0.1166066061984168,178322801000.0,-95191877000.0,-66624789999.99999,82998974000.0,95323827000.0,1563.11822278517,143.5501,224.968714044932,104.70995488585211,286.1595938212794,337.293186451626,65.14712,563.746288427767,65.73654145051574,2477050781250.0,Consumer non-durables,998125000.0,0.9285714285714286,15.384615384615385,53.84615384615385,53.84615384615385,46.15384615384615,61.53846153846154,20.0,100.0,,63.63636363636363,72.72727272727273,30.0,0.0,76.92307692307693,46.15384615384615,60.0,55.45454545454546,38.46153846153847,55.603896103896105,55.457042957042965
ETI,"Ecobank Transnational, Inc.",97.4,0.0,20.768753874767512,98.77551020408166,116.44444444444449,181.09668109668112,132.4582338902148,239.3728222996516,1737.735849056604,571.7241379310345,851.1718750000001,2.220446049250313e-16,2.0144106071891845,,,,89.21363784651348,19.40000000000001,28.646617647058847,143.36989032901317,100.0,100.0,,89.21363784651348,19.40000000000001,28.646617647058847,143.36989032901317,66.36107081533898,63.162586288653046,,,,626024592252.7301,2702201.0,0.7688125563301086,3.819907443721076,25.498,17.05780813868078,17.078854309809486,,26.725190266621667,15.595812127659944,9.859625990052349,14.376484316454292,,0.129401910754685,,2702201.0,8219377.0,18678701.0,-2.382127796297161,13889.0,13.722291557265484,42.24264045922612,-13.426732661245932,16.82509105938504,16.82509105938504,27.39130434782609,0.0062870592673218,37833241662000.0,36304311407400.0,,,,,0.0,-26.623822728521823,,,,0.0016,,0.0,2.251550308008213,0.0,,1.0,0.0,,32.04898703164067,24.6055419609907,16.015269636500264,30.717415417428327,1.35380295073449,27.7973508250651,9.83877178944635,,,,,4983053698136.13,,1255166639056.15,627222075486.452,48705824797800.0,15426509353200.0,,44745410911200.0,5145958853400.0,-4462459294800.0,3857772371400.0,0.424922240779798,,1.91160719432162,,1667264175272.75,-3455000867955.91,3223034512185.54,1530665304930.0,162549811472.082,159.25104789309307,25.498,67.7953078227556,62.2408416496836,,,109.46187,209.24810218057704,390.7033304667551,2298007696938.0,Finance,263194377.4,1.0,100.0,97.91666666666666,93.75,89.58333333333334,91.66666666666666,30.0,63.888888888888886,75.0,42.5,57.49999999999999,60.60606060606061,12.5,75.0,94.58333333333333,46.94444444444444,58.901515151515156,43.75,70.39772727272728,66.66982323232324
TRANSCOHOT,Transcorp Hotels PLC,223.3,0.0,0.0,10.000000000000004,16.972236773179677,27.67295597484277,30.66120538326507,45.47231270358306,6770.769230769231,4391.654534036604,2168.285448435868,0.0,7.771561172376097e-16,,,,99.6026513098024,0.0,10.747058823529414,41.66666666666572,100.0,100.0,,99.6026513098024,0.0,10.747058823529414,41.66666666666572,100.0,100.0,,,,21870611000.0,11704.0,0.1065960398077555,101.72193877551022,2.1952,50.2532511978097,50.25151720591532,48.87426389703529,46.35249516003001,13.653319962871496,8.83428668126168,-31.19229128548895,35.76040961162214,0.065777979096158,40311271000.0,11704.0,681845.0,1032428.0,3.5195251938020853,,27.33869105105765,57.0455258972308,-9.35049913661915,38.36026744355571,38.36026744355571,,60.8813749824381,36776896000.0,30096533000.0,,,,,0.0,-66.49969945902625,,,,1.3,,0.331392745185849,0.5821764442454098,0.0,75.67567567567568,5.0,4.0,73.0485031850236,37.0410108187324,34.272013300548,22.8390004772906,8.998602238541341,14.1572551585268,25.7274442627671,21.8955350084017,,36.00749236629121,,,98445267000.0,71912794000.0,36465122000.0,22483915000.0,165533845000.0,34458672000.0,12494567000.0,76734443000.0,26855627000.0,14361060000.0,88799402000.0,1.14493825584495,1.12023916508922,0.30169161521122,0.4652494987363356,19617041000.0,-11695793000.0,-6705262000.0,8858698000.0,10971405000.0,9.61142278546859,2.1952,1.91525383186651,0.8648937059288488,3.560168153799531,3.935675938596409,8.6909,2.621972524751702,1.2198714028411737,2287156605183.0,Consumer services,2613503.2,1.0,62.5,87.5,37.5,25.0,50.0,100.0,71.42857142857143,100.0,87.5,100.0,42.857142857142854,33.33333333333333,100.0,52.5,85.71428571428572,82.58928571428571,66.66666666666666,73.14434523809524,75.20089285714286
INTBREW,International Breweries PLC,13.0,0.0,7.883817427385885,-10.344827586206897,-13.333333333333334,8.786610878661094,-10.034602076124564,44.124168514412425,179.61154136384835,-9.407237667491064,192.7317259219593,2.538836900460172,3.336053965494981,,,,45.24502556876228,0.1999999999999993,-0.5807352941176536,-24.78502781992927,53.08315715292459,51.69166433975561,,45.24502556876228,0.1999999999999993,-0.5807352941176536,-24.78502781992927,81.34664112562429,78.41021107066094,,,,50913673000.0,2686685.0,1.0285930715387854,40.841972981464025,0.3183,,,50.110601466493776,,1.6309933828955712,5.644326791760624,209.787926673068,46.52478384535571,0.0620639728850139,152459996000.0,2686685.0,12695807.0,23659938.0,6.099378216388704,1499.0,11.774261160470196,35.24861331992219,21.08890195737062,26.60497644038013,26.60497644038013,0.644419,0.0,195578614000.0,229100162000.0,,,,,0.0,-0.7598468707798597,,,,0.0,0.0,0.0,,0.0,,0.0,0.0,35.1722969652621,13.3992405811198,14.4511088538861,8.56878888886989,13.82986193860255,7.0133207560866,10.7392424642847,10.1883054594819,,21.773056384142368,,,625228859000.0,219907351000.0,83775919000.0,53574541000.0,784863621000.0,366167164000.0,161694222000.0,265420165000.0,52773890000.0,-108920332000.0,519443455000.0,1.59828417755549,1.17999291506394,0.101596987106133,3.063905692758294,194777637000.0,-73104849000.0,-24010168000.0,86468288000.0,108309349000.0,3.71515210762967,0.3183,1.15738187417813,0.5138004072942659,0.4978021688558402,0.905927593256873,3.08657,0.3135860186858653,0.9607979878210317,2187790515625.0,Consumer non-durables,34926905.0,0.9285714285714286,7.6923076923076925,7.6923076923076925,23.076923076923077,15.384615384615385,0.0,10.0,,0.0,54.54545454545454,45.45454545454545,60.0,70.0,7.6923076923076925,10.76923076923077,10.0,40.0,38.84615384615385,25.939560439560438,30.30494505494506
TRANSPOWER,Transcorp Power PLC,272.7,0.0,0.0,-9.970287223506103,-11.143695014662754,-11.40350877192983,-11.172638436482089,-16.986301369863018,3.295454545454541,3.295454545454541,3.295454545454541,0.0,-9.992007221626409e-16,,,,0.0074824906208164,0.0,-15.623529411765103,-37.03703703703924,-1.4210854715202004e-14,1.8158314358313667e-14,,0.0074824906208164,0.0,-15.623529411765103,-37.03703703703924,0.0,2.3684757858670005e-15,,,,91417223000.0,29065.0,0.2966854725684602,23.21937928392013,11.7445,-1.3083813717416473,-1.3082573283926038,-7.066243835390003,14.252579959613698,42.01213205931907,37.22562802673112,-37.27460324042968,8.798170962458775,0.054463366588506,134112158000.0,29065.0,101106.0,298314.0,8.862541782549654,214.0,12.777709275276289,43.64617762242891,5.42083223370982,30.177077650845973,30.177077650845973,11.31,45.1226515710887,352059843000.0,359872214000.0,,,,,0.0,2.1293791067852,,,,5.5,,2.01686835350202,2.016868353502017,0.0,10.0,3.0,2.0,45.6048191835884,33.1920075078806,30.0266376894541,22.7360863932631,7.031305975556849,16.6128037729704,50.6273223011277,41.2717750130777,,12.4128116757078,,,387417986000.0,176681272000.0,128591807000.0,88083688000.0,613417515000.0,523382406000.0,10402469000.0,398461312000.0,35119929000.0,24717460000.0,214956203000.0,1.45435625657945,1.37770714634834,0.163381788987034,0.2961984632713808,29973823000.0,-7733279000.0,-16702180000.0,27240544000.0,2733279000.0,51.6557314666667,11.7445,3.99650973333333,3.6320725333333335,17.145574266666667,17.881621066666668,28.66083,4.6826572,1.3869958666666666,2045250091553.0,Utilities,7926025.5,1.0,10.071942446043165,30.215827338129497,7.194244604316546,4.316546762589928,7.194244604316546,34.18803418803419,37.86407766990291,86.23853211009175,71.7948717948718,74.35897435897436,42.857142857142854,61.111111111111114,94.96402877697841,11.798561151079136,36.026055928968546,68.81238028027019,78.03756994404476,43.06292721801327,50.86488483168618
UBA,United Bank for Africa PLC,43.7,0.0,9.250000000000009,-6.02150537634408,-8.385744234800837,6.326034063260344,3.800475059382426,25.483390303462556,495.1207012434963,1164.2014884216528,1906.4849317504252,4.5581672713291885,4.688954271077554,,,,45.587374036931465,0.9500000000000028,-2.5866176470588016,-29.7620323338834,29.701027093525585,25.5651875375504,,45.587374036931465,0.9500000000000028,-2.5866176470588016,-29.7620323338834,43.86536868715219,35.527261127408224,,,,373654000000.0,16146068.0,0.2275803456510011,5.118174790939543,8.5382,-62.88562101447071,-58.30881166981416,,-49.71828275610567,9.398145422892684,4.472014442905315,,,0.129144024384994,,16146068.0,381392354.0,636619640.0,-0.1273829937599003,10821.0,-7.523069719815188,38.068196669918144,29.104684393838344,-3.0523068812622185,-3.0523068812622185,15.68,,24642139000000.0,23895824000000.0,43.8,0.2288329519450671,0.6864988558352337,1356440.0,0.6864988558352337,-67.84706272272115,,,,,,7.41525114155251,0.0,0.0,,13.0,4.0,,17.849152166124032,12.1470442615547,15.980909133394608,-60.01913902531699,1.01251527057447,8.49341692660199,6.79830413089815,,,,,3126596000000.0,,366653000000.0,328276000000.0,33130931000000.0,10942955000000.0,,28820248000000.0,3034972000000.0,-5778092000000.0,4310683000000.0,0.457944241638204,,0.726605075844145,,-1736582000000.0,-2125002000000.0,-311504000000.0,-1876556000000.0,139974000000.0,46.47877635985157,8.5382,-39.2927414245633,-45.0134401303285,,,94.50865,68.67073943343289,199.4086342655444,1931372915360.0,Finance,705583171.6,1.0,25.0,41.66666666666667,47.91666666666667,25.0,50.0,5.0,22.22222222222222,22.5,40.0,30.0,6.0606060606060606,30.0,50.0,37.91666666666667,13.61111111111111,24.640151515151516,40.0,35.05018939393939,35.041982323232325
OKOMUOIL,Okomu Oil Palm Co. Plc,1750.0,0.0,0.0,-0.8498583569405099,31.876412961567446,57.65765765765766,59.81735159817352,215.3153153153153,1713.4715025906737,6127.758007117437,7116.494845360825,0.0,3.3306690738754696e-16,,,,61.17158225986634,0.0,-9.705882352941217,-55.55555555555556,3.7895612573872014e-14,3.394815293076034e-14,,61.17158225986634,0.0,-9.705882352941217,-55.55555555555556,-1.871060396566489e-15,6.355469149190519e-15,,,,57951715000.0,56211.0,0.1747399697280278,25.526204472191026,68.557,59.77784873111354,59.777815848101234,66.48448080906519,45.03249257353005,18.639260373845616,7.859991293833941,20.997700849499743,48.762184263973175,0.177871597738684,114685520000.0,56211.0,752235.0,2548484.0,28.037237726842868,280.0,37.535445937678126,53.2912164955162,143.5970444735065,52.17868444186197,52.17868444186197,86.11,90.5322969854391,57226624000.0,59994496000.0,,,,,0.0,-58.862876254180605,,,,55.0,,3.14285714285714,3.1428571428571432,0.0,52.77777777777778,10.0,2.0,63.5628517314522,46.4715984154591,44.8342131592476,32.8633059578075,29.85473952714026,38.1757335213177,87.4132260744436,65.6178110515902,,17.0912533159931,,,198997700000.0,126488613000.0,92477412000.0,65397223000.0,177783474000.0,80424374000.0,31830378000.0,105372188000.0,24901264000.0,-6929114000.0,72411286000.0,1.3405292045457,0.564400140972932,0.343886504101032,1.2782635451758593,82328066000.0,-22915821000.0,-81543181000.0,59410245000.0,22917821000.0,208.612657378579,68.557,86.3059051692508,62.28076548102023,96.94563638079065,120.22677191768616,75.90998,26.104416559214183,33.36832405572853,1669342453003.0,Process industries,98369250.0,1.0,6.25,50.0,50.0,50.0,43.75,86.66666666666667,78.57142857142857,100.0,100.0,100.0,92.3076923076923,35.714285714285715,87.5,40.0,82.61904761904762,98.07692307692308,61.60714285714286,69.65796703296704,74.4150641025641
FIDELITYBK,Fidelity Bank PLC,22.9,2.690582959641246,11.43552311435522,15.656565656565643,16.243654822335024,20.209973753280828,20.52631578947368,13.930348258706452,955.4786641141168,2037.566179842347,1630.410179375906,6.816597802225246,7.43893508563661,,,,64.57383717827632,2.8999999999999986,1.458970588235278,88.9725336169975,90.28956228956228,82.55622895622894,,64.57383717827632,2.8999999999999986,1.458970588235278,88.9725336169975,85.31694090926067,76.10148118977207,,,,242444000000.0,5207728.0,0.1001943022523102,5.0444973125385495,4.5396,-43.8487989510922,-15.788224633772735,,-12.823168144520436,18.61399858100508,18.61399858100508,-68.3167669770263,,0.0857855380661833,,5207728.0,308704976.0,512504178.0,-0.8217138318432,3466.0,42.04219479890961,48.428113093311694,4.762599111913239,42.049002940024266,42.049002940024266,7.73,0.0,4759356000000.0,4759356000000.0,21.1,-5.381165919282508,-3.587443946188344,423955.0,-3.587443946188344,-87.24447894996268,,,,0.0,0.0,9.4170403587444,0.0,0.0,-100.0,0.0,0.0,,34.3304826559301,23.2719911962922,22.94236929497164,10.384519611544423,2.42874043740101,23.591285051036,19.9812812530128,,,,,1493916000000.0,,350449000000.0,234198000000.0,10463815000000.0,1953171000000.0,,9376227000000.0,897644000000.0,-786074000000.0,1087588000000.0,0.410385564769687,,0.825352982931036,,298099000000.0,-584336000000.0,1054400000000.0,155136000000.0,185180000000.0,16.158704530344764,4.5396,4.71869756545414,1.46240541995125,,,17.21575,14.209073352961662,26.65207205495932,1408780151802.0,Finance,119256971.19999999,1.0,79.16666666666666,72.91666666666666,64.58333333333334,20.833333333333336,60.416666666666664,75.0,25.0,65.0,60.0,62.5,45.45454545454545,27.500000000000004,10.416666666666668,59.583333333333336,50.0,58.23863636363636,18.958333333333336,56.48579545454546,54.79924242424242
ACCESSCORP,Access Holdings Plc,25.9,3.5999999999999943,12.608695652173909,-0.3846153846153901,7.246376811594203,13.34792122538292,17.99544419134396,21.59624413145539,164.28571428571425,164.28571428571425,164.28571428571425,4.599496724986992,6.1484503215041375,,,,46.440001311463135,-1.6499999999999986,-1.5285294117647157,-45.29871297701353,31.031410654315696,25.86566978093981,,46.440001311463135,-1.6499999999999986,-1.5285294117647157,-45.29871297701353,39.56218627605595,29.8281241526727,,,,718745000000.0,8060649.0,0.039108091781696,1.821356209854723,13.9182,-17.54669699824052,19.400239801627382,,16.181650364752304,24.237942465440817,36.71718327552252,-265.5648144532849,,0.134692611646923,,8060649.0,518219407.0,1134216787.0,3.647972662108282,,11.921429703880952,50.950500701867774,-22.04797619047619,15.591080169639396,15.591080169639396,13.17,,29599584000000.0,31455199000000.0,25.1,0.4000000000000056,0.4000000000000056,248663.0,0.4000000000000056,-89.17573220360697,,,,,,1.8596837944664,10.0,0.0,,16.0,0.0,,37.937060730336434,19.8233860230822,22.416104114987142,-49.32641201872635,1.61229985271532,21.0663298492654,12.1664851034274,,,,,5329816000000.0,,1262317000000.0,745873000000.0,53437039000000.0,15582792000000.0,,49246550000000.0,7266127000000.0,-2409077000000.0,4190489000000.0,0.495396389003929,,1.92009444395264,,-2468989000000.0,5987990000000.0,-637181000000.0,-2629007000000.0,180116000000.0,61.19240105929087,14.1694,-45.4058592025894,-51.1854862439311,,,72.9202,133.62746432249523,177.93151390319258,1331735156250.0,Finance,208770809.1,1.0,41.66666666666667,66.66666666666666,60.416666666666664,22.916666666666664,58.333333333333336,20.0,41.66666666666667,55.00000000000001,55.00000000000001,70.0,12.121212121212121,10.0,27.083333333333332,50.0,30.833333333333336,48.03030303030303,18.541666666666664,45.80871212121212,44.99715909090909
WEMABANK,Wema Bank PLC,32.5,-7.142857142857142,1.4040561622464989,25.0,25.482625482625487,63.31658291457288,58.92420537897311,124.9134948096886,1854.7051277093965,1432.0660095872825,2039.1107559938607,3.410156930954798,4.904044788223896,,,,55.34322219987393,-3.5,4.086323529411757,28.959010473095173,75.89572423265763,77.71479369867741,,55.34322219987393,-3.5,4.086323529411757,28.959010473095173,31.03639752153292,33.90037362123227,,,,194476493000.0,2996602.0,0.1041648898725031,4.747783150482813,6.8453,57.10318553199303,117.48862178208148,,125.40205895883814,41.16305616461933,41.16305616461933,92.55532137333802,,0.0265414892468608,,2996602.0,113853339.0,156556661.0,27.49681287153052,2504.0,53.588914585676925,52.52559882802059,20.757807261133905,52.80537798127703,52.80537798127703,,17.53499985972,1799100099000.0,1799100099000.0,,,,,-5.714285714285714,-95.9911388253812,,,,1.25,1.25,3.57142857142857,3.8461538461538463,18.26070442493389,25.0,8.0,5.0,,50.164146735712855,33.6630820926117,43.639476619098566,116.733404035058,4.45914124436427,46.2828714923772,38.9448111603742,,,,,659724595000.0,,222090858000.0,193204299000.0,5072310440000.0,2072623810000.0,,4472847119000.0,134626673000.00002,-958826397000.0,599463321000.0,1.15203362567321,,0.224578666089897,,812688088000.0,-752626384000.0,683060500000.0,770118977000.0,43642003000.0,11.035410174400946,6.8453,20.2569997064873,18.6617584354126,,,14.94218,3.355693919616512,27.25532568412359,1303863437500.0,Finance,97389565.0,1.0,87.5,79.16666666666666,72.91666666666666,68.75,75.0,82.5,77.77777777777779,95.0,82.5,77.5,90.9090909090909,55.00000000000001,45.83333333333333,76.66666666666666,80.13888888888889,86.47727272727272,50.41666666666667,78.88825757575756,78.38320707070707
DANGSUGAR,Dangote Sugar Refinery PLC,91.0,0.0,-1.93965517241379,48.48112877299032,22.64155571379461,62.81723775796872,54.8098326223309,148.51052078847857,426.0946666213138,1487.126015119695,1803.9112479762468,1.138919925512103,2.094752793653094,,,,70.67143619141598,21.3,18.36347388823528,77.06641356248913,83.33333333333333,82.51863215034791,,70.67143619141598,21.3,18.36347388823528,77.06641356248913,60.72429439601736,61.11314686325358,,,,-64063836000.0,776201.0,0.0810617212883972,,-1.6871,85.55701089794626,85.55693841459835,573.34624799376,66.737246011167,-8.079987555012561,-11.397491184354251,,407.8442694326485,0.7537322479838661,181061823000.0,776201.0,15763469.0,93532336.0,-4.108764831980061,,6.101269770033766,31.07802705757554,-7.482262985471911,24.56476306065713,24.56476306065713,10.648182,,791848682000.0,767487869000.0,,,,,0.0,-61.49684736374288,,,,0.0,0.0,0.0,,0.0,,0.0,0.0,18.7661306978054,16.1356269326126,-3.60563952021963,-2.64813142334574,6.130313332367685,-2.15725084495677,-12.6251006938241,-10.9838538525856,,2.6587334455581373,,,803073209000.0,150705768000.0,129580897000.0,-21266434000.0,926237957000.0,278830701000.0,50128616000.0,778106976000.0,627961151000.0,577832535000.0,148130981000.0,0.363303072611823,0.118495909412218,4.23590747142663,0.0798275751934214,124734657000.0,-75456430000.0,-88073396000.0,49230904000.0,75503753000.0,63.7093955596257,-1.6871,9.89544852667004,3.905585569962604,10.27991038852365,14.36399468065675,11.76074,49.817407574776766,3.9768028491168175,1105365891602.0,Process industries,70634291.0,1.0,68.75,43.75,56.25,37.5,37.5,33.33333333333333,85.71428571428571,14.285714285714285,20.0,53.333333333333336,38.46153846153847,7.142857142857142,37.5,48.75,59.52380952380952,31.520146520146522,22.32142857142857,51.879807692307686,48.29670329670329
UNILEVER,Unilever Nigeria PLC,172.0,0.0,22.857142857142858,71.74238642036943,101.16959064327486,134.01360544217687,138.88888888888889,300.0,1287.0967741935483,434.94187452216784,532.6269244547823,1.8687889857714015,0.8223310020849801,,,,98.35134493418362,47.0,40.23382352941175,162.92392919875692,97.87878787878792,97.87878787878792,,98.35134493418362,47.0,40.23382352941175,162.92392919875692,100.0,100.0,,,,32198916000.0,1706686.0,1.266488341191656,29.35103496527363,5.8601,85.95227517928538,85.95223534553058,77.34694834445342,112.6301825894394,27.20333766203766,22.49574117083368,10.729786994200843,53.82510936332011,0.0124952460555616,46031406000.0,1706686.0,7095502.0,10735147.0,5.44514305401022,1042.0,37.76253450463308,32.63326503688715,0.4757924599144632,43.32425983294191,43.32425983294191,7.660525,66.9081306760397,68276739000.0,69629313000.0,,,,,0.0,-27.81941976775316,,,,3.75,,2.18023255813953,2.1802325581395348,0.0,200.0,5.0,3.0,42.4523359543119,19.006454556224,24.0162107309728,14.8638339534519,19.08656277481405,19.5116559482036,32.8237074171983,31.9972911050361,,23.445881398087888,,,226498608000.0,96153950000.0,43049355000.0,33666377000.0,189990347000.0,162989159000.0,114464073000.0,75514342000.0,2173860000.0,-112290213000.0,114476005000.0,2.34081239606658,2.00440293012801,0.018989656391311,52.65475835610389,48322295000.0,-4814833000.0,-9265665000.0,43230799000.0,5091496000.0,39.4253079953188,5.8601,8.41118353988142,7.524936159690308,7.493353247781629,8.012421687852344,19.92618,0.378391288120869,19.92410184005924,988140923828.0,Consumer non-durables,293549992.0,1.0,92.3076923076923,92.3076923076923,69.23076923076923,76.92307692307693,92.3076923076923,80.0,62.5,44.44444444444444,81.81818181818183,81.81818181818183,80.0,100.0,53.84615384615385,84.61538461538461,71.25,72.02020202020202,76.92307692307692,79.4857226107226,78.5098581973582
GUINNESS,Guinness Nigeria PLC,402.6,0.0,0.0,-16.975667875771133,27.809523809523814,136.82352941176472,15.061446127465004,403.25000000000006,1312.6315789473683,326.93529924914213,75.04347826086958,-2.220446049250313e-16,4.3715031594615544e-16,,,,25.05362003892263,-94.39999999999998,-50.75147058823529,-92.0223932820153,-4.736951571734001e-15,1.973729821555834e-15,,25.05362003892263,-94.39999999999998,-50.75147058823529,-92.0223932820153,4.263256414560601e-14,6.868579779014301e-14,,,,27441937209.0,168365.0,0.3675904697424781,28.624448094191926,14.0649,,,,,3.231254043353827,-16.562938217859895,,33.036695476033906,0.181860692158977,,168365.0,1593355.0,4567585.0,-2.7949371814106536,,37.218720588451774,36.08891164904715,-19.30144694504084,62.67934611612147,62.67934611612147,24.82,0.0,190709295000.0,170944618000.0,,,,,0.0,-65.68818258333657,,,,0.0,2.0,0.496770988574267,0.0,14.219795377144523,,0.0,0.0,31.8373185001194,11.8760432875222,10.3860139165309,6.26626184954984,,11.7595853865615,98.4241770312483,88.6176227048214,,19.14181782158117,,,491642768027.8501,156525873939.83,58387707950.96,30807623209.0,238324174000.0,99846102000.0,1779962000.0,184208866000.0,39375137000.0,37595175000.0,53716439000.0,0.584084501566466,0.315182025795044,0.7330183782286841,0.0452052268414964,,,,,,224.45516059422,14.0649,,,26.65639203280888,,24.52377,17.976370799079433,0.8126259197592385,881848133682.0,Consumer non-durables,67783749.0,0.8571428571428571,0.0,61.53846153846154,76.92307692307693,92.3076923076923,30.76923076923077,70.0,,88.88888888888889,36.36363636363637,27.27272727272727,,50.0,84.61538461538461,52.30769230769231,70.0,50.841750841750844,67.3076923076923,62.23615273615274,61.954943204943206
FCMB,FCMB Group Plc,11.9,0.8474576271186409,8.181818181818185,-0.8333333333333304,5.77777777777778,13.333333333333336,-0.4184100418409953,25.92592592592594,308.93470790378007,867.479674796748,197.5,2.961104321319981,5.827239172962224,,,,51.22884271678425,0.75,-0.2216176470588102,3.990877993157079,53.09829059829061,43.78981031523404,,51.22884271678425,0.75,-0.2216176470588102,3.990877993157079,74.76772719236392,57.41904163795406,,,,169175154000.0,6380684.0,0.102106303401953,2.90846877673225,4.0915,9.503800449630653,157.20707609494588,,157.39989055246417,6.934425864331588,6.934425864331588,184.89867573605807,,0.235532501051019,,6380684.0,200043148.0,608556838.0,4.310933530538287,,51.297758402226975,43.07588955400512,-5.992599920721828,51.297758402226975,51.297758402226975,5.3,0.0,4002983076000.0,4002983076000.0,12.05,2.11864406779661,1.271186440677954,1555233.0,1.271186440677954,-83.68201509296364,,,,0.0,0.0,4.78260869565217,4.661016949152542,0.0,-100.0,0.0,0.0,,34.11375903624938,17.532507670453,26.315901641941664,67.28332742973146,2.31612883734795,23.0954223609566,11.8524068362043,,,,,1141613794000.0,,219140404000.0,169048427390.0,7543331825000.0,1775525725000.0,,6766599628000.0,1776699811000.0,574429742000.0,776732197000.0,0.443550644929082,,2.29032177758514,,786579359000.0,-726583435000.0,250351973000.0,768115747000.0,63629066000.0,15.008908551401872,4.0915,,,,,18.12482,41.5116778271028,28.090422172897195,778264218830.0,Finance,75930139.60000001,1.0,39.58333333333333,64.58333333333334,58.333333333333336,29.166666666666668,29.166666666666668,80.0,58.333333333333336,62.5,65.0,60.0,81.81818181818183,5.0,35.41666666666667,44.166666666666664,69.16666666666667,67.32954545454545,20.208333333333336,58.328598484848484,58.1969696969697
OANDO,Oando PLC,47.0,2.844638949671766,3.2967032967032965,6.818181818181818,17.5,14.355231143552308,16.91542288557213,-5.642042785417557,1735.179663991489,985.0863888988956,174.81584958289633,2.2893483107239634,3.7699680296472415,,,,53.06289519820711,1.0,-0.1991176470588271,82.55221180726859,65.59472273757989,63.72798277560181,,53.06289519820711,1.0,-0.1991176470588271,82.55221180726859,74.78155359384044,70.57648752450034,,,,244309893000.0,3862299.0,0.7988465813119724,2.268624441290896,20.7174,359.7940432331661,274.84902772733284,,8.651583229617447,4.1951234740822425,4.1951234740822425,81.16010168334547,-88.90629702193235,0.448458379161774,6483127000.0,3862299.0,21667196.0,48246492.0,-0.9925447657140318,,-22.055094801521847,46.44163606293392,-18.17526304296681,-21.379129679905752,-21.379129679905752,,0.0,4755813134000.0,4755813134000.0,46.0,0.6564551422319412,0.6564551422319412,100000.0,0.6564551422319412,35.62726837100018,,,,0.0,0.0,0.0,,0.0,,0.0,0.0,0.729522240201277,-3.09186622513744,0.436883635839689,7.60388703555149,-3.2193480568628705,3.71906587369406,,20.7909617786841,,3.821388465338719,,,3212960580000.0,23439261999.9999,-99340443000.0,244309893000.0,6704080273000.0,1509077882000.0,410537016000.0,7257906140000.0,3006500973000.0,2595963957000.0,-553825867000.0,0.317312274364058,0.305626000443271,,0.1365497698776231,-1748495000.0000498,-135962687000.0,383329693000.0,-103436384000.0,147730442000.0,394.11368473217,20.7174,-0.214476894449105,-12.68789125125577,-12.185467906878614,0.7952444503868201,-40.88893,368.7885820933054,50.357996018335776,661048056446.0,Energy minerals,181528053.0,0.8571428571428571,58.27338129496403,68.34532374100719,43.16546762589928,8.633093525179856,45.32374100719424,8.547008547008547,95.14563106796116,,39.31623931623932,12.82051282051282,23.46938775510204,,30.935251798561154,44.74820143884892,51.84631980748485,25.20204663061806,30.935251798561154,46.66102719171997,43.660858310450706
NASCON,NASCON Allied Industries Plc,222.0,0.0,3.255813953488372,47.50830564784053,76.19047619047619,114.28571428571428,106.51162790697674,311.1111111111111,1430.0002648347756,2586.121393719592,5228.001069862615,0.5555555555555554,1.1995418166113148,,,,73.7351320213626,16.0,39.0029411764707,82.27771306542432,100.0,98.70801033591728,,73.7351320213626,16.0,39.0029411764707,82.27771306542432,42.51143867386905,41.88163379360043,,,,33529282000.0,713197.0,0.3235827530756034,16.74006153103698,13.2616,63.4268672902264,63.42742233545254,48.38522528286286,115.15745846178568,73.32199372566153,77.88732680401831,-28.24194073721675,21.044913936733213,0.0277696193460511,50004619000.0,713197.0,3902627.0,18179932.0,18.68793545023739,1026.0,8.335957804548102,40.37752863990196,11.320227947604035,26.829957957888716,26.829957957888716,18.29,48.3594071136688,56277315000.0,71645230000.0,,,,,0.0,50.59408052129589,,,,6.0,,2.7027027027027,2.702702702702702,0.0,200.0,19.0,4.0,49.0622129907753,30.7281132396489,34.5682143054505,23.8642118133514,12.446298455094436,28.330444115341,54.4243794570388,51.5567372394646,,18.4532078614882,,,150177011000.0,73680165000.0,46146562000.0,35838560000.0,161958383000.0,125081785000.0,50256915000.0,80891338000.0,3760998000.0,-46495917000.0,81067045000.0,1.74584944454781,1.54566950235208,0.0463936732861054,13.362654008324386,42698254000.0,-24004171000.0,-7217708000.0,18691479000.0,24006775000.0,55.5711628843258,13.2616,15.7999657345046,6.916552787549858,17.075969859685387,18.50359658188732,29.99787,1.3917112284624154,18.59695562544335,599938848633.0,Consumer non-durables,158329734.0,1.0,84.61538461538461,84.61538461538461,61.53846153846154,84.61538461538461,69.23076923076923,0.0,50.0,66.66666666666666,90.9090909090909,90.9090909090909,50.0,90.0,46.15384615384615,76.92307692307692,25.0,74.62121212121212,68.07692307692308,62.42395104895105,64.34761072261071
UACN,UAC of Nigeria PLC,199.95,-0.0250000000000056,5.236842105263152,90.42857142857142,117.33695652173913,233.25,119.7252747252747,505.9090909090909,1813.397129186603,1014.5253222995976,615.7395914925677,1.7616335813961717,2.180522228949557,,,,79.87008167887353,34.94999999999999,53.264852941176486,89.77250869922537,92.06376679087266,87.61182913779363,,79.87008167887353,34.94999999999999,53.264852941176486,89.77250869922537,32.50341824295126,30.150148696435892,,,,10587170000.0,2584485.0,0.7525130281302937,53.64904749127985,3.727,-14.55754241173774,-14.558467804327908,119.54635404210816,-27.180847694313865,278.54181166646043,263.18146895780933,,126.50965285350242,0.581166571131854,53153292000.0,2584485.0,13643976.0,23587558.0,0.0920387819478813,2946.0,124.61713666944914,33.148595811427974,4.054754936122307,72.9162787171873,72.9162787171873,17.68,27.6380520700901,294596180000.0,282754339000.0,,,,,-0.375,-60.80230689128109,,,,1.0,,0.11,0.5001250312578145,0.0,354.54545454545456,19.0,1.0,24.3515672860112,8.38150831758089,4.43542150028165,2.27880087272935,5.967786765536158,2.86179792106772,14.8152799224225,6.87440501158384,,16.12467641910277,,,478570819000.0,116539495000.0,40111453000.0,10905676000.0,597607622000.0,294616446000.0,77562352000.0,513444351000.0,346727037000.0,269164685000.0,83950270000.0,1.04195198928495,0.371593682245845,4.26606029846559,0.2236985978108191,35469717000.0,-162516291000.0,158276798000.0,28560086000.0,7121890000.0,163.550659710498,3.727,12.1217077698477,9.760354625150198,13.708012147093845,18.165035616985158,27.77581,118.49330002884354,26.506785066428996,585080051666.0,Consumer non-durables,516767775.75,1.0,100.0,100.0,92.3076923076923,100.0,76.92307692307693,100.0,0.0,22.22222222222222,9.090909090909092,9.090909090909092,20.0,20.0,30.76923076923077,93.84615384615385,50.0,15.101010101010102,25.384615384615387,62.6497668997669,53.5444832944833
JBERGER,Julius Berger Nigeria Plc,315.0,0.0,0.0,5.351170568561873,26.151381657989592,127.93053545586108,106.01700457815564,129.92700729927006,1415.151515151515,745.666257086784,1112.1216785461006,1.7763568394002505e-15,0.390189520624302,,,,84.28612450437183,0.0,15.630882352941,60.606060606062016,100.0,100.0,,84.28612450437183,0.0,15.630882352941,60.606060606062016,100.0,100.0,,,,29907784000.0,101910.0,0.2423015580910318,17.006343636118235,18.5225,240.3057193775377,240.30702262554212,-182.28514801875565,95.99160587866348,5.633180338713462,1.476688217498837,,55.097886445574105,0.0451305097031128,-5318303000.0,101910.0,519362.0,1360238.0,-0.9805391134953516,8859.0,19.0705922687868,25.737359183450103,-19.208206202446892,34.08607262388813,34.08607262388813,13.3,22.7365132353256,161450197000.0,195495307000.0,,,,,0.0,6.168415130900415,,,,4.25,,1.03174603174603,1.3492063492063493,0.0,30.76923076923077,9.0,3.0,15.9463329984137,-1.43109398050191,6.58080260104715,3.91138269442057,6.424973452203226,2.78984339035824,9.25119081813628,8.43525503472674,,17.230373230434378,,,757686228000.0,120823169000.0,-10843202000.0,29636008000.0,1070067949000.0,607033063000.0,152717083000.0,782976812000.0,47082426000.0,-105634657000.0,287091138000.0,3.10510299359769,2.63110797846416,0.164278011945041,3.243611172457426,76655784000.0,-18642940000.0,-12608519000.0,48681139000.0,29788614000.0,473.5538925,18.5225,47.909865,30.425711875,-6.77700125,-3.323939375,179.12632,29.42651625,95.448176875,504000000000.0,Industrial services,32101650.0,1.0,56.11510791366906,74.10071942446042,74.82014388489209,56.83453237410072,76.97841726618705,48.717948717948715,93.20388349514563,25.688073394495415,25.64102564102564,15.384615384615385,40.816326530612244,60.18518518518518,67.62589928057554,67.76978417266187,70.96091610654717,26.88251023768717,63.905542232880364,65.43063005133692,60.9891339641561
NAHCO,Nigerian Aviation Handling Co. Plc,205.0,-5.529953917050691,0.5148320666830162,23.275829668884136,60.46966731898239,136.29421511418488,116.93121693121694,216.6023166023166,12976.416992598486,6757.146190623821,4134.080954921489,-3.469446951953614e-16,0.5512275627734855,,,,55.622073692886175,-20.75,24.191727941176453,-49.4206007567462,51.4567458538772,61.01897504855821,,55.622073692886175,-20.75,24.191727941176453,-49.4206007567462,20.852841572462378,27.80378876328317,,,,17514298000.0,1613454.0,0.651047870511836,25.06541461863889,8.1786,16.877215045158326,16.875956109041578,12.634519833936103,36.141650824294366,17.393798337013973,9.811550918849065,,-1.2668463703784427,0.144153965343222,27392214000.0,1613454.0,7292355.0,20474685.0,12.442623819568514,,3.26505106374516,55.991038895389565,-5.593505129997628,22.926924463797103,22.926924463797103,,69.5521951467671,24790436000.0,25668884000.0,205.0,-5.529953917050691,-5.529953917050691,1010000.0,-5.529953917050691,124.43032925309512,,,,5.46875,,2.39516129032258,2.5201612903225805,0.0,5.218855218855223,17.0,5.0,58.2176649141704,37.8291135705221,38.158170100186,28.1805274869416,,30.7684251523619,66.3985626410072,55.3671564829811,,20.38855134364827,,,64646643000.0,37635766000.0,24455252000.0,18217765000.0,61978128000.0,32689644000.0,15167229000.0,31446045000.0,6840893000.0,-8326335999.999999,30532083000.0,1.27351247525993,1.22852134903878,0.224184949938236,2.217141680187075,27741579000.0,-4280114000.0,-17527236000.0,,877207000.0,29.0220545802853,8.1786,12.4541288227649,,10.978785987675034,12.297287111766252,13.69899,3.071107188410253,6.809079751746512,483367500000.0,Transportation,330758070.0,0.9285714285714286,83.33333333333334,83.33333333333334,66.66666666666666,66.66666666666666,66.66666666666666,33.33333333333333,40.0,100.0,100.0,100.0,,40.0,83.33333333333334,73.33333333333333,36.666666666666664,100.0,61.66666666666667,67.11904761904762,71.03571428571429
CUSTODIAN,Custodian Investment Plc,81.25,0.0,-9.521158129175944,15.24822695035461,47.99635701275046,105.69620253164555,88.95348837209302,350.1385041551246,1277.1186440677964,2055.1724137931037,2055.1724137931037,0.0369913686806428,0.3238374407272797,,,,49.514144400217454,-5.900000000000006,5.723382352941101,-13.548108730044852,32.44571853267507,58.43214277300192,,49.514144400217454,-5.900000000000006,5.723382352941101,-13.548108730044852,3.794004300955656e-14,32.55726259931624,,,,65839136000.0,892878.0,0.4280792995569852,5.252847851666042,15.4678,73.67646893702069,73.67564713621947,,21.930636965376262,154.37846531605126,156.55728850983016,61.58016238259184,,0.175311095220547,,892878.0,4725561.0,16137316.0,4.698528084768772,916.0,28.353930704596248,32.339332659273,65.90961621292504,41.2256951916629,41.2256951916629,,24.5676100628931,393402974000.0,479205735000.0,,,,,0.0,-43.4029789440456,,,,2.75,,1.66153846153846,3.3846153846153846,0.0,120.0,19.0,4.0,,30.7672200563689,34.1713912341854,37.2893846732887,46.70446919087432,11.8103860079712,52.007279674225,38.100552450936,,,,,243981591000.0,,75066353000.0,90979234000.0,1108570246000.0,255460271000.0,,856704650000.0,136842132000.00002,-57209990000.0,251865596000.0,0.533091013612348,,0.6338227085717241,,118723984000.0,410396000.00000095,3292524000.0,113950307000.0,6930685000.0,41.4803042095825,15.4678,20.1847481734538,19.37315589984539,,,36.70599,23.265088324011465,,477901431274.0,Finance,72546337.5,1.0,77.08333333333334,85.41666666666666,87.5,91.66666666666666,85.41666666666666,55.00000000000001,83.33333333333334,97.5,72.5,55.00000000000001,69.6969696969697,32.5,87.5,85.41666666666666,69.16666666666667,73.67424242424242,60.0,77.69696969696969,76.06439393939394
NGXGROUP,Nigerian Exchange Group PLC,151.5,0.3311258278145695,1.0,-13.57672561323446,80.35714285714286,284.03041825095056,172.97297297297297,461.1111111111111,1038.0281690140846,1038.0281690140846,1038.0281690140846,0.2758241391953592,1.0659159998237586,,,,50.560070411458426,-8.5,4.506176470588201,-97.16312056737544,12.599881851817235,26.4221828394946,,50.560070411458426,-8.5,4.506176470588201,-97.16312056737544,4.423500332234801,16.65909254141375,,,,10479282000.0,39903755.0,3.604335229694637,33.199658142133984,4.5633,15.752225858001676,15.752406815582246,58.48337977769704,5.633642668916037,4.42278465928563,9.200874071591503,0.378545321013467,31.34383315008177,0.0,15093862000.0,39903755.0,122495336.0,141158205.0,7.430201810939111,109.0,24.843033732796545,,-10.86712235925036,33.34871796794826,33.34871796794826,,63.1136044880785,13194970000.0,15321911000.0,,,,,0.3311258278145695,509.1528617270824,,,,2.25,,1.47540983606557,1.490066225165563,0.0,50.0,3.0,2.0,96.0355194906927,48.2105440566851,46.2758557383935,44.856336805483,27.72451444440227,18.3467340630619,24.5369336312627,23.7471395547803,,,,,29904145000.0,28718601000.0,14416951000.0,13413904000.0,76328907000.0,,7809872000.0,17653036000.0,0.0,-7809872000.0,58675871000.0,0.61366927402202,0.61366927402202,0.0,,10107931000.0,2624871000.0,-11049110000.0,8290779000.0,1894762000.0,10.1732315556335,4.5633,3.43866452665229,,4.904570281117299,5.134851813846472,19.96122,0.0,2.656877040820221,443863467773.0,Finance,6045418882.5,1.0,4.166666666666666,93.75,97.91666666666666,97.91666666666666,95.83333333333334,45.0,61.111111111111114,67.5,87.5,75.0,57.57575757575758,92.5,83.33333333333334,77.91666666666667,53.05555555555556,71.89393939393939,87.91666666666667,72.76325757575758,73.9040404040404
TRANSCORP,Transnational Corporation of Nigeria PLC,43.25,0.5813953488372093,-1.7045454545454546,-7.978723404255319,-15.196078431372548,-4.101995565410203,-4.735682819383257,-2.918069584736245,1128.6931818181818,706.9029850746268,1764.2241379310346,1.4292732405381965,2.725670822442315,,,,37.97695168991696,-3.75,-3.100294117647003,-71.90412782955926,35.626102292768984,37.95530812839581,,37.97695168991696,-3.75,-3.100294117647003,-71.90412782955926,33.62856846500704,32.73762615716297,,,,85788771000.0,2236975.0,0.5021040572346663,4.981743206975593,8.6817,90.96608156262371,90.96395720782898,25.27541285848932,66.68390587779317,33.367690430282515,29.96568857237256,,26.421373096084437,0.0752869501343025,215618645000.0,2236975.0,19789872.0,36605879.0,7.685485512557613,2446.0,13.496935378323588,48.530889639327725,-4.25901343136363,33.39529111965891,33.39529111965891,9.35,23.6907878371495,502450080000.0,517285104000.0,,,,,0.0,-77.18193899175888,,,,2.0,,4.65116279069767,4.624277456647398,0.0,100.0,9.0,5.0,52.8848218703488,37.8589140491771,34.3936677636611,16.7861524044654,17.814307469530252,9.23858600526987,39.0282236508297,30.7706242843674,,12.170642141311877,,,525571792000.0,277947706000.0,198975773000.0,88223282000.0,1079377519000.0,640899636000.0,31419679000.0,686574845000.0,75568415000.0,44148736000.0,392802674000.0,1.23896789419245,1.22521181472104,0.298169243481139,0.415777927855176,114308800000.0,-31445286000.0,-69746034000.0,93626975000.0,20894887000.0,51.7193362958741,8.6817,11.2486540540551,9.213441588947372,19.580379075059845,21.218134957318437,24.94011,7.436373732803332,3.09188006138163,439506415527.0,Utilities,96749168.75,1.0,15.827338129496402,22.302158273381295,14.388489208633093,10.79136690647482,15.107913669064748,35.8974358974359,78.64077669902912,70.64220183486239,64.95726495726495,81.19658119658119,63.26530612244898,49.074074074074076,40.28776978417266,15.683453237410072,57.26910629823251,70.01533852778938,44.68092192912337,47.64033349464402,52.444112805226496
PZ,PZ Cussons Nigeria PLC,105.3,-3.394495412844039,8.556701030927833,38.46153846153846,53.05232558139535,159.04059040590408,134.0,226.00619195046443,1944.6601941747567,355.8441558441557,263.1034482758621,1.456306181076823,2.215725115044667,,,,66.99400725293712,-0.25,16.82647058823528,59.93018097825363,92.82160625444207,93.51826443465808,,66.99400725293712,-0.25,16.82647058823528,59.93018097825363,41.77820071316826,48.97600002123559,,,,9207630000.0,1411502.0,0.5105807075933209,12.948047955733168,8.1325,14.99250586804673,14.992615882776922,58.32391147593125,,7.5402260267982815,-1.050870262894414,-96.0874687122012,19.383720318084173,0.422013877118857,33431351000.000004,1411502.0,13903340.0,24938675.0,-2.09455985418688,867.0,30.30526165847597,25.985731808104084,0.6235111996198704,39.66193830147367,39.66193830147367,10.17,0.0,185363641000.0,153257296000.0,105.3,-3.394495412844039,-9.174311926605505,1061633.0,-9.174311926605505,-15.50705715662494,,,,0.0,0.0,0.0,,0.0,,0.0,0.0,27.2365610021662,12.1466093637874,27.4362423949547,12.640722657707,2.5072005559420982,18.284917457886,430.67075332243195,95.5720605912848,,15.08995163837876,,,255442429000.0,69573733000.0,31027594000.0,32289769000.0,175659590000.0,139042147000.0,57950229000.0,153887090000.0,33845445000.0,-24104784000.0,21772500000.0,0.907246510469557,0.537134499619516,1.55903932196017,1.712201715770025,12034471000.0,27341427000.0,-36633139000.0,6404454000.0,5630017000.0,64.3354349274823,8.1325,3.03098795661379,1.6130183821696027,7.814573963134918,8.419981422891652,5.46765,8.524274659121646,14.595277697043024,432781998535.0,Consumer non-durables,148631160.6,1.0,69.23076923076923,76.92307692307693,84.61538461538461,69.23076923076923,84.61538461538461,50.0,12.5,100.0,72.72727272727273,36.36363636363637,10.0,30.0,23.076923076923077,76.92307692307693,31.25,54.77272727272728,26.53846153846154,57.167832167832174,54.71722027972029
JAIZBANK,Jaiz Bank PLC,9.05,0.5555555555555635,-4.232804232804218,-7.179487179487173,9.696969696969706,96.73913043478264,96.73913043478264,182.8125,1542.6311909635176,701.6042714435786,701.6042714435786,5.06921140939597,7.261684921969268,,,,47.11057603683805,-0.2300000000000004,-0.3321470588235318,5.239030779305835,53.36700336700335,56.73400673400673,,47.11057603683805,-0.2300000000000004,-0.3321470588235318,5.239030779305835,71.84556849782405,74.61701418625479,,,,31042821000.0,7503427.0,0.4023336403917503,13.218970736629668,0.6937,-2.433192686357241,25.930644818560207,,32.18569755535316,19.059010613087224,19.059010613087224,-145.42041523383008,,0.0180501521028556,,7503427.0,59229151.0,168451045.0,-4.223909596175506,,27.68448547148595,39.75199737610063,-11.297522529084096,25.33512019350987,25.33512019350987,,,1047758539000.0,1047758539000.0,9.0,0.0,0.2222222222222175,2719723.0,0.2222222222222175,-36.817829555837726,,,,,,1.55555555555556,0.7777777777777778,0.0,,6.0,1.0,,41.399027932336175,29.9905527354294,39.828655426070334,-28.28753176492852,2.61288087005806,44.2451500792771,32.3629378398159,,,,,104681095000.0,,32149133000.0,30929633000.0,1286726664000.0,217964142000.0,,1218382155000.0,23225612000.0,-191314298000.0,68344508000.0,0.208028981761417,,0.339831431663829,,-19971759000.0,-199436573000.0,227332147000.0,-29611698000.0,9702859000.0,1.7415958951192707,0.6937,,,,,1.53275,0.520877307573003,4.811454298287355,419053500000.0,Finance,67906014.35000001,1.0,22.916666666666664,70.83333333333334,81.25,85.41666666666666,87.5,52.5,50.0,90.0,75.0,72.5,15.151515151515152,50.0,12.5,69.58333333333333,51.25,63.16287878787879,31.25,62.328598484848484,60.68655303030303
STERLINGNG,Sterling Financial Holdings Company Limited,7.55,-3.821656050955412,0.0,0.0,-1.9480519480519527,2.721088435374152,2.02702702702702,25.83333333333333,411.39822655765096,411.39822655765096,411.39822655765096,5.101192150387984,5.832616150282692,,,,43.95658953083314,-0.1000000000000005,-0.1522058823529404,-87.41442864665751,36.66666666666664,35.39411206077872,,43.95658953083314,-0.1000000000000005,-0.1522058823529404,-87.41442864665751,35.626853969407136,37.96434104532136,,,,78634000000.0,8158369.0,0.203916779212615,,,,80.03938089568642,37.08320405891264,80.04350314825415,10.70080238513357,10.70080238513357,-306.2292102465622,54.34490580420848,0.0662361424101673,150224000000.0,8158369.0,174783450.0,377303690.0,-4.169750247093776,,53.7275460148287,,5.047048104677248,52.295438364524,52.295438364524,,,175298000000.0,175298000000.0,7.85,0.0,0.0,5604422.0,0.0,-65.51395612318467,,,,,,2.3841059602649,0.0,0.0,,1.0,0.0,69.2992708042024,29.6394926099533,18.935090304242,16.410870735749,-50.20348194123859,2.10733205983307,21.5670490465644,12.2105518149519,,,,,479158000000.0,332053000000.0,142020000000.0,78634000000.0,3920956000000.0,,761373000000.0,3496910000000.0,259709000000.0,-501664000000.0,424046000000.0,7.02646921242684,,0.612454780849248,2.931638872738334,-205260000000.0,-556737000000.0,592221000000.0,-240554000000.0,36187000000.0,9.19336147352264,1.5995,,,2.724865694551036,2.882271680736761,8.13596,4.982904834996162,14.608077513430544,409118537022.0,Finance,61595685.949999996,0.9285714285714286,48.95833333333333,50.0,41.66666666666667,27.083333333333332,45.83333333333333,85.0,,57.49999999999999,47.5,52.5,9.090909090909092,35.0,33.33333333333333,42.708333333333336,85.0,41.64772727272727,34.166666666666664,59.39745670995671,56.74972943722944
FIDSON,Fidson Healthcare Ltd.,124.6,9.97352162400706,20.97087378640776,24.599999999999994,59.74358974358973,211.5,128.62385321100916,360.5220605220605,2562.395824788987,6897.63130180434,19918.526937819915,6.106226635438361e-16,0.0317460317460309,,,,87.4662976406103,25.89999999999999,8.702058823529384,387.5809425790149,100.0,100.00000000000004,,87.4662976406103,25.89999999999999,8.702058823529384,387.5809425790149,100.0,100.0,,,,9883576000.0,1893370.0,1.811815821515611,27.894065235398152,4.4669,31.54190470581306,32.83063434553716,32.329845109258635,124.6796291126729,9.243621338926935,16.431645199135968,,35.10492401232521,0.419223555153846,29751817000.0,1893370.0,4978073.0,10492818.0,16.73592637527257,732.0,26.243323778627012,45.471710350415925,63.97992299951908,41.421389967810526,41.421389967810526,,36.4236802486523,41449966000.0,49920986000.0,,,,,9.97352162400706,24.03999164056527,,,,1.5,,1.32391879964696,1.2038523274478332,0.0,53.846153846153854,18.0,6.0,41.8995560482913,21.5732829840852,12.5125123267718,8.38338290361909,7.370869455621522,12.1883639592231,34.2456640850983,29.1159632359858,,20.49201076111426,,,126647108000.0,53064576000.0,27321939000.0,10617312000.0,93723702000.0,58356383000.0,2466664000.0,58486654000.0,27155480000.0,24688816000.0,35029781000.0,1.16897496776206,0.569008312456008,0.7752112409723599,0.0908348517499966,20750791000.0,-11766542000.0,-15402012000.0,9334993000.0,11862649000.0,52.7696343798539,4.4669,8.64616390737295,3.889580862347807,11.384142554433,12.39659183710948,14.59574,11.314784629819073,1.0277767844327566,357445667644.0,Health technology,235913902.0,1.0,80.0,100.0,60.0,80.0,100.0,25.0,0.0,25.0,25.0,75.0,66.66666666666666,50.0,60.0,84.0,12.5,47.916666666666664,55.0,55.8375,54.354166666666664
MECURE,Mecure Industries PLC,86.9,8.82905447714466,37.93650793650794,28.550295857988186,-16.442307692307686,213.71841155234657,33.28220858895706,682.882882882883,2835.8108108108117,2835.8108108108117,2835.8108108108117,1.7658108954289344,2.672980682387057,,,,82.67784309014175,28.800000000000004,14.782205882352926,179.6894178762898,100.0,100.0,,82.67784309014175,28.800000000000004,14.782205882352926,179.6894178762898,100.0,100.0,,,,6462593000.0,1091060.0,0.6182063019465175,48.045557582794274,1.8087,220.69148936170217,220.6999423733321,85.68863596439266,177.5223249272655,49.45520146418482,36.34074253824167,-109.5307273177364,77.72709962845167,0.675137347360522,23635586000.0,1091060.0,2863109.0,11834142.0,-0.8164784450215172,195.0,65.01494258573605,,13.94843697615462,68.80135417448598,68.80135417448598,,19.8068828918049,32720299000.0,32075654000.0,,,,,0.0,266.3365006883121,,,,0.32,,0.400751408891672,0.3682393555811277,0.0,113.33333333333336,3.0,1.0,34.4918706025896,20.9293272534613,10.0417896093134,8.55634104943136,-15.295981003228556,10.268441146534,40.5416113198463,16.218696557896,,12.918201965233417,,,84553315000.0,29164020000.0,17696440000.0,7234670000.0,81288903000.0,36883556000.0,1084709000.0,60126520000.0,53172176000.0,52087467000.0,21162383000.0,1.14989256337532,0.624817127657007,2.51257979784224,0.0203999362373283,332306999.999999,-13265566000.0,12431030000.0,-12933259000.0,13265566000.0,21.13832875,1.8087,0.0830767499999997,-3.23331475,4.42411,5.9088965,5.2906,13.293044,0.27117725,347600006104.0,Health technology,94813114.0,1.0,100.0,20.0,80.0,100.0,20.0,100.0,100.0,75.0,50.0,50.0,0.0,25.0,20.0,64.0,100.0,43.75,22.5,71.2125,65.3125
BETAGLAS,Beta Glass Plc.,570.0,0.0,0.0,14.343029087261783,38.3495145631068,54.054054054054056,54.054054054054056,193.36078229541943,1166.6671809335423,1482.2351742204703,5281.591670882246,0.0,-2.6945112807652553e-15,,,,75.16358292624018,25.0,47.45588235294144,55.49892400045267,71.85929648241209,71.85929648241208,,75.16358292624018,25.0,47.45588235294144,55.49892400045267,3.8610297873864564e-14,3.217524822822046e-14,,,,33245317000.000004,528345.0,1.3355036262546296,10.92156971697806,52.1903,41.15405420024884,41.15397234100849,25.528283115034128,143.9695585840581,35.65781341748156,32.230849581872704,-120.2944232661092,16.571071135401077,0.218712633484568,50789017000.0,528345.0,1335114.0,3277698.0,3.004081376913544,805.0,8.227605695707863,42.21164995545186,8.054852768235238,26.826238849906886,26.826238849906886,,12.9935753988306,40462960000.0,39706410000.0,,,,,0.0,171.4026670502178,,,,7.2,,0.517543859649123,1.263157894736842,0.0,144.0677966101695,15.0,5.0,34.4897094881275,28.5880815868681,32.5299853568401,21.5210663237418,-2.268565023041329,18.7374497288273,35.0047825738263,27.0167745888728,,6.156045528513755,,,145496601000.0,50181355000.0,41594687000.0,31312420000.0,190304486000.0,122855923000.0,12966026000.0,86188446000.0,37546721000.0,24580695000.0,104116040000.0,3.0941080545937,2.45929785644182,0.360623790532179,0.3453304484298375,34151390000.0,-36891400000.0,9701426000.0,-3300685000.0,37452075000.0,242.50807712437,52.1903,56.9222089251724,-5.501453415693556,69.3284069430601,84.65315867899182,173.53645,62.58141461349476,21.61126797185174,341980830688.0,Process industries,301156650.0,1.0,37.5,68.75,43.75,43.75,31.25,40.0,50.0,50.0,86.66666666666667,86.66666666666667,15.384615384615385,28.57142857142857,100.0,45.0,45.0,59.67948717948719,64.28571428571428,54.63049450549451,57.062728937728934
UCAP,United Capital Plc,18.2,0.8310249307479145,-1.6216216216216257,10.975609756097564,-11.219512195121954,2.247191011235947,-2.412868632707771,0.0,766.6675333341999,2835.4868064545485,4100.004200004199,4.519379103025745,4.333031468568802,,,,54.366202731938856,-0.1999999999999993,0.7454411764706137,48.29474732387228,55.59027777777781,59.849537037037045,,54.366202731938856,-0.1999999999999993,0.7454411764706137,48.29474732387228,52.41310680021663,60.51641876617666,,,,28146560000.0,923568.0,0.0520106076707931,10.222996124248722,1.7803,-25.31358811931032,21.34102713930305,12.99391828782096,16.776929592911507,3.504340752316521,5.239376314000223,613.3538637874261,6.061336096197089,0.775514575679217,217530461000.0,923568.0,42478042.0,157049601.0,2.6800973644381187,256.0,6.38438636444222,76.99847651442468,-44.86519166104733,20.00816106262708,20.00816106262708,,63.9508857197672,1108633667000.0,1194083153000.0,,,,,0.8310249307479145,-87.01029670037796,,,,1.0,,4.70588235294118,5.540166204986149,0.0,24.999999999999996,13.0,3.0,99.3628563204683,84.24993047774413,19.1926082241793,14.2145729195537,126.90173207896338,1.81715450538014,19.6015338475723,6.39987454098289,,,,,225444283000.0,224007879000.0,216094057000.0,32045942000.0,1808542680000.0,,366909873000.0,1643090133000.0,1237633395000.0,870723522000.0,165452547000.0,1.25260865647604,1.25260865647604,7.4802921891556,0.2964608699816152,289314942000.0,-41620135000.0,-196279838000.0,286092700000.0,3319910000.0,12.5246823888889,1.7803,16.0730523333333,,12.005225388888888,12.085025611111112,9.19181,68.75741083333334,20.383881833333334,324899986267.0,Finance,16808937.599999998,1.0,70.83333333333334,37.5,35.41666666666667,15.625,22.916666666666664,15.0,33.33333333333333,42.5,37.5,98.75,93.93939393939394,0.0,52.083333333333336,36.45833333333333,24.166666666666664,68.17234848484848,26.041666666666668,42.8404356060606,46.10558712121212
VITAFOAM,Vitafoam Nigeria Plc,194.0,0.0,4.301075268817204,64.40677966101696,77.98165137614679,167.58631393107729,153.04357947830135,324.04388546454874,2560.5724928004256,5054.247512156977,6814.857685242692,-2.7755575615628914e-16,1.3135549941990434,,,,94.98678479081238,44.0,49.55294117647057,103.34981329065658,100.0,99.4309249827076,,94.98678479081238,44.0,49.55294117647057,103.34981329065658,100.0,100.0,,,,13511380000.0,561357.0,0.2979825555909557,19.11819776494472,10.1474,24.436214698272156,32.718127261629846,23.528192921518805,3656.249582990459,25.022945955148256,12.343228947136785,,25.029147398219365,0.144650474622219,31191558000.0,561357.0,3593334.0,15042734.0,-4.729663890970306,681.0,20.95529361198824,36.56996992047748,7.613061934084038,34.77672912625438,34.77672912625438,,27.7731489196245,21582208000.0,19895540000.0,,,,,0.0,-17.537844567349005,,,,2.5,,1.28865979381443,1.2886597938144329,0.0,185.7142857142857,18.0,1.0,34.5891277435258,24.1929670367367,21.1075221030583,13.0449543253463,25.29104948437065,25.7599677404853,49.2783602161505,45.8837912560078,0.02115840216218,11.395442915885262,,,124532088000.0,43074563000.0,30128007000.0,16245154000.0,66729365999.99999,49864064000.0,12888574000.0,26686669000.0,3439769000.0,-9448805000.0,40042697000.0,2.50629357132302,1.3403498472522,0.0913415366728236,3.746930099085142,32633376000.0,-1277870000.0,-21754170000.0,31495472000.0,1150869000.0,99.5584434415959,10.1474,26.0890841146447,25.179375196683196,24.086141404113505,24.93640806053344,30.10633,2.749958287366506,10.30390147816219,291196486572.0,Process industries,108903258.0,1.0,75.0,75.0,75.0,81.25,75.0,66.66666666666666,42.857142857142854,78.57142857142857,66.66666666666666,80.0,84.61538461538461,50.0,50.0,76.25,54.76190476190476,77.46336996336996,50.0,69.73557692307692,69.61881868131869
TOTAL,TotalEnergies Marketing Nigeria Plc,640.0,0.0,0.0,0.0,0.0,0.0,0.0,-9.21985815602837,341.3793103448276,321.05263157894734,236.8421052631579,1.7763568394002505e-15,-5.551115123125784e-16,,,,0.4955430094223487,0.0,-2.0463630789890885e-12,35.087719298248466,100.00000000000004,100.00000000000004,,0.4955430094223487,0.0,-2.0463630789890885e-12,35.087719298248466,0.0,7.105427357601002e-15,,,,-13853132000.0,7517.0,0.0630298781914273,,-50.5949,-161.74499674768768,-161.7450391754712,-88.44599859492102,-150.38184257586272,-17.278643046818217,-17.278643046818217,11.986003249340724,-34.881777906012054,0.21845794462775,8174346000.0,7517.0,397796.0,1167684.0,-2.9462856345960957,413.0,-26.32397772585067,30.256111766174108,9.991768617637872,-26.32397772585067,-26.32397772585067,17.03,,330793146000.0,330793146000.0,,,,,0.0,-55.25595238095238,,,,0.0,0.0,6.25,0.0,0.0,-100.0,0.0,0.0,9.04373894890127,-0.583218674560395,-1.62844180045589,-2.2377963844838,-4.39494321556542,-3.9801114896465,-28.0181755907121,-27.8512950974023,,9.523135293338868,,,767633513000.0,69422771000.00009,-4476982000.0,-17178075000.0,390784735000.0,310644225000.0,44784443000.0,343244834000.0,85370030000.0,40585587000.0,47539901000.0,0.939089061416043,0.490197952892289,1.79575531720186,0.5245920963129567,-19352989000.0,-5281480000.0,-14368528000.0,-33737057000.0,14384068000.0,2260.92530537292,-50.5949,-57.0007195148393,-99.36638331748894,-13.186138598796518,24.07605375909886,140.02016,251.44194186249052,131.9044553826445,217293964844.0,Retail trade,4810880.0,1.0,38.489208633093526,46.76258992805755,21.58273381294964,7.194244604316546,27.697841726618705,6.837606837606838,4.854368932038835,2.7522935779816518,14.529914529914532,16.23931623931624,19.387755102040817,14.814814814814813,93.5251798561151,28.345323741007196,5.845987884822836,13.227319862313308,54.169997335464956,29.07575738769286,29.98015747235558
CAP,Chemical & Allied Products Plc,233.7,0.0,16.849999999999994,140.31847499999986,114.40366972477062,220.13698630136983,238.69565217391303,484.25,952.702655283664,537.479541734861,1435.4796320630749,0.8660714285714279,1.732144892101707,,,,95.82818076072942,101.7,99.77411764705884,104.68140849125918,100.0,100.0,,95.82818076072942,101.7,99.77411764705884,104.68140849125918,100.00000000000004,100.0,,,,5744785000.0,107261.0,0.0681206515616701,31.13716607820931,7.5055,54.31032710376446,54.31081166332311,49.88658600355274,50.89035205914598,24.338620896826725,24.338620896826725,131.34119219154846,32.33810077680825,0.0003253041638892,8604860000.0,107261.0,2025443.0,10770934.0,18.03902249619657,298.0,23.35671779423792,38.2665791637635,43.21387119044805,23.3567144017925,23.3567144017925,,56.7295419089491,9104013000.0,9104013000.0,,,,,0.0,-81.42952860944374,,,,4.0,4.0,1.02695763799743,1.7115960633290546,53.29425088268604,66.66666666666667,6.0,2.0,42.1448348243647,17.3145704667908,20.4622662085079,13.6329945119175,17.707842657147857,27.7055708662238,49.147968626699,49.1165499462679,,25.43425016586151,,,44855193000.0,18904147000.0,7766484000.0,6115106000.0,24466333000.0,20780337000.0,11735646000.0,10218349000.0,7959000.0,-11727687000.0,14247984000.0,2.28254693836663,1.54439663036509,0.0005586053437454,1474.5126272144742,8849938000.0,-878355000.0,-3149978000.0,7942887000.0,984561000.0,55.0540694791518,7.5055,10.8621782440706,9.748887999725069,9.532375654803694,10.561376032834692,17.4876,0.0097686646668663,14.404019402318262,190406487693.0,Process industries,25066895.7,1.0,96.875,81.25,81.25,87.5,81.25,80.0,71.42857142857143,71.42857142857143,73.33333333333333,66.66666666666666,53.84615384615385,85.71428571428571,43.75,85.625,75.71428571428572,66.31868131868131,64.73214285714286,79.10405219780219,76.62431318681318
SKYAVN,Skyway Aviation Handling Co. Plc,130.5,0.0,-16.984732824427475,-8.805031446540879,-3.333333333333333,61.91066997518612,47.540983606557376,115.70247933884298,3818.918918918919,2706.4516129032254,2706.4516129032254,2.1750212404418034,1.5070622390005526,,,,19.033543964508866,-12.599999999999994,-12.802058823529393,-122.47308561978932,32.405063291139264,28.804500703234904,,19.033543964508866,-12.599999999999994,-12.802058823529393,-122.47308561978932,-7.241954625225573e-17,-1.7238229497491789e-15,,,,9741630000.0,176405.0,0.3424848356711532,18.311934329614814,7.1265,19.622324800671432,19.622731076998324,15.94640192260659,101.5404298175309,97.9244699906926,79.94727852798553,154.71787449971413,21.94603227590696,0.0465573074647496,15834174000.0,176405.0,1255884.0,4725259.0,4.326353140995854,,36.36100152107769,44.811068504037735,-8.630576586979345,53.61926066133241,53.61926066133241,,16.6738456835582,13044527000.0,14303535000.0,,,,,0.0,57.16207547842201,,,,1.2,,0.459770114942529,0.9195402298850576,0.0,100.0,7.0,3.0,53.5248043601533,29.0347858690173,28.0398029870599,21.0827166069765,3.73893588927218,14.3747006034737,19.8377266045733,19.0599793872869,,24.85742614009093,,,45754355000.0,24489929000.0,13284679000.0,9646261000.0,86269887000.0,30201318000.0,4656184000.0,21701974000.0,3504434000.0,-1151750000.0,64567913000.0,2.11145832131707,1.09906075665911,0.0542751629590382,1.3286550695490342,11803863000.0,-10123508000.0,125022000.0,1710726000.0,10123508000.0,33.8024756571462,7.1265,8.72047680964553,1.2638528938075329,9.8144764254791,11.69799642429705,47.70159,2.5890113624610294,3.439903071853899,176642184265.0,Transportation,23020852.5,1.0,0.0,33.33333333333333,50.0,50.0,50.0,100.0,60.0,60.0,66.66666666666666,83.33333333333334,40.0,60.0,50.0,36.666666666666664,80.0,62.5,55.0,61.70833333333333,63.041666666666664
ETRANZACT,eTranzact International Plc,18.5,0.0,8.823529411764707,-9.75609756097561,-31.2267657992565,39.62264150943396,62.99559471365639,242.59259259259255,722.2222222222222,481.34565492830274,382.49331681554406,-4.440892098500626e-16,0.793958998094838,,,,52.75761591231279,2.6999999999999997,-0.435294117647043,60.01674634686569,100.0,100.0,,52.75761591231279,2.6999999999999997,-0.435294117647043,60.01674634686569,100.0,100.0,,,,2469667000.0,282055.0,0.3496517366802802,61.50265957446808,0.3008,-25.118247448344533,-25.10637986969498,-15.62682454387889,-27.220000872298968,92.24680384444892,63.085874792288045,,9.14572883163702,0.0040291548113774,4968279000.0,282055.0,2109265.0,5901244.0,-5.708832983538997,,8.21489562566406,6.139037836175065,-14.431874410953982,2.387216693330889,2.387216693330889,,46.5722801788376,29845632000.0,26434606000.0,,,,,0.0,10.510994091557354,,,,0.125,,0.675675675675676,0.6756756756756757,0.0,0.0,2.0,0.0,40.2795163405472,11.3148308497364,12.4344063936856,8.70408447557995,44.76600784017685,7.88700371193548,16.9803235001757,16.8145628710676,,28.964685490810805,,,31797497000.0,12807878000.0,3597833000.0,2767681000.0,43506365000.0,38653433000.0,27795622000.0,26569732000.0,128354000.0,-27667268000.0,16897437000.000002,1.46222845159864,1.39236972172008,0.0075960632372826,216.55438864390663,17144353000.0,-2841635000.0,-1221429000.0,14234470000.0,2909883000.0,3.45624974341372,0.3008,1.86351666790767,1.5472250311126774,0.3910688122117098,0.5400303369462623,1.83668,0.0139515220196773,3.02126332162323,170200000000.0,Commercial services,5218017.5,1.0,11.510791366906476,5.755395683453238,51.798561151079134,78.41726618705036,66.90647482014388,24.786324786324787,28.155339805825243,39.44954128440367,47.008547008547005,37.60683760683761,82.6530612244898,80.55555555555556,61.87050359712231,42.877697841726615,26.470832296075017,51.67949678106952,71.21302957633893,47.82167140822114,50.938961166168625
CADBURY,Cadbury Nigeria PLC,72.45,-0.2066115702479221,9.772727272727275,0.625000000000004,9.772727272727275,22.900763358778622,22.79661016949153,84.58598726114651,762.5,300.27624309392263,588.6882129277568,2.9262895229339705,1.308910876455179,,,,55.92847592444653,6.299999999999997,1.4475000000000051,16.991084348597376,88.34355828220858,88.75255623721877,,55.92847592444653,6.299999999999997,1.4475000000000051,16.991084348597376,78.0939076381445,78.47858094941652,,,,8969792000.0,1466838.0,0.9287752091067254,16.948161317488537,4.2748,239.4853875476493,239.47674246500443,17.140305608457755,,3.893286262747315,-9.00674649811107,,43.326495427396296,0.30736722228169,19232250000.0,1466838.0,3927876.0,13205474.0,1.8249554925070608,356.0,20.82381466356823,36.6412152677897,-21.263780779427023,30.57393872547378,30.57393872547378,6.68,0.0,60980940000.0,58667142000.0,,,,,-5.37190082644627,27.68625580288009,,,,0.0,0.0,0.0,,0.0,,0.0,0.0,20.492200101689,9.56921274378477,8.07427355208406,5.65278455826335,10.347912296464669,12.1036648479276,71.108578034736,71.0812285467452,,10.777163280506375,,,172443402000.0,35337447000.0,16501475999.999998,9747854000.0,76738497000.0,47813368000.0,8764588000.0,59680138000.0,18553184000.0,9788596000.0,17058359000.0,0.814993987605532,0.352429934289282,1.08763005867094,0.4724034429885458,21941214000.0,-4166315000.0,-18471783000.0,17844292000.0,4096922000.0,75.6236307358963,4.2748,9.62213831430488,7.825466983952849,7.236586109692125,8.434144509747272,7.4808,8.136345719919975,3.8436377314353134,165206599547.0,Consumer non-durables,106272413.10000001,1.0,46.15384615384615,38.46153846153847,30.76923076923077,30.76923076923077,38.46153846153847,30.0,87.5,77.77777777777779,18.181818181818183,18.181818181818183,40.0,40.0,38.46153846153847,36.92307692307693,58.75,38.535353535353536,39.23076923076923,50.25145687645687,49.43672299922301
CHAMPION,Champion Breweries PLC,14.5,-0.3436426116838536,5.072463768115937,-3.333333333333333,-15.451895043731772,0.0,-3.973509933774832,123.76543209876544,663.6603028308098,443.3255269320843,311.20170152428216,5.7537562245568346,3.447058049935308,,,,48.03191029562304,1.5,0.1961764705882416,20.40816326530444,52.45901639344263,68.67030965391619,,48.03191029562304,1.5,0.1961764705882416,20.40816326530444,64.07783464166492,76.29804390389899,,,,1789881000.0,445259.0,0.0248881264298645,72.5,0.2,103.45879959308242,119.08114492744755,65.25232348070959,119.08102252767765,285.7475618519708,285.7475618519708,-84.95819016648002,76.29723140915807,0.717113413315365,7433927000.0,445259.0,163850425.0,175889370.0,123.55577662335617,171.0,42.63564889582147,33.40628335969112,51.94312632587887,42.63564206812254,42.63564206812254,,35.0,39103077000.0,39103077000.0,,,,,-0.3436426116838536,-75.1856640513483,,,,0.07,0.07,0.410958904109589,0.4810996563573883,35.0,16.666666666666682,2.0,1.0,51.5816725582977,16.2898403275911,8.89938107166495,6.00679235136588,2.0077332314371,3.45257879984191,14.2431785995104,6.53399089327953,,35.29183223070664,,,29797634000.0,15370118000.0,4853987000.0,1789882000.0,82338577000.0,52527385000.0,47347828000.0,69261481000.0,59046098000.0,11698270000.0,13077096000.0,1.3433056687585,1.23700045395405,4.51523013978027,0.8018790335645888,7883473000.0,-17028812000.000002,52187819000.0,598257000.0,7285216000.0,3.3300902637473,0.2,0.881032255172162,0.0668593288621058,0.5424663867290921,0.8307924019775577,1.46146,6.598807008035224,5.291444986282522,164758546984.0,Consumer non-durables,6456255.5,1.0,23.076923076923077,0.0,7.6923076923076925,38.46153846153847,7.6923076923076925,90.0,75.0,11.11111111111111,27.27272727272727,63.63636363636363,0.0,10.0,0.0,15.384615384615387,82.5,25.505050505050505,5.0,44.460372960372965,41.59741647241647
AIICO,Aiico Insurance PLC,4.42,-1.7777777777777797,-4.946236559139794,5.238095238095232,7.804878048780496,20.108695652173903,13.333333333333334,167.87878787878788,712.0739298877417,1682.4449337430535,2725.0031957049728,5.945530664706114,6.103671574757148,,,,51.49988386403494,0.1100000000000003,0.2983529411764785,14.89790048892706,41.00449775112444,44.17585324984568,,51.49988386403494,0.1100000000000003,0.2983529411764785,14.89790048892706,21.422112353894192,32.00106468460377,,,,22583199000.0,1797947.0,0.0812694833848593,8.854166666666666,0.4992,95.0762016412661,95.10084652382456,,48.62539340169089,40.224082389883954,48.45087266993925,47.56900015787426,,0.166868010965313,,1797947.0,65089320.0,194525852.0,11.77136610434739,494.0,25.73815219930744,21.329862368483333,3.996148610378075,33.07262576161843,33.07262576161843,,19.4520992057059,149301070000.0,46983055000.0,,,,,-1.999999999999997,-82.87103272042154,,,,0.12,,1.49892933618844,2.6666666666666665,0.0,71.4285714285714,5.0,4.0,,18.2322932899862,9.42032236672102,8.64146281487125,59.65741838845352,3.34548266179787,20.8281365372165,10.7561711642463,,,,,211473814000.0,,38556526000.0,18274431000.0,652765667000.0,83462600000.0,,548500138000.00006,106095228000.0,69815540000.0,104265529000.0,1.77644046348199,,1.02511344269689,,128225839000.0,-105366674000.0,-2562370000.0,126159818000.0,4276611000.0,5.77714026797667,0.4992,3.50293326568553,3.446492740554668,,,2.82735,2.8983589141630843,,164723748047.0,Finance,7946925.74,1.0,66.66666666666666,68.75,62.5,77.08333333333334,54.166666666666664,47.5,88.88888888888889,52.5,30.0,32.5,78.78787878787878,22.5,29.166666666666668,65.83333333333334,68.19444444444444,48.446969696969695,25.833333333333336,63.35037878787879,59.493686868686865
NEM,NEM Insurance Plc,30.0,3.62694300518135,0.0,-5.956112852664573,-9.090909090909092,0.671140939597313,11.940298507462684,100.0,566.6666666666666,3375.613358867506,5600.008550012825,1.0333333333333337,1.527269356287869,,,,43.30303338812986,-1.0,-1.4917647058823462,-19.536019536018586,34.06593406593405,36.63003663003661,,43.30303338812986,-1.0,-1.4917647058823462,-19.536019536018586,50.82560248838124,50.71476919516689,,,,23832592000.0,2536324.0,1.7140632003040588,,,,,,-18.42172551564151,49.7517599236042,,,,0.0011340223757488,,2536324.0,5090724.0,11987982.0,,279.0,,55.57986206762296,,55.98491957863594,55.98491957863594,,31.5729651223979,20536847000.0,20536847000.0,,,,,7.081174438687395,127.10637535816618,,,,1.5,,5.18134715025907,5.0,,50.0,13.0,10.0,,,,,,15.362411604593,31.8635682745626,31.7207782633788,,,,,,,,,186039539000.0,110387316000.0,,101582045000.0,210973000.0,-31106662000.0,84457494000.0,5.37508586395955,,0.0025049791942571,,,,,,,,,,,,,16.78896,,,150494340820.0,Finance,76089720.0,0.6428571428571429,27.083333333333332,39.58333333333333,33.33333333333333,59.375,52.083333333333336,,,80.0,,,,75.0,77.08333333333334,42.29166666666667,,80.0,76.04166666666667,40.83482142857143,48.4077380952381
HONYFLOUR,Honeywell Flour Mills Plc,18.6,2.4793388429752223,-4.859335038363168,-11.428571428571422,-18.24175824175824,-6.999999999999993,-15.837104072398189,24.000000000000007,1546.0176991150447,994.1176470588236,477.639751552795,5.213154640962128,4.533391408761674,,,,45.60694529896683,0.6000000000000014,-1.2786764705882303,-37.53112771255443,38.307669082125614,28.691688027868157,,45.60694529896683,0.6000000000000014,-1.2786764705882303,-37.53112771255443,86.10832548879159,68.55972372485672,,,,14588650000.0,502647.0,0.044042685445894,12.248123271434215,1.5186,53.20823244552058,53.210049283595296,-72.91602550633895,,12.40571234440773,-9.3627407208977,493.9238454677703,-32.55133162678124,0.166240094917631,10179472000.0,502647.0,86833745.0,112281543.0,-25.43001273386228,417.0,-0.8582069216947369,35.94230607279365,-21.880772802890355,98.3469768513566,98.3469768513566,,0.0,99884282000.0,83329000000.0,,,,,2.4793388429752223,-80.53149951599177,,,,0.0,0.0,0.0,,0.0,,0.0,0.0,7.4400930025475,0.285452512340295,4.91393655311798,3.55812184266785,91.18953999368512,7.5209685175586,31.9315108447791,20.7083838462001,,7.154640490207206,,,338455245000.0,25181385000.0,966129000.0,12042650000.0,152257000000.0,78596000000.0,21712000000.0,107725000000.0,24321000000.0,2609000000.0,43649000000.0,0.943201046454416,0.387344141895379,0.557194895644803,0.8927264503926647,316319429000.0,-7501396000.0,-295566573000.0,308635781000.0,7683648000.0,42.679294967959,1.5186,39.8879627774342,38.91905275382986,0.1218291197351641,1.283634083159444,5.50415,3.0668844647856823,2.7378888820125296,143933077346.0,Process industries,9349234.200000001,1.0,0.0,6.25,6.25,18.75,6.25,20.0,64.28571428571429,42.857142857142854,33.33333333333333,20.0,100.0,14.285714285714285,31.25,7.5,42.142857142857146,49.047619047619044,22.767857142857142,34.901785714285715,38.08779761904762
VFDGROUP,VFD Group PLC,10.9,0.0,3.809523809523813,0.9259259259259226,-23.50877192982456,3.809523809523813,-2.242152466367713,-26.47736155299837,55.18630466111548,55.18630466111548,55.18630466111548,2.322683473287308,3.5345769874737223,,,,51.71550696848725,-0.4000000000000003,-0.1901470588235145,142.85714285714892,55.1282051282051,44.87179487179483,,51.71550696848725,-0.4000000000000003,-0.1901470588235145,142.85714285714892,65.40853125765139,49.410948380917866,,,,7246275000.0,551808.0,0.0080450010364021,13.140446051838458,0.8295,-1.892371377882911,7.511197361704876,-2.14012913975656,15.66395389706969,51.24693762803913,43.32618736320381,,-5.872679687090661,0.501269508781091,46285063000.0,551808.0,125496642.0,670305353.0,2.9713576562699804,743.0,-4.5138652777329655,58.1436640603056,21.333937728011616,5.161108738951069,5.161108738951069,,26.2246931710899,204399380000.0,177867356000.0,,,,,0.0,-99.48653695718954,,,,0.25,,3.61719806763285,2.293577981651376,0.0,-33.2229285752444,2.0,0.0,77.0030917798826,58.4570488414795,20.3297427366933,10.3524607526771,105.63656788133886,2.04924085685067,12.3467579401015,5.00220918283067,,,,,74282455000.0,57199787000.0,43423331000.0,7690062000.0,442082708000.0,,29541218000.0,334494919000.0,208860863000.0,179319645000.0,107587789000.0,1.30056751953967,1.30056751953967,2.39531251686222,0.141439700936216,88095000000.0,-35496450000.0,-45042228000.0,78469436000.0,11365699000.0,5.86355983518479,0.8295,6.95386688122524,,3.4276640367033453,3.6535577125957626,6.88288,16.48664098983849,2.3318655710455176,138086549367.0,Finance,6014707.2,1.0,58.333333333333336,14.583333333333334,43.75,0.0,25.0,10.0,52.77777777777778,30.0,32.5,82.5,87.87878787878788,2.5,60.416666666666664,28.333333333333336,31.38888888888889,58.21969696969697,31.458333333333332,41.212121212121204,44.2042297979798
CONOIL,Conoil PLC,194.0,0.0,0.0,-5.0880626223092,14.792899408284024,1.730466701625596,3.632478632478639,-29.20596393897365,937.4330996025082,1021.387348057072,525.8064516129032,8.881784197001252e-16,-3.8857805861880484e-16,,,,42.68391795163226,0.0,-3.8735294117651335,35.08771929827981,100.0,100.0,,42.68391795163226,0.0,-3.8735294117651335,35.08771929827981,0.0,7.105427357601002e-15,,,,2009498000.0,49014.0,0.4161802004057022,67.1071292677021,2.8909,-81.07826838240106,-81.04665752591809,-20.03145559329405,-77.09591140810534,20.930944324756236,20.930944324756236,-1125.1657455308218,-23.027196812178385,0.390206206413705,14106536000.0,49014.0,192563.0,972536.0,10.159731597106449,140.0,-6.624970639313813,20.763352062819184,62.66827996422124,-6.624970928286373,-6.624970928286373,11.4,,98798469000.0,98798469000.0,,,,,0.0,46.166462887305045,,,,,,1.80412371134021,1.804123711340206,0.0,,23.0,0.0,7.19605866558252,4.27764561335667,0.837752010881406,0.666012964652096,-5.766563738201818,1.58251039429615,5.11575075416348,,,2.9034985893055816,,,301720553000.0,21711988000.0,12906536000.0,2009498000.0,139011874000.0,126564960000.0,13004742000.0,99940934000.0,54243296000.0,41238554000.0,39070940000.0,1.28104171330833,0.974018605490739,1.38832840981046,0.2397483736976455,-10209908000.0,-7189000000.0,-2428832000.0,-17398908000.0,7189000000.0,434.785838401009,2.8909,,-25.07220249606933,18.598597343856795,20.327823281213508,56.30207,78.16576197576468,18.74011431252684,134626716797.0,Distribution services,9508716.0,1.0,22.302158273381295,65.46762589928058,27.33812949640288,0.3597122302158274,37.410071942446045,11.11111111111111,14.563106796116504,21.100917431192663,15.384615384615385,23.076923076923077,17.346938775510203,19.444444444444446,92.08633093525181,30.575539568345324,12.837108953613807,19.227348667060333,55.765387689848126,33.01321260404887,34.024807450732084
MANSARD,AXA Mansard Insurance PLC,14.0,2.5641025641025617,1.0830324909747318,-7.834101382488476,-12.5,7.6923076923076925,2.1897810218978155,70.31630170316299,276.34408602150535,474.1639352868031,614.2875364477972,1.588408693067346,1.2569173778821845,,,,44.41039748359292,0.5,-0.926176470588242,-47.0324748040312,37.86181139122317,31.451772628243237,,44.41039748359292,0.5,-0.926176470588242,-47.0324748040312,62.04288312964087,54.88809896711465,,,,5380339000.0,2209709.0,1.080096105041786,43.98366321080741,0.3183,-84.69417195614541,-84.69245702666973,,-78.36724221991506,17.905715640109168,6.483548278050214,,,0.03215723336985,,2209709.0,10027223.0,19060392.0,14.160805108838485,,21.00634858017174,37.189596336032096,16.450359377089143,24.22048497099302,24.22048497099302,,,33183517000.0,36559876000.0,,,,,0.73260073260073,-4.103854013825619,,,,,,3.2967032967033,3.214285714285715,0.0,,5.0,4.0,,6.09283912945185,1.86977930698879,1.50098438778086,13.153183590976722,1.12688553731507,5.09743031974372,5.01391675092303,,,,,189694045000.0,,11557753000.0,2847278000.0,260601627000.0,109648104000.0,,200230963000.0,7360909000.0,-21134511000.0,60370664000.0,2.99913774324618,,0.129789695247877,,26472174000.0,1830376000.0,-4050000000.0,24950806000.0,1890098000.0,21.2084630139771,0.3183,2.959682383169,2.789588077052807,,,6.34084,0.8229755777296612,,123518062500.0,Finance,30935926.0,1.0,20.833333333333336,33.33333333333333,52.083333333333336,41.66666666666667,47.91666666666667,42.5,8.333333333333332,17.5,12.5,15.0,48.484848484848484,65.0,81.25,39.16666666666667,25.416666666666664,23.37121212121212,73.125,42.15151515151515,42.95738636363637
ABBEYBDS,Abbey Mortgage Bank Plc,7.3,-8.750000000000002,21.66666666666666,-16.975667875771133,-30.476190476190474,12.307692307692305,21.66666666666666,-4.3250327653997385,795.7984646848757,717.636330525656,609.7537559901394,9.220826803992914,3.840456821977754,,,,50.79575355547593,1.0,-0.7108823529411588,107.83503260769714,89.14728682170544,91.40158602869109,,50.79575355547593,1.0,-0.7108823529411588,107.83503260769714,92.36205166378164,97.45401722126051,,,,2164910000.0,1878414.0,0.2411030845985834,15.24008350730689,0.479,227.63337893296853,154.26256933589156,,102.67030396192447,96.82601705862406,158.65364498180165,,,0.147997288408204,,1878414.0,47240970.0,71504193.0,34.111095723755334,154.0,66.81479104502192,69.13125840372496,11.714424442300972,61.14804510342072,61.14804510342072,,56.2851782363977,32787712000.0,47138026000.0,7.45,-6.874999999999998,-6.25,533000.0,-6.25,-57.02312075709264,,,,0.12,,0.816326530612245,1.5,0.0,100.0,3.0,2.0,,53.11160290707954,14.8813706413273,74.5848765429732,167.11392026881,3.15426674882467,46.1546382027786,21.1727182792313,,,,,23195565000.0,,3463286000.0,4863509000.0,222394814000.0,3608006000.0,,210892166000.0,24637871000.0,23579949000.0,11502648000.0,0.076541304466165,,2.14193036246958,,39494336000.0,-96973051000.0,108538268000.0,38763018000.0,732047000.0,0.6421971536696539,0.479,3.88959375590294,3.75756989026621,,,1.13284,2.426457029188743,0.1041892894574134,116043960938.0,Finance,13712422.2,1.0,0.0,6.25,56.25,10.416666666666668,64.58333333333334,92.5,97.22222222222221,92.5,92.5,80.0,100.0,7.5,56.25,27.5,94.86111111111111,91.25,31.875,64.95833333333333,68.18402777777777
CORNERST,Cornerstone Insurance PLC,6.0,0.0,0.0,11.111111111111104,-2.439024390243908,-1.6393442622950762,0.671140939597316,90.47619047619048,916.949152542373,1379.9905280606204,1379.9905280606204,4.394368711737704,4.301668748404008,,,,56.33040533262049,0.4000000000000003,0.2524999999999986,101.27991096271433,69.84126984126986,69.84126984126985,,56.33040533262049,0.4000000000000003,0.2524999999999986,101.27991096271433,63.74485188641384,64.08128222089235,,,,8268605000.0,346810.0,0.1448930717456546,12.461059190031152,0.4815,-65.46158812136862,-65.52334575721649,,-67.67965375512233,13.251490607036388,13.251490607036388,47.59601974663549,,,,346810.0,7219849.0,20635217.0,1.35576543486188,,49.44028497436188,52.66067263082637,13.414873550204334,36.117203008249504,36.117203008249504,,,8490016000.0,8490016000.0,,,,,0.0,-94.7749684338591,,,,,,4.53781512605042,4.500000000000001,0.0,,4.0,3.0,,21.0303774826159,13.3104281146624,12.4449389655291,15.730415567377252,6.71491111439595,13.516751721478,,,,,,69901974000.0,,14700649000.0,8699258000.0,137601697000.0,43702371000.0,,67781795000.0,,,69834078000.0,5.14750160659297,,,,11943110000.0,-8933301000.0,-4866467000.0,10995871000.0,947239000.0,,0.4815,,0.6097931736524554,,,,,,108297070312.0,Finance,2080860.0,0.9285714285714286,72.91666666666666,47.91666666666667,22.916666666666664,54.166666666666664,39.58333333333333,77.5,19.444444444444446,35.0,35.0,37.5,51.515151515151516,,54.166666666666664,47.5,48.47222222222222,39.753787878787875,54.166666666666664,51.83211580086579,51.34221681096681
IKEJAHOTEL,Ikeja Hotel PLC,39.6,0.0,6.308724832214769,1.538461538461542,4.347826086956518,120.0,-0.9999999999999964,193.33333333333331,3860.0,1372.1189591078069,2438.4615384615386,-2.220446049250313e-16,0.3773839207493769,,,,66.56068963695016,2.3500000000000014,0.9555882352941084,129.9620349278657,100.0,88.88888888888886,,66.56068963695016,2.3500000000000014,0.9555882352941084,129.9620349278657,100.0,90.45904172063877,,,,13777405000.0,158541.0,0.295767348565237,11.482254697286011,3.4488,67.88200360220026,67.88045277962685,47.180058748653096,94.38799985326445,-7.4487486668555665,-7.345308490408914,79.69274204811143,45.6203031427364,0.0,9973901000.0,158541.0,3100039.0,4868604.0,2.946493158653461,,25.887028715518785,38.51315820102188,-8.96865038391115,37.80032899911218,37.80032899911218,,6.12110368207929,29774962000.0,29990406000.0,,,,,0.0,-75.68784829460242,,,,0.39,0.3,0.378787878787879,0.9090909090909092,0.0,160.0,4.0,3.0,47.0502517437335,35.4133116333532,46.0751010567567,28.2468411631827,54.631766908941785,8.99798969221058,19.0267417171706,19.0267417171706,,11.643947353559318,,,26401253000.0,12421856000.0,9349558000.0,7457520000.0,79719902000.0,56081251000.0,34715725000.0,33369276000.0,0.0,-34715725000.0,46350624000.0,1.86997305071495,1.81079579249444,0.0,,15514658000.0,-1089792000.0,-4915651000.0,14423471000.0,1091187000.0,12.2094181527979,3.4488,7.17484685365697,6.670220866174587,4.32375929906952,4.612490472463915,21.35833,0.0,16.054495709068835,85629756661.0,Consumer services,6278223.600000001,1.0,37.5,62.5,75.0,75.0,25.0,87.5,85.71428571428571,87.5,100.0,87.5,85.71428571428571,100.0,87.5,55.0,86.60714285714286,90.17857142857143,93.75,78.13392857142858,82.00892857142857
MBENEFIT,Mutual Benefits Assurance PLC,4.11,0.0,-4.418604651162779,-2.1428571428571392,-5.080831408775976,7.031250000000012,20.52785923753666,372.41379310344826,902.439024390244,722.0000000000001,722.0000000000001,7.453521384040265,6.883968570843885,,,,46.80697177391999,0.08,0.0322058823529429,17.944862155387458,38.80547213880552,45.82916249582919,,46.80697177391999,0.08,0.0322058823529429,17.944862155387458,52.63739097988788,54.10317308581429,,,,20053888000.0,2712403.0,0.1903392602689387,4.119061936259771,0.9978,86.8889305113317,87.24257038581857,,86.52565518734706,18.47827142637702,18.47827142637702,-11.712403726487397,,0.0022996048961328,,2712403.0,60015428.0,136114225.0,3.4745209264053964,,18.082701600187924,37.35136806131803,-8.266114809940438,18.13415196516937,18.13415196516937,,,10789905000.0,10789905000.0,4.13,0.4866180048661696,4.622871046228698,215793.0,4.622871046228698,-43.858511334687456,,,,,,0.458715596330275,0.48661800486618,0.0,,1.0,0.0,,22.7115063890477,22.9817240185444,21.3975745127122,16.942526611926816,12.4769584613007,34.6027404731872,34.365038775739,,,,,93720384000.0,,21285311000.0,20053889000.0,174321250000.0,57428712000.0,,105139527000.0,400870000.0,-38975313000.0,69181723000.0,5.32244834407717,,0.0061073021620766,,16401303000.0,-25215313000.0,-401233000.0,15878601000.0,572445000.0,4.67174179715963,0.9978,,0.7915110972242777,,,3.27189,0.0199824312950678,,82451210374.0,Finance,11147976.33,1.0,33.33333333333333,43.75,50.0,93.75,62.5,35.0,86.11111111111111,82.5,52.5,40.0,54.54545454545454,72.5,18.75,56.666666666666664,60.55555555555556,57.38636363636363,45.625,61.17045454545455,60.495896464646464
UPDC,UPDC Plc,4.3,1.17647058823529,-2.2727272727272845,-13.131313131313137,-23.21428571428571,-27.731092436974794,-17.307692307692314,45.76271186440677,249.59349593495932,249.59349593495932,249.59349593495932,5.614280652019842,6.298556579908583,,,,44.33739728156003,-0.6000000000000005,-0.2508823529411748,-39.69816272965935,28.070175438596475,26.900584795321617,,44.33739728156003,-0.6000000000000005,-0.2508823529411748,-39.69816272965935,17.346791103348412,27.91257123227913,,,,974617000.0,1066517.0,0.1446010437412201,78.18181818181817,0.055,52.35457063711911,52.31132553990106,-8.320288431622549,125.5066058909276,-3.222955826246501,0.4269802980777405,-94.25866202182924,0.2555152719050262,0.0698316010197479,1502823000.0,1066517.0,51348705.0,65210774.0,1.274231332738056,279.0,5.987289318277713,49.606018681611694,-17.98334822052919,10.78252415017236,10.78252415017236,,19.0476190476191,16315493000.0,16281638000.0,,,,,1.17647058823529,-94.22202531881226,,,,0.01,,0.235294117647059,0.2352941176470588,0.0,0.0,2.0,0.0,29.895969634186,8.37518452693905,21.1191641731562,7.31803645775655,3.509715820450047,3.36871647911311,10.3582036885961,8.24983975333427,,,,,13951215000.0,4170851000.0,1168440000.0,1020955000.0,30371508000.0,,10652074000.0,18503952000.0,2183646000.0,-8468428000.0,11867556000.0,1.281161883098,1.1554865057189,0.214544590654479,4.878113943377269,942391000.0,-467565000.0,-1193206000.0,489648000.0,467566000.0,0.751683057677356,0.055,0.0507754592275742,,0.0629548431382162,0.0809711976905135,0.54839,0.1176535306899741,0.5739273285463284,78879875488.0,Finance,4586023.1,1.0,8.333333333333332,16.666666666666664,4.166666666666666,35.41666666666667,8.333333333333332,12.5,75.0,27.500000000000004,25.0,17.5,42.42424242424242,57.49999999999999,22.916666666666664,14.583333333333334,43.75,28.106060606060606,40.20833333333333,36.46590909090909,37.641098484848484
INFINITY,Infinity Trust Mortgage Bank Plc,9.35,0.0,0.0,-1.5789473684210564,88.88888888888887,167.14285714285714,167.14285714285714,174.99999999999997,1275.0,1114.2857142857142,1146.6666666666667,-1.7763568394002505e-15,1.2212453270876722e-15,,,,67.97605904222975,0.0,-0.0705882352941262,-37.03703703702559,1.4210854715202004e-14,7.894919286223336e-15,,67.97605904222975,0.0,-0.0705882352941262,-37.03703703702559,100.00000000000004,66.6666666666667,,,,2700369110.0,138814.0,3.8535787752518593,24.361646690984887,0.3838,72.4943820224719,72.52623244752232,,82.30593728371915,77.96408407379747,67.09801232503241,,,0.421924542874988,,138814.0,195550.0,484375.0,8.97736553071677,90.0,55.90940345605644,38.86660739802868,-6.34724827835136,54.58581768828806,54.58581768828806,,54.0457072266831,6690793558.0,5282854880.0,,,,,0.0,2736.991620682608,,,,0.175,,1.8716577540107,1.8716577540106951,0.0,66.66666666666666,13.0,8.0,,63.26913206503591,45.3959294563544,61.11705790004599,,8.21214575053515,28.9895482407565,12.4156256341714,,,,,7300368105.0,,3314069954.0,3201343193.0,48776003025.0,6828490831.0,,37055199765.0,21633548494.0,21358902390.0,11720803260.0,1.29257588673342,,1.84573941001378,,4188617320.000001,-18614516688.0,15452877854.0,,29704116.0,0.6279966482815175,0.3838,0.502178616054497,,,,1.33329,2.593673428028695,0.032927667980774,77987339656.0,Finance,1297910.9,0.9285714285714286,37.5,95.83333333333334,91.66666666666666,83.33333333333334,93.75,87.5,80.55555555555556,77.5,90.0,90.0,,15.0,91.66666666666666,80.41666666666667,84.02777777777777,85.83333333333333,53.33333333333333,80.84821428571428,79.85515873015873
ETERNA,Eterna PLC,34.35,4.090909090909095,2.384500745156496,-1.857142857142853,10.80645161290323,15.60097987900162,20.52631578947369,-4.561981727800984,521.7931493491755,1320.0120365759717,974.3022999226588,0.3030303030303032,1.1553950522355492,,,,48.806946721656416,1.5500000000000045,0.2141176470588348,4.973798738785599,10.684438802496542,23.36824288585632,,48.806946721656416,1.5500000000000045,0.2141176470588348,4.973798738785599,34.02045581730821,45.0550076882926,,,,2917078000.0,390180.0,0.1696485529654104,12.698706099815157,2.705,-36.70886075949368,-48.33580367051559,-76.74889525892922,116.3003179537069,36.74160597192774,-17.086289079968886,-168.47292675105183,-52.45669886849213,0.7518233933708269,5437877000.0,390180.0,7562870.0,18752237.0,-23.621915761396124,198.0,-6.143617290216027,38.78964275896513,-21.23961557993777,-3.585906358055542,-3.585906358055542,5.25,22.3533619456366,72899428000.0,50139001000.0,34.35,4.090909090909095,4.090909090909095,136929.0,4.090909090909095,-81.65373980810098,,,,0.5,,1.51515151515152,1.5151515151515151,0.0,,1.0,0.0,5.11156658532411,1.29128217721366,2.50165960409207,1.148270836774,-4.360048374631016,4.42928176291265,46.8383420679522,19.8192019553258,,3.820284408110465,,,299609107000.0,15314719000.0,3868799000.0,3440324000.0,70416774000.0,53726883000.0,5224409000.0,61264284000.0,44668067000.0,39443658000.0,9152490000.0,1.0715587053679,0.292612331865168,4.88042570691661,0.1169607137913534,-11239530000.0,-2122310000.0,18448721000.0,-13063102000.0,2097200000.0,229.736039320781,2.705,-8.61831314769447,-10.016602448347385,2.9665405303858083,4.169687419727102,7.018,34.250844039581494,4.006003166825774,75314346680.0,Energy minerals,13402683.0,1.0,25.899280575539567,61.87050359712231,43.884892086330936,9.352517985611511,47.482014388489205,11.965811965811966,22.330097087378643,80.73394495412845,16.23931623931624,19.65811965811966,20.408163265306122,2.7777777777777777,57.55395683453237,37.697841726618705,17.147954526595306,34.25988602921762,30.165867306155075,36.494200597293286,36.80130066653117
MAYBAKER,May & Baker Nigeria Plc,43.0,0.1164144353899817,4.878048780487805,23.563218390804607,6.172839506172839,145.014245014245,126.3157894736842,248.17813765182183,872.8506787330317,3995.238095238095,1398.2578397212544,0.403800475059383,0.7906623804355629,,,,64.29489827835843,5.100000000000001,4.462500000000027,90.68678823447271,83.59788359788361,83.97707231040565,,64.29489827835843,5.100000000000001,4.462500000000027,90.68678823447271,59.63570529250884,59.75111358626083,,,,4436525000.0,1587447.0,0.8836126653781541,16.24664676767295,2.6467,116.26899820232065,116.26476323179143,86.43135608157849,173.69636377320683,14.071272435011643,1.7115608434558862,,36.07270834368311,0.218641559509908,7192298000.0,1587447.0,4167981.0,16569947.0,4.7760350088962,,16.153774255231955,32.44065964797906,-3.8621277191832273,32.37504043397111,32.37504043397111,,19.4439043359907,7844126000.0,8029834000.0,,,,,0.1164144353899817,202.34724526275093,,,,0.5,,0.931315483119907,1.162790697674419,0.0,24.999999999999996,12.0,2.0,33.9090830799042,17.1425168878004,18.1772586592028,12.2890384046075,17.253093629733293,17.1579115370889,35.1709721967776,29.5795316423114,,16.766566192103777,,,37157000000.0,12599598000.0,6369645000.0,4566238000.0,26838834000.0,18224577000.0,7913287000.0,11911897000.0,4166001000.0,-3747286000.0,14926937000.0,2.26960818866243,1.50292496706657,0.279092823933001,1.8994923428967008,8684616000.0,-1588986000.0,-4214497000.000001,6410732000.0,2283457000.0,21.5373557805169,2.6467,5.03387422583011,3.7158601581813495,3.6920448518607616,4.168880181540486,8.65212,2.4147440783429506,4.586787886867587,74185104370.0,Health technology,68260221.0,1.0,60.0,80.0,40.0,40.0,80.0,0.0,50.0,50.0,75.0,25.0,100.0,75.0,40.0,60.0,25.0,62.5,57.5,53.625,55.5
WAPIC,Coronation Insurance Plc,2.71,-5.902777777777776,1.1194029850746194,-5.574912891986068,-20.294117647058822,-6.551724137931032,-13.968253968253968,29.04761904761904,431.3725490196079,442.0,442.0,7.8283370222812465,8.545502071255445,,,,49.37144719468349,0.2099999999999999,-0.1182352941176452,119.64002117522654,81.55844155844154,83.87001887001887,,49.37144719468349,0.2099999999999999,-0.1182352941176452,119.64002117522654,85.17229696457993,90.25844125929405,,,,7515268000.0,1443464.0,0.2172830511606343,9.192672998643149,0.2948,-30.53722902921772,-30.551491727845047,,-36.9039895993945,27.738079662223026,17.0646781872244,,,0.005654850586878,,1443464.0,38661167.0,63611550.0,13.119622373330616,213.0,39.415580966280096,56.92652147829762,-14.3201604469756,54.60494622735443,54.60494622735443,,0.0,46401883000.0,6931145000.0,2.7,-6.24999999999999,-6.24999999999999,306776.0,-6.24999999999999,-89.73772885575441,,,,0.0,0.0,0.0,,0.0,,0.0,0.0,,10.3183420749079,10.6062113781255,7.76712996166377,,6.87360180593613,14.6426208770353,14.4508024819523,,,,,91046526000.0,,9394492000.0,7071702000.0,110970181000.0,44442499000.0,,58732314000.0,609509000.0,-22704287000.0,52237868000.0,6.41199960468292,,0.0116679532173863,,,,,,,3.79492090069103,0.2948,,,,,2.17733,0.0254050159284417,,69096040246.0,Finance,3911787.44,0.9285714285714286,29.166666666666668,18.75,16.666666666666664,31.25,10.416666666666668,72.5,30.555555555555557,40.0,27.500000000000004,20.0,,70.0,1.0416666666666665,21.250000000000004,51.52777777777778,29.166666666666668,35.520833333333336,40.10863095238095,40.0999503968254
CWG,CWG Plc,24.8,7.359307359307356,16.431924882629108,8.061002178649243,8.296943231441059,48.50299401197606,41.71428571428572,148.0,1098.0676328502416,828.8389513108616,342.85714285714295,4.003385867523356,2.5581365800738025,,,,64.2872981691005,3.3000000000000007,0.72588235294117,368.7060097455308,79.62962962962963,74.87654320987652,,64.2872981691005,3.3000000000000007,0.72588235294117,368.7060097455308,85.5568367249213,79.61063266590101,,,,4975103000.0,8435117.0,2.3959432967762244,10.713668567478832,2.3148,23.337595907928385,23.33364073524065,16.019936273453474,63.43643029375242,33.456887609664705,26.07007788420542,-146.07422917039406,30.36782840319686,0.115535768541883,8770512000.0,8435117.0,22348657.0,36234555.0,16.304822987416426,273.0,23.687390614592218,41.11425205507195,16.306611278559433,41.431102046078486,41.431102046078486,,35.5239786856128,31044704000.0,36035385000.0,,,,,9.956709956709943,5.105895056801877,,,,0.7,,3.03030303030303,2.82258064516129,0.0,79.48717948717947,4.0,3.0,23.1860193661689,11.8800911564907,11.6504188131773,8.37445233886554,-4.095936417430698,14.0232132021682,65.3489319407193,65.3489319407193,,11.305928209678273,,,69787680000.0,16180985000.0,8290840000.0,5844336000.0,46482189000.0,44621243000.0,3687125000.0,36035385000.0,4444749000.0,757624000.0,10446803000.0,1.2382618639984,0.912340301067964,0.425464996324713,0.8295462803411396,-2340064000.0,-549656000.0,755906000.0,-2858459000.0,518395000.0,27.6405859560341,2.3148,-0.926821756141212,-1.132140826164434,3.283726807765001,3.4737089815054487,4.13763,1.7604176953223891,1.4603479510014097,62615687136.0,Technology services,209190901.6,1.0,58.992805755395686,59.71223021582733,56.11510791366906,59.71223021582733,56.83453237410072,59.82905982905983,50.48543689320388,88.9908256880734,41.88034188034188,39.31623931623932,21.428571428571427,41.66666666666667,43.16546762589928,58.27338129496402,55.157248361131856,47.9039945783065,42.41606714628298,58.370063862951234,56.696066130543045
CONHALLPLC,Consolidated Hallmark Holdings Plc,5.9,3.3274956217162943,-1.8302828618968288,26.881720430107524,18.000000000000007,43.20388349514564,35.94470046082951,100.0,441.2844036697248,441.2844036697248,441.2844036697248,3.070128940578972,5.170997790301603,,,,59.12798728885061,0.7000000000000002,0.8022941176470528,54.01756819232564,54.68467768446197,58.06388279800595,,59.12798728885061,0.7000000000000002,0.8022941176470528,54.01756819232564,39.680183533754246,48.35759831730465,,,,,502832.0,0.0841364495258941,,,,,,,,,,,,,502832.0,11944996.0,53284642.0,,,,,,,,,,,,,,,,3.3274956217162943,-82.1636493104156,,,,,,,4.378283712784588,,,,,,,,,,,,,,,,,,,,,,,,,,,,,,,,,,,,,,,,,,,,,,61896400414.0,Finance,2966708.8000000003,0.5,91.66666666666666,75.0,68.75,59.375,68.75,,,,,,,,37.5,72.70833333333333,,,37.5,34.197916666666664,28.802083333333332
AFRIPRUD,Africa Prudential Plc,14.8,6.474820143884895,13.84615384615385,8.424908424908427,-7.78816199376947,9.629629629629632,0.0,-12.426035502958568,369.8412698412699,893.2885906040268,2125.5639097744365,3.19620599169036,3.238378761444647,,,,61.53644843689809,1.0,0.0236764705882386,181.08108108108115,90.24242424242426,83.61616161616162,,61.53644843689809,1.0,0.0236764705882386,181.08108108108115,98.1126861171391,96.85723265426748,,,,2717172000.0,6431543.0,2.8257289301610924,21.49912841371296,0.6884,176.46586345381527,176.46095616729914,487.0014519090388,50.1125358407593,20.270385722797226,19.968954371920816,,145.7230924048538,0.0,4370443000.0,6431543.0,13235195.0,21360913.0,1.913214554795236,76.0,118.2999100625439,16.146131561445486,-32.43537791959788,35.76690333409365,35.76690333409365,0.495,73.6051818047991,1984039000.0,2755436000.0,,,,,-3.237410071942453,164.55812732846823,,,,0.5,,3.59712230215827,3.378378378378378,0.0,33.33333333333333,13.0,2.0,96.5966921411628,55.4658370021373,56.858380121105,36.1192240520517,,7.03272941884263,22.0577272558877,22.0577272558877,,,,,7623965000.0,7364498000.0,4228696000.0,2753717000.0,42710325000.0,,304643000.0,29207106000.0,0.0,-304643000.0,13503220000.0,0.538515864639934,0.538515864639934,0.0,,2503721000.0,-6332152000.0,4286495000.0,,13238000.0,1.90599125,0.6884,0.62593025,,1.057174,1.09261075,3.3758,0.0,0.07616075,59200000763.0,Technology services,95186836.4,0.9285714285714286,60.431654676258994,35.25179856115108,38.84892086330935,5.755395683453238,27.697841726618705,94.87179487179486,88.3495145631068,52.293577981651374,86.32478632478633,92.3076923076923,,94.44444444444444,37.410071942446045,33.597122302158276,91.61065471745083,76.97535220471,65.92725819344524,66.66693215675596,69.72058532081084
LINKASSURE,Linkage Assurance PLC,1.82,1.111111111111112,-3.1914893617021187,20.52980132450332,2.8248587570621493,9.473684210526311,15.555555555555562,99.68004892731716,297.91338593092394,860.9617727822784,860.9617727822784,6.507503272730951,8.377873884044703,,,,62.5913974838045,0.1999999999999999,0.1842058823529413,72.47165532879868,53.151515151515184,55.64940692432268,,62.5913974838045,0.1999999999999999,0.1842058823529413,72.47165532879868,48.375427635178575,50.44263427379911,,,,3126111000.0,1251306.0,0.0544058472565923,3.449583017437453,0.5276,120.7531380753138,89.2684218970658,,-43.69022364778928,17.086261158726074,25.392326273385763,-189.73259362975065,,0.0,,1251306.0,51292659.0,219751833.0,13.486582644438144,154.0,14.11059858083793,40.83298746905422,-23.846208768350696,23.724905948243823,23.724905948243823,,0.0,20699766000.0,25056231000.0,1.82,1.111111111111112,1.111111111111112,417411.0,1.111111111111112,-90.22076980497616,,,,0.0,0.0,0.0,,0.0,,0.0,0.0,,29.5247408179067,27.7501416849882,26.2909028431965,-18.53603184335459,12.1525152137781,19.7852543914395,19.7852543914395,,,,,36254723000.0,,10704113000.0,9531694000.0,87270155000.0,17287594000.0,,34470222000.0,0.0,-4651689000.0,52799934000.0,0.689951892605077,,0.0,,-6491970000.0,5704103000.0,-294344000.0,-6720187000.0,228217000.0,1.96183566017316,0.5276,-0.351297077922078,-0.3636464826839827,,,2.85714,0.0,,55439998531.0,Finance,2277376.92,1.0,85.41666666666666,60.416666666666664,54.166666666666664,56.25,56.25,32.5,94.44444444444444,45.0,62.5,50.0,24.242424242424242,92.5,4.166666666666666,62.5,63.47222222222222,45.43560606060606,48.333333333333336,62.56534090909091,60.10195707070707
JAPAULGOLD,Japaul Gold & Ventures PLC,3.34,3.405572755417953,5.031446540880493,1.2121212121212133,36.32653061224488,48.44444444444444,43.34763948497853,62.13592233009708,507.27272727272725,1236.0,1236.0,3.728866791230387,5.81333783790465,,,,56.081429192627766,0.3699999999999996,0.0435000000000034,128.40636581643682,77.60416666666669,73.26388888888891,,56.081429192627766,0.3699999999999996,0.0435000000000034,128.40636581643682,88.89214826200036,85.21588329406448,,,,1113306000.0,5118010.0,0.2267365749361299,,,,-39.26585895549624,,-33.7496890721198,0.331021693717503,0.331021693717503,,-0.3259793825262446,0.20461627569555,,5118010.0,95515504.0,216207292.0,-3.3735658670470645,,8.126276993662763,45.238811343020856,89.76170010154766,8.620975806032991,8.620975806032991,,,10519207000.0,10519207000.0,,,,,3.7151702786377743,-78.09894974974335,,,,,,1.25,1.238390092879257,0.0,,1.0,0.0,59.6106530250508,22.878358518718,24.979100057214,24.979100057214,15.19480810868419,3.32609650575324,6.03054745895561,5.05385208313095,,36.732294506332806,,,4456950000.0,2656817000.0,1019677000.0,1113306000.0,33527157000.0,14282329000.0,466612000.0,15088347000.0,6860202000.0,6393590000.0,18438811000.0,1.35773818311589,,0.372052297732213,0.0680172391425208,996963000.0,-319738000.0,-294000000.0,677225000.0,319738000.0,0.312489883666302,23.1479,,0.0474822381821449,0.0714925559199011,,1.2928,0.4809889554308057,0.0327155408064484,46068528211.0,Transportation,17094153.4,0.9285714285714286,33.33333333333333,50.0,16.666666666666664,16.666666666666664,33.33333333333333,50.0,,20.0,83.33333333333334,66.66666666666666,80.0,20.0,0.0,30.0,50.0,62.5,10.0,45.160714285714285,46.410714285714285
BERGER,Berger Paints Nigeria PLC,168.95,9.7077922077922,65.63725490196077,140.31847499999986,125.26666666666664,351.1348464619492,251.97916666666663,687.6456876456876,2669.672131147541,1942.925992391053,1899.4082840236688,1.977364864864863,1.2839791073837628,,,,94.88576995150196,87.19999999999999,55.08808823529414,185.3496601499544,100.0,99.99999999999996,,94.88576995150196,87.19999999999999,55.08808823529414,185.3496601499544,100.0,100.0,,,,1570624000.0,2013026.0,1.3765669615613858,28.506107849092256,5.9268,118.81414753008934,118.81485520077246,75.32935827446785,157.11600983528194,20.55245238345953,30.23130380585197,2410.0618966914744,35.59382980980464,0.024262296166769,2786115000.0,2013026.0,9296768.0,14665303.0,10.752038539100743,131.0,16.987734416578796,27.619230121630544,-7.824277152149667,19.931478388254853,19.931478388254853,,30.4472984942427,3231560000.0,3733038000.0,,,,,0.6493506493506493,237.33963876947223,,,,1.65,,1.17773019271949,1.0714285714285714,0.0,37.5,18.0,4.0,44.5317767644752,18.43833727459,19.8029535776211,12.8147615319619,20.330140490172077,19.3515011547344,35.8568494812065,34.7612985765408,,26.15972392254039,,,13404354000.0,5969197000.0,2471540000.0,1717736000.0,10042059000.0,6772288000.0,3280747000.0,4598789000.0,180767000.0,-3099980000.0,5443270000.0,1.81414922644774,1.06557849129851,0.0332092657538575,18.14903715833089,3329988000.0,-2781170000.0,-383970000.0,2725124000.0,680247000.0,46.2500675454322,5.9268,11.4897122177972,9.402703708785852,8.527743443752499,9.613145619650297,18.78133,0.6237142021156074,11.31981223037486,44632812195.0,Process industries,340100742.7,1.0,96.875,87.5,93.75,93.75,87.5,60.0,92.85714285714286,57.14285714285714,60.0,73.33333333333333,69.23076923076923,57.14285714285714,56.25,91.875,76.42857142857143,64.92673992673993,56.69642857142857,80.49347527472528,76.81204212454213
NEIMETH,Neimeth International Pharmaceuticals PLC,9.95,0.0,4.73684210526315,8.152173913043478,-25.18796992481204,99.95340623430886,83.00820230991368,252.8589518862102,531.4318072242119,1137.2135072032372,1053.1301300166388,5.66192524978096,3.630350206964483,,,,51.659223459443815,1.6499999999999986,1.0922058823529373,40.83147735709006,56.83760683760681,73.5042735042735,,51.659223459443815,1.6499999999999986,1.0922058823529373,40.83147735709006,56.39030950141012,72.90419754525364,,,,976417000.0,1701942.0,0.3842531746670362,41.75409148132606,0.2383,,,77.31203608577538,,17.527733655468598,13.63302512680862,,68.26886173358852,0.6822239888136911,1979602000.0,1701942.0,25293545.0,43238715.0,0.117924712445834,216.0,57.43851676692464,21.015049075371373,-25.77609073098502,64.28837069096987,64.28837069096987,,0.0,3812190000.0,3912484000.0,9.95,0.0,0.0,1000000.0,0.0,-66.0737050218814,,,,0.0,0.0,0.0,,0.0,,0.0,0.0,43.8226927761594,22.6330063855095,18.9522371270376,13.8401650100667,1.085510075629614,8.26048887594854,48.5798216604807,18.8143013006765,,21.189686390649936,,,7913699000.0,3467996000.0,1791108000.0,1095269000.0,14105264000.0,6846189000.0,1677341000.0,11363662000.0,9506535000.0,7829194000.0,2741602000.0,1.7498318203985,0.833110371825163,3.4675109662161,0.1764408378026273,396205000.000001,-303040000.0,-248350000.0,85904000.0,310301000.0,1.85197902976384,0.2383,0.0927206545873915,0.020103418966634,0.4191585320647473,0.4632702597456088,0.64159,2.224737567819552,0.3925345603570612,42517388882.0,Health technology,16934322.9,0.9285714285714286,40.0,0.0,20.0,60.0,40.0,50.0,,100.0,100.0,100.0,33.33333333333333,0.0,0.0,32.0,50.0,83.33333333333333,0.0,47.98571428571428,50.61904761904761
EUNISELL,Eunisell Interlinked Plc,174.9,0.0,2.9126213592233112,2.9126213592233112,21.50052101424107,140.24725274725276,38.80952380952382,1526.9767441860463,5910.309278350515,5910.309278350515,5910.309278350515,2.8627450980392166,0.681605975723621,,,,98.88241533490302,21.950000000000017,4.302205882352979,445.2057317567325,100.0,100.0,,98.88241533490302,21.950000000000017,4.302205882352979,445.2057317567325,100.0,88.88888888888891,,,,190482000.0,1065070.0,10.9634657509429,450.046904315197,0.4264,-71.68470681984195,-71.6867959993828,-60.67539010760869,90.34685373384896,4.434067230857413,33.50104142460918,,-36.90763747313796,0.306517380650285,169528000.0,1065070.0,1990774.0,2027406.0,29.538545873908163,,-31.298593086274217,53.22515604040399,362.8617673836872,95.20590034517409,95.20590034517409,,0.0,439898000.0,533005000.0,,,,,0.0,-84.06149903907752,,,,0.0,0.0,0.0,,0.0,,0.0,0.0,35.4817536167592,13.8279719014743,12.6010948260639,8.69322904777697,15.20369708376582,9.21416513205287,16.9868215416751,16.9868215416751,,20.856221170369924,,,1160915000.0,411913000.0,160531000.0,100921000.0,1252424000.0,1112992000.0,70044000.0,535976000.0,402360000.0,332316000.0,716448000.0,2.08814551458241,1.41287229950939,0.561603912635669,0.1740829108261258,181047000.0,113480000.0,-184382000.0,176502000.0,4545000.0,4.90458386142797,0.4264,0.764879594423321,0.7456780735107732,0.6782044782425011,0.7162146176594846,3.02682,1.699873257287706,0.2959188846641318,41398742621.0,Producer manufacturing,186280743.0,1.0,53.956834532374096,71.22302158273382,79.13669064748201,98.56115107913669,56.11510791366906,4.273504273504273,16.50485436893204,41.284403669724774,46.15384615384615,43.58974358974359,57.14285714285714,36.11111111111111,64.02877697841727,71.79856115107916,10.389179321218156,47.04271263904291,50.069944044764185,50.309651499576006,49.81810488454968
LASACO,Lasaco Assurance PLC,2.0,1.010101010101011,-1.4778325123152614,0.0,-3.5243546929800944,-16.030457079935893,-5.534264264504393,-8.211430655422474,45.33190118433511,13.35888298968002,13.35888298968002,3.265924073533549,5.018880002342529,,,,45.33742946623556,0.05,-0.0677647058823545,-8.05452292441455,30.952380952380956,29.76190476190476,,45.33742946623556,0.05,-0.0677647058823545,-8.05452292441455,89.17047513124909,87.3655543197906,,,,-2800618000.0,2996075.0,0.1048851441551055,,-0.1135,-119.70144072209688,-176.28334673153293,,-253.95928895300003,26.75298208910578,1.1376651188280305,,,0.0,,2996075.0,114939115.0,198449183.0,16.592076760584938,127.0,13.005782364509647,35.32824899851506,21.44868502334567,37.381517623118825,37.381517623118825,,,1748587000.0,4373728000.0,,,,,2.020202020202022,-88.68173439789335,,,,0.0,0.0,0.0,,0.0,,0.0,0.0,,-12.0492728299997,-2.58639025065562,-5.12245839689296,0.772073344246556,-3.79001877141898,-7.41046209770775,-7.41046209770775,,,,,33993014000.000004,,-4095911000.0,-1741278000.0,46203648000.0,26568178000.0,,23347098000.0,0.0,-18982425000.0,22856550000.0,6.0744925153096,,0.0,,1266046000.0,-5394474000.0,0.0,262451000.00000003,1108519000.0,3.06696897959835,-0.1135,0.114227111745507,0.0236792499677894,,,2.0622,0.0,,40233418630.0,Finance,5992150.0,1.0,48.95833333333333,45.83333333333333,6.25,8.333333333333332,20.833333333333336,25.0,2.7777777777777777,2.5,5.0,2.5,39.39393939393939,92.5,41.66666666666667,26.041666666666664,13.88888888888889,12.348484848484848,67.08333333333334,31.841856060606062,33.132260101010104
FTNCOCOA,FTN Cocoa Processors Plc,8.96,-9.949748743718578,2.988505747126455,69.05660377358492,34.736842105263165,70.66666666666669,70.66666666666669,231.85185185185188,2033.3333333333337,1692.0000000000002,1692.0000000000002,7.889167236036535,5.105577398425156,,,,63.23705504146876,3.460000000000001,3.716882352941173,89.01694061338877,76.06714628297364,88.82494004796165,,63.23705504146876,3.460000000000001,3.716882352941173,89.01694061338877,75.74805745030847,88.92608373003971,,,,-273397000.0,8536010.0,0.4596664587399972,27.80881440099317,0.3222,,,-148.74777240986828,97.13122331478506,14.415448637011853,16.62926234807645,-996.7658251466224,-174.79870946167708,0.96175201533829,-469404000.0,8536010.0,91089782.0,190075908.0,-0.2637563447906734,39.0,216.5042642193696,88.8362029738154,-68.53367161043514,310.5072418998803,310.5072418998803,,,501338000.0,430023000.0,9.3,-6.532663316582902,0.0,501669.0,0.0,-75.91150329883224,,,,0.0,0.0,0.0,,0.0,,0.0,0.0,-9.79622980367832,-20.7025679223174,20.3816749564962,20.3816749564962,-72.89306833561936,5.62068370737251,77.3634678037282,5.74049740238366,,10.86043370104448,,,6164984000.0,-603936000.0,-1276310000.0,1256527000.0,24071496000.0,7624973000.0,1420837000.0,22941467000.0,22511444000.0,21090607000.0,1130029000.0,17.7315469172579,11.5489729619113,8.55958021875166,0.0631162088047306,-4430135000.0,-56993000.0,5345035000.0,-4493846000.0,63711000.0,1.58076512820513,0.3222,-1.13593205128205,-1.152268205128205,-0.3272589743589743,-0.12036,0.28975,5.7721651282051285,0.3643171794871795,38804999256.0,Process industries,76482649.60000001,0.9285714285714286,81.25,56.25,62.5,56.25,62.5,93.33333333333333,,92.85714285714286,80.0,6.666666666666667,0.0,0.0,18.75,63.75,93.33333333333333,44.88095238095238,9.375,67.26785714285714,61.18303571428571
ELLAHLAKES,Ellah Lakes Plc,10.35,3.499999999999996,-0.9569377990430588,1.4705882352941213,-32.352941176470594,-17.200000000000003,-25.270758122743683,238.23529411764704,167.38731483473654,166.75965882599462,166.75965882599462,4.184967872051029,5.630984247213965,,,,46.11007630682182,0.450000000000001,-0.4886764705882438,-50.58004640371412,17.500000000000053,16.66666666666671,,46.11007630682182,0.450000000000001,-0.4886764705882438,-50.58004640371412,39.73907702321112,37.108337729195874,,,,-2710336377.28,2899641.0,0.2910622020120188,,-0.3886,-32.22184416468187,-65.61888697349967,-52.67603524238368,-203.26561733524144,15.092590608883846,5.576631141330844,,-25.202755733844945,0.0138607118551205,-1447465000.0,2899641.0,47132054.0,96801816.0,-7.6289033604034575,,2088.2527021456985,,353.61261829652994,13172.172953846157,13172.172953846157,,,547180000.0,349525000.0,,,,,3.499999999999996,-83.57850331389386,,,,0.0,0.0,0.0,,0.0,,0.0,0.0,-24.5449105777542,-286.617341172224,-254.589075574382,-254.589075574382,,-5.27401091881907,-6.85766657559754,-6.45246737985761,,262.0724305944704,,,526435000.0,-129213000.0,-1508854000.0,-1340246000.0,26101625000.0,1076454000.0,845351000.0,7807572000.0,344667000.0,-500684000.0,18294054000.0,3.07976253486875,3.07976253486875,0.0188403838755478,2.4526601038103446,,,,,,0.136446685763098,-0.3886,,,-0.3910798628518113,-0.375168448161848,4.74164,0.0893342384946093,0.2191065226600065,38581738281.0,Process industries,30011284.349999998,0.9285714285714286,25.0,0.0,0.0,62.5,0.0,100.0,14.285714285714285,21.428571428571427,0.0,0.0,,64.28571428571429,0.0,17.5,57.14285714285714,7.142857142857142,32.142857142857146,36.839285714285715,34.55357142857143
SOVRENINS,Sovereign Trust Insurance PLC,2.43,-10.0,13.0232558139535,25.906735751295347,-17.627118644067796,-28.849908659115822,-32.73085182534001,145.4545454545455,767.8571428571429,386.00000000000006,386.00000000000006,11.422508230173124,8.545502071255445,,,,55.24341870560585,0.3500000000000001,0.2903529411764722,129.28284089332772,86.84863523573203,89.4399092155053,,55.24341870560585,0.3500000000000001,0.2903529411764722,129.28284089332772,80.28373241028707,81.11885130854319,,,,662997000.0,5578337.0,0.5899955866173309,52.14592274678112,0.0466,-71.67173252279635,-71.66743659224812,,-71.66743659224812,0.0082331355555923,0.0082331355555923,,,0.189169942226582,,5578337.0,38436382.0,80012100.0,6.484053783962702,152.0,13.55222426976458,46.43306803820819,-5.095241236233353,12.939589931209303,12.939589931209303,,,7019806000.0,7019806000.0,2.43,-10.0,-5.555555555555569,1578459.0,-5.555555555555569,-61.51512930104124,,,,,,2.01612903225806,0.0,0.0,,2.0,1.0,,1.87987274037972,1.84283366029243,1.39005994456215,,2.34162139791086,4.23222711905954,3.16450246493424,,,,,47695569000.0,,896616000.0,662997000.0,28314752000.0,19198463000.0,,12486446000.0,5356300000.0,-3922770000.0,15828306000.0,2.7348993690139,,0.34202246941334,,,,,,,3.35219998770657,0.0466,,,,,1.10068,0.3764582155242285,,38415975093.0,Finance,13555358.91,0.9285714285714286,89.58333333333334,22.916666666666664,1.0416666666666665,72.91666666666666,0.0,27.500000000000004,16.666666666666664,10.0,10.0,12.5,,47.5,1.0416666666666665,37.291666666666664,22.083333333333336,10.833333333333334,24.270833333333332,33.01488095238095,30.47842261904762
TIP,Initiates PLC,32.3,-9.902370990237111,-5.000000000000008,66.49484536082474,60.69651741293529,210.57692307692307,142.8571428571428,393.3835682531332,7384.733692248327,7384.733692248327,7384.733692248327,7.822788046889418,5.377890011026132,,,,59.30279049479217,1.6999999999999955,12.336764705882374,53.560356751085045,64.53359624645996,76.41887876662686,,59.30279049479217,1.6999999999999955,12.336764705882374,53.560356751085045,22.649943274631863,54.69428009751445,,,,3388055017.0,6758600.0,0.5233801168167755,7.196328312984582,4.4884,176.05633802816908,156.0931134926098,156.4712497960942,145.56745631890854,129.03799796772807,128.73919003898965,444.3972853105019,142.54104326521394,0.0083565377631304,6158940320.0,6758600.0,47604706.0,132807747.0,15.331753068042598,60.0,153.94843702488677,90.24888091279402,-43.38230922385154,150.85651591323747,150.85651591323747,,7.88042764454018,5396498137.0,6049823485.0,35.85,0.0,-9.902370990237111,2168270.0,-9.902370990237111,4.49608520075226,,,,0.3,,0.789473684210526,0.8368200836820083,0.0,226.726203441516,3.0,2.0,48.372977769727,42.4339405565573,42.5172513031717,28.6059123696569,30.5435908556455,41.5264376054101,82.8113452673717,79.5627289925145,,5.228621971394862,,,14109069331.0,6824976971.0,5987034093.0,4036028009.0,13525352390.0,10163088739.0,1245447852.0,6627061059.0,98000000.0,-1147447852.0,6898291331.0,1.6798983911181,1.66731091229515,0.014206416530946,12.708651551020408,5306924952.0,-4186125433.0,-340998155.0,4309416410.0,4138612162.000001,15.8532154956398,4.4884,5.96296062550294,4.842141278452028,6.727144036351891,6.920301107544755,7.75105,0.1101146420167594,1.3994086160563473,36832910945.456,Commercial services,218302779.99999997,1.0,94.24460431654677,86.33093525179856,87.05035971223022,89.20863309352518,86.33093525179856,96.58119658119658,87.37864077669903,94.4954128440367,82.05128205128204,86.32478632478633,74.48979591836735,77.77777777777779,17.985611510791365,88.63309352517986,91.9799186789478,84.3403192846181,47.88169464428458,86.05477569461847,83.42058706882912
NPFMCRFBK,NPF Microfinance Bank PLC,5.95,-0.8333333333333304,-3.252032520325206,6.250000000000011,4.753521126760572,105.17241379310344,55.35248041775457,170.45454545454544,280.73064001492463,530.0583359894616,535.6837606837607,7.179035816031304,5.13285899206572,,,,52.08794466082935,0.7400000000000002,0.1674705882352887,71.59460715946214,54.62962962962964,49.0740740740741,,52.08794466082935,0.7400000000000002,0.1674705882352887,71.59460715946214,69.51723045574128,65.91831945036654,,,,2905585000.0,563595.0,0.1527488160303336,12.073863636363637,0.4928,48.65761689291101,48.63073713665955,,84.57100169796543,-1.303316494484516,9.602339421234426,-222.6127013284601,,0.0487920853204319,,563595.0,10662980.0,34953093.0,9.635239616248333,,38.47437624528779,32.98041618706873,9.215622353769028,49.63244409298288,49.63244409298288,,41.2541254125413,39117786000.0,42217073000.0,,,,,-0.8333333333333304,-31.00796336018909,,,,0.2,,2.5,3.333333333333333,0.0,33.33333333333335,16.0,4.0,,24.288666861419063,21.7655554824488,16.17089769448386,-3.8178197944636048,4.15907305124346,20.6410369852848,18.4674748189146,,,,,20350751000.0,,4435719000.0,2953211000.0,74259432000.0,26730927000.0,,57529931000.0,2882982000.0,2710893000.0,16729501000.0,0.633178122036078,,0.172329228468918,,38094000.000001006,-13986983000.0,5934894000.0,-776955000.0,1096593000.0,3.047329130615332,0.4928,0.0063564640174862,-0.279644703469758,,,2.79153,0.481061882345256,0.0287152185726143,35957727539.0,Finance,3353390.25,1.0,68.75,62.5,85.41666666666666,81.25,72.91666666666666,67.5,72.22222222222221,50.0,45.0,45.0,33.33333333333333,60.0,39.58333333333333,74.16666666666666,69.86111111111111,43.33333333333333,49.791666666666664,68.39583333333331,64.30902777777777
CHAMS,Chams Holding Company Plc,3.71,-6.313131313131313,14.153846153846152,1.6438356164383576,-20.556745182012847,6.916426512968293,-4.381443298969071,86.99584709945348,1823.385889118307,707.8220516520114,707.8220516520114,6.173543143595333,7.871160139065091,,,,59.34574031514119,0.3999999999999999,0.2337647058823533,153.5493827160493,84.82142857142857,87.4537037037037,,59.34574031514119,0.3999999999999999,0.2337647058823533,153.5493827160493,94.23391060269076,97.56967894178077,,,,520640000.0,16572439.0,0.3050126273483939,29.425113464447804,0.1322,20.620437956204388,38.55319939081328,53.6975413380512,9.78569606079712,68.5881119120484,51.21009193334589,,29.72504926937232,0.0561315407731427,1400409000.0,16572439.0,270278250.0,536134361.0,-7.40624560952389,253.0,16.970108859684437,52.9186488607434,3.7488122405114592,18.953071255604183,18.953071255604183,,51.9031141868512,13648776000.0,10384007000.0,3.96,0.0,0.0,3387304.0,0.0,-87.78887974645897,,,,0.03,,0.0,0.7575757575757576,0.0,,1.0,0.0,25.1484997561605,7.90645718572558,6.42886399747982,4.35300866053652,,2.93482098438756,7.88909094457963,6.59636148813053,,16.44193832583304,,,17827302000.0,4483299000.0,1409508000.0,776024000.0,31832242000.0,18578703000.0,5953119000.0,11883967000.0,2336708000.0,-3616411000.0,19948275000.0,1.78916510745804,1.70375385917979,0.167623250047811,2.5476520814753063,-849035000.0,-312801000.0,4759636000.0,,0.0,1.98081133333333,0.1322,-0.0943372222222222,,0.156612,0.155601,1.54892,0.2596342222222222,0.6614576666666666,35640000343.0,Technology services,61483748.69,0.9285714285714286,51.798561151079134,14.388489208633093,34.53237410071942,44.60431654676259,15.827338129496402,44.44444444444444,49.51456310679612,23.853211009174313,27.350427350427353,31.62393162393162,,59.25925925925925,4.316546762589928,32.230215827338135,46.97950377562028,27.609189994511098,31.78790301092459,41.98030975823784,40.75862713672035
UPDCREIT,UPDC Real Estate Investment Trust,11.85,0.0,43.636363636363626,51.92307692307693,49.0566037735849,74.26470588235294,71.7391304347826,82.3076923076923,111.60714285714286,18.5,18.73747494989979,1.826323831055884,2.5643096235506,,,,87.48688216678862,4.35,2.6254411764705807,204.09864195715096,99.02912621359224,98.6181743463297,,87.48688216678862,4.35,2.6254411764705807,204.09864195715096,100.0,100.0,,,,4334898000.0,2387919.0,0.5348911618601959,6.971408400988351,1.6998,1.6991743448605947,1.697824047032603,29.59908512476123,-7.721360059502497,8.567210993901963,10.147780703601782,,16.434313122412675,0.0006548951608356,2663164000.0,2387919.0,29079376.0,44860113.0,3.9974782981587818,,18.89960256855765,7.074575546332573,40.0874884192458,19.925508998017385,19.925508998017385,,33.8544872584021,672466000.0,1299366000.0,,,,,1.2658227848101298,-83.31273844457347,,,,0.55,,5.09259259259259,4.641350210970464,0.0,10.000000000000009,11.0,4.0,86.0009197621144,74.8126706134162,139.241607631201,139.241607631201,,12.5982186026912,13.0923562819853,13.0796993161168,,,,,3257364000.0,2801363000.0,2436921000.0,4535606000.0,37740454000.0,,6741683000.0,1510250000.0,24483000.0,-6717200000.0,36230204000.0,5.49056616842368,5.49056616842368,0.0006757621348198,275.3618020667402,,,,,,1.2207775075236,1.6998,,,0.9132962556263048,0.9980864005516684,13.57817,0.0091756081655904,2.52661199953528,31618994963.0,Finance,28296840.15,0.9285714285714286,97.91666666666666,87.5,79.16666666666666,50.0,83.33333333333334,37.5,55.55555555555556,32.5,95.0,92.5,,80.0,68.75,79.58333333333333,46.52777777777778,73.33333333333333,74.375,69.53571428571429,70.3030753968254
REDSTAREX,Red Star Express PLC,31.9,8.503401360544217,25.838264299802752,13.321492007104796,43.69369369369369,246.73913043478265,234.03141361256544,474.7747747747748,959.9154522389106,743.5123324676093,1308.2069772903449,9.354064838629558,3.3106848460099965,,,,72.52794494106818,3.75,-0.6308823529411924,227.0480225988716,76.93920335429769,56.74353598881901,,72.52794494106818,3.75,-0.6308823529411924,227.0480225988716,89.92052112248655,72.08975742636648,,,,875965000.0,2722439.0,3.039491725307749,34.7570276748747,0.9178,41.15656721008919,41.15962535131372,39.47341604375051,60.28020881173825,7.336130380835211,7.336130380835211,121.38268744734626,12.782124604930209,0.0088881456646916,2011964000.0,2722439.0,6527148.0,11587774.0,4.231779979221683,1712.0,8.44459130778437,19.975761952885307,1.3344683743478551,8.543116522783876,8.543116522783876,,,5367752000.0,5367752000.0,,,,,-9.863945578231288,19.654657274572827,,,,,,1.19047619047619,1.09717868338558,0.0,,18.0,4.0,23.1431135841865,5.59474604190549,5.47932678451544,3.72566948783725,4.64964879131334,8.22013233518256,16.9824601403619,16.9376685251465,,17.548367542280978,,,23510808000.0,5441133000.0,1315370000.0,875935000.0,11033010000.0,7493484000.0,1961411000.0,5599815000.0,98063000.0,-1863348000.0,5433194000.0,1.39601904111814,1.37724339723594,0.0180488677562406,20.001539826438105,1884290000.0,-820537000.0,-470331000.0,1093170000.0,820537000.0,24.6335304157591,0.9178,1.97427136605048,1.1453726492341447,1.378183467917265,2.10804224122847,5.69265,0.1027458474911019,2.0550751605944115,30446104177.0,Transportation,86845804.1,1.0,50.0,66.66666666666666,100.0,100.0,100.0,66.66666666666666,80.0,40.0,33.33333333333333,16.666666666666664,60.0,80.0,33.33333333333333,83.33333333333333,73.33333333333333,37.5,56.666666666666664,72.45833333333331,67.04166666666666
LIVESTOCK,Livestock Feeds PLC,9.8,0.5128205128205201,21.73913043478261,31.543624161073836,35.17241379310346,40.00000000000001,60.65573770491805,12.643678160919558,432.60869565217394,929.7503275761884,1135.6996140330084,10.106059220461242,5.338119950166916,,,,67.51421981981973,2.05,2.009999999999999,119.61196119611992,79.66666666666667,86.61420571765397,,67.51421981981973,2.05,2.009999999999999,119.61196119611992,83.00021079595207,86.54034834234538,,,,-2996962000.0,1363370.0,0.1584853793032418,,-0.7678,-249.34837580237308,-249.364922505502,-81.13625142335836,-254.92731454365648,-56.65583770011189,-42.678693019738425,,-64.35798441290503,0.0290454757290594,903191000.0,1363370.0,39640166.0,80389864.0,30.32177626877328,136.0,-23.685381917619008,27.565661429785735,-4.528869207570744,-9.371330205711264,-9.371330205711264,,,9026942000.0,11274003000.0,,,,,1.025641025641022,-89.57492879054647,,,,0.0,0.0,0.0,,0.0,,0.0,0.0,6.87134197389366,1.54366125497833,-5.64586501901553,-6.65825174148224,22.897146703866696,-12.7068001358574,-95.96610387647455,-91.7352101985049,,5.645052778710216,,,34595673000.0,2377187000.0,534040000.0,-2303467000.0,13210046000.0,10889000000.0,795291000.0,12090623000.0,314207000.0,-481084000.0,1119423000.0,0.965850372755799,0.154327171990286,0.280686567990831,2.531105290461384,8145007000.0,-215366000.0,-8012557000.0,7921422000.0,223584000.0,11.5318948439649,-0.7678,2.71500323833441,2.6404748801582936,0.1780133926711309,0.3010637670212557,0.37314,0.1047357015785672,0.2650970883656962,29249995239.0,Process industries,13361026.000000002,1.0,62.5,62.5,37.5,6.25,50.0,6.666666666666667,0.0,0.0,13.333333333333334,33.33333333333333,76.92307692307693,42.857142857142854,12.5,43.75,3.3333333333333335,30.897435897435898,27.678571428571427,33.714972527472526,33.64697802197802
IMG,Industrial and Medical Gases Nigeria PLC,42.3,0.0,-10.000000000000004,17.499999999999993,12.799999999999992,30.555555555555557,32.18749999999999,23.726686585190965,526.0965626153088,526.0965626153088,526.0965626153088,0.0,0.4999999999999994,,,,61.22706354227359,2.699999999999996,3.717647058823552,32.80977312390943,57.272727272727245,57.272727272727245,,61.22706354227359,2.699999999999996,3.717647058823552,32.80977312390943,20.895844965508655,20.89584496550865,,,,989853000.0,71066.0,0.178851815937608,26.51206518332811,1.5955,5.452742894910775,11.247502497502497,-9.584386779099418,-39.001133884664206,-0.5461948136730645,2.298606355543014,-74.16625350039646,-1.96388898853296,0.0091684020261772,1663999000.0,71066.0,221204.0,3042127.0,5.91179665564786,88.0,-5.448518283784912,21.438710004935317,21.964244346049703,-0.0093001810729848,-0.0093001810729848,,30.8109440473256,2631010000.0,3220553000.0,,,,,0.0,36.37689502974477,,,,0.5,,1.56301891252955,1.182033096926714,0.0,-24.374997164062396,4.0,0.0,48.8942457411653,16.2822745479425,17.547285234016,11.6880322537054,-48.098792537508,6.32400397487544,10.7224607770493,10.7224607770493,,32.6431366711763,,,8384277000.0,4099429000.0,1365151000.0,979957000.0,15671902000.0,5879912000.0,2362458000.0,3546219000.0,135666000.0,-2226792000.0,12125683000.0,1.82574607528583,1.58144641619001,0.0111883182167965,17.41378090310026,-713027000.0,2038017000.0,-137242000.0,-4032736000.0,3319709000.0,11.4685950888021,1.5955,-0.975327741483646,-5.516255758729742,1.867348139150608,2.2761331429259277,16.58634,0.1855733560946784,3.2315337644857363,28811158404.0,Process industries,3006091.8,1.0,50.0,31.25,18.75,12.5,25.0,13.333333333333334,35.714285714285715,28.57142857142857,46.666666666666664,60.0,7.6923076923076925,71.42857142857143,68.75,27.5,24.523809523809526,35.73260073260073,70.08928571428572,39.35096153846154,42.452495421245416
VERITASKAP,Veritas Kapital Assurance Plc,1.75,2.941176470588238,0.5747126436781614,-11.616161616161616,-26.16033755274262,-12.5,1.156069364161851,75.0,775.0,600.0,600.0,8.158127767235923,8.197209105104635,,,,45.95577492681816,0.0,-0.2303823529411757,-33.17281968967338,44.57398033099829,34.68096106537586,,45.95577492681816,0.0,-0.2303823529411757,-33.17281968967338,89.61312190184624,69.62385841691093,,,,3733147000.0,13826165.0,0.2943023535703726,3.0203658957542285,0.5794,,,,,-5.710404262155464,-12.30022295734217,-155.51376816281424,,0.0,,13826165.0,306835853.0,465030305.0,5.154685047045729,289.0,11.531680674706134,43.08190341605065,-22.672225920980047,2.829303708679596,2.829303708679596,,0.0,15765065000.0,15842026000.0,1.71,0.5882352941176475,0.0,229902.0,0.0,-43.61412641393024,,,,0.0,0.0,0.0,,0.0,,0.0,0.0,,28.7142480151641,25.3545313178064,22.4236770620895,-19.10025727179564,16.518087577642,39.504440056135,39.504440056135,,,,,29341343000.0,,8425146000.000001,6579408000.0,37221321000.0,18401326000.0,,16460637999.999998,0.0,-10136674000.0,20760682000.0,1.16155130663212,,0.0,,-4914841000.0,-3158851000.0,-404291000.0,-5604272000.0,752389000.0,4.23192467461176,0.5794,-0.708871332157276,-0.8083085003994471,,,1.33232,0.0,,23573334548.0,Finance,24195788.75,0.9285714285714286,12.5,10.416666666666668,12.5,47.91666666666667,41.66666666666667,17.5,,85.0,57.49999999999999,47.5,21.21212121212121,92.5,8.333333333333332,25.000000000000004,17.5,52.803030303030305,50.416666666666664,36.2478354978355,40.67397186147186
SUNUASSUR,SUNU Assurances Nigeria Plc,4.0,-2.912621359223304,6.666666666666667,-8.045977011494246,-13.04347826086956,-14.8936170212766,-27.272727272727277,-25.0936329588015,640.7407407407406,300.0,300.0,5.988631528736487,4.915439688983732,,,,38.7713285785206,-0.1800000000000001,-0.303647058823528,-127.66374849800344,36.88338493292054,47.15796725775988,,38.7713285785206,-0.1800000000000001,-0.303647058823528,-127.66374849800344,22.966494807311182,37.78812687725237,,,,1443182000.0,428922.0,0.1480664340599815,15.522145469321412,0.2461,-24.90082392432102,-24.902940739367597,,-60.60331834919512,4.556540471713541,-0.2930296004805236,-126.93440281398595,,0.001054959068548,,428922.0,7368879.0,23492879.0,13.659972474584563,164.0,32.25665171097759,46.79444766506031,-13.80132253369111,41.10899209107109,41.10899209107109,,,2079036000.0,2863847000.0,,,,,-7.281553398058259,183.49236491879736,,,,,,2.42718446601942,2.5,0.0,,3.0,2.0,,11.2827159320799,6.92449288903141,5.89735893862674,-7.708851298475928,5.15347093268478,9.97814664927907,9.96029457093999,,,,,24248736000.0,,2735916000.0,1430035000.0,27708252000.0,21580710000.0,,12845619000.0,20216000.0,-14110708000.0,14862633000.0,7.53556666958815,,0.0013915756668924,,-1759583000.0,3154156000.0,-581080000.0,-1869299000.0,257733000.0,4.1730460521787,0.2461,-0.302812521511668,-0.3216939147793763,,,2.50007,0.0034790390307702,,23243199219.0,Finance,1715688.0,1.0,18.75,31.25,8.333333333333332,2.083333333333333,2.083333333333333,65.0,36.11111111111111,25.0,22.5,22.5,30.303030303030305,77.5,43.75,12.5,50.55555555555556,25.075757575757578,60.625,39.3655303030303,41.126578282828284
CUTIX,Cutix PLC,3.15,-0.943396226415102,-3.669724770642205,0.0,-18.181818181818183,-8.695652173913052,1.6129032258064455,24.50592885375495,500.0,1505.0955414012735,1780.597014925373,4.529230138068054,5.6623931435716655,,,,45.56856380231832,0.1,-0.0285000000000024,-25.6545422597151,45.173453996983405,46.86609686609686,,45.56856380231832,0.1,-0.0285000000000024,-25.6545422597151,70.1511465602055,73.14828756403072,,,,1031830000.0,8307666.0,1.4667873972331371,61.40350877192982,0.0513,-68.94673123486683,-84.15743772828952,-34.70772012099564,-3.1307443450766197,19.246850271574083,6.483946019457587,-342.16224232537445,-3.0413571727635027,0.249618024986688,1551530000.0,8307666.0,26010163.0,55162098.0,-11.94259715266175,294.0,-3.977058809409229,25.70350597112085,-8.21295914156005,29.52234034900668,29.52234034900668,,68.259385665529,4065125000.0,4819744000.0,,,,,3.773584905660367,113.77394632071704,,,,0.1,,3.14465408805031,3.1746031746031758,0.0,33.33333333333335,14.0,5.0,20.8963947124258,9.07299146100094,2.74663527637098,1.23269429145478,-6.985254283385737,2.19907441220083,4.57864656307928,4.50028019687109,,11.661260458688044,,,14960887000.0,3126286000.0,1357400000.0,184422000.0,8649692000.0,6196879000.0,329357000.0,5137310000.0,4175012000.0,3845655000.0,3512382000.0,1.28572783118771,0.264945607069587,1.18865544806914,0.0788876774485917,-789163000.0,-255893000.0,1326220000.0,-1045056000.0,255893000.0,2.12353090166829,0.0513,-0.112012878444524,-0.148334033267804,0.1926677773800803,0.2202223638120789,0.49854,0.5925963478526328,0.0467485495466119,22192658143.0,Producer manufacturing,26169147.9,1.0,38.489208633093526,17.26618705035971,8.633093525179856,25.179856115107913,35.25179856115108,15.384615384615385,18.446601941747574,18.34862385321101,17.094017094017094,34.18803418803419,16.3265306122449,22.22222222222222,15.827338129496402,24.964028776978417,16.91560866318148,21.489301436876797,19.024780175859313,28.937965904014337,28.69595174563807
TANTALIZER,Tantalizers PLC,4.44,0.9090909090909096,0.9090909090909098,11.00000000000001,-22.37762237762237,106.51162790697676,70.76923076923077,85.77405857740587,2120.0,788.0000000000001,788.0000000000001,6.363617104184721,6.681960852644208,,,,58.94447848051061,0.8200000000000003,0.3396470588235276,114.97762792374397,72.71111111111111,66.25925925925925,,58.94447848051061,0.8200000000000003,0.3396470588235276,114.97762792374397,73.51798067423425,69.83870656676952,,,,72736674.0,1232092.0,0.0823748214164319,200.0,0.0222,,,44.30018687815003,,353.51949378385285,426.7968148348577,130.25839680639774,18.253885255119965,0.531209728068664,-113111560.0,1232092.0,81976997.0,141181404.0,16.70966210026734,273.0,11.307518430939536,6.91297570088536,4.934886377373634,7.707416665414474,7.707416665414474,,0.0,8602395955.0,10770803314.0,,,,,0.9090909090909096,-96.89941338887806,,,,0.0,0.0,0.0,,0.0,,0.0,0.0,36.8527123728742,-13.7657121810404,8.89381960740037,8.09515664430253,52.15081440822289,1.19453966540455,3.77378349811641,3.62254791946779,,55.82928734729915,,,1372406698.0,505769093.0,-188921556.0,111098472.0,15633415327.0,2635743129.0,2295102911.0,10895526486.0,7313157801.0,5018054890.0,4737888841.0,0.244711842948059,0.237490477862049,1.54354777970191,0.3138319961708153,807770010.0,-10635475930.0,9686413103.0,715721270.0,92048737.0,0.2744813396,0.0222,0.161554002,0.143144254,-0.037784312,-0.022622312,0.94758,1.4626315602,0.4590205821999999,22000000477.0,Consumer services,5470488.48,0.9285714285714286,75.0,37.5,62.5,37.5,75.0,37.5,,50.0,62.5,25.0,71.42857142857143,0.0,12.5,57.5,37.5,52.23214285714286,6.25,49.120535714285715,47.03125
CAVERTON,Caverton Offshore Support Group Plc,6.5,8.333333333333332,8.333333333333334,18.181818181818183,-16.666666666666664,30.0,14.035087719298245,60.89108910891089,251.35135135135135,367.6258992805756,367.6258992805756,3.860323886639677,4.0221124699582615,,,,57.29197295033104,0.7000000000000002,0.2417647058823542,184.4020009095045,74.93650793650797,70.62306148513046,,57.29197295033104,0.7000000000000002,0.2417647058823542,184.4020009095045,81.08843477447765,78.34843317763297,,,,-11751086000.0,1571281.0,0.7603693582493088,,-3.3819,79.26512243871933,79.26482020075568,,78.02398242769277,52.65286392119037,52.65286392119037,,33.238381255147274,0.6590564428820239,11607229000.0,1571281.0,8707775.0,18034667.0,67.44675424255098,,-38.83990701166167,-4.351533621669523,-13.078671270630368,-35.90055874514169,-35.90055874514169,,,89518957000.0,89518957000.0,,,,,9.999999999999991,-10.513597678211822,,,,0.0,0.0,0.0,,0.0,,0.0,0.0,67.7372986340545,22.3410191293302,-47.0289509648445,-46.9037362578411,43.30884892541359,-11.77701644131,,-268.078431205549,,24.448740700169186,,,24158504000.0,16364318000.0,5397256000.0,-11331241000.0,116266051000.0,38037097000.0,690524000.0,125959149000.0,76625890000.0,75935366000.0,-9693098000.0,0.424905497949446,0.320551802228884,,0.0090116277931649,10462770000.0,5503082000.0,-15723192000.0,10462770000.0,0.0,7.21039654790034,-3.3819,,3.122739747853396,1.610876072066979,3.464317323303161,-2.74543,22.86991995596214,0.206095206302606,21778313477.0,Transportation,10213326.5,0.8571428571428571,66.66666666666666,16.666666666666664,0.0,0.0,0.0,0.0,100.0,,16.666666666666664,50.0,100.0,,16.666666666666664,16.666666666666664,50.0,55.55555555555555,16.666666666666664,39.404761904761905,41.62698412698412
LIVINGTRUST,LivingTrust Mortgage Bank PLC,4.25,0.0,23.18840579710145,-1.620370370370377,-35.015290519877674,2.657004830917882,25.000000000000004,-11.642411642411634,525.0,608.3333333333334,608.3333333333334,2.308943089430896,3.164250441965873,,,,47.44752898910252,0.4500000000000002,0.0619999999999958,47.28789986091853,88.33333333333333,96.1111111111111,,47.44752898910252,0.4500000000000002,0.0619999999999958,47.28789986091853,90.53267845836972,96.84422615278991,,,,1011467977.0,753609.0,0.5574443788330778,,,,54.53033022531141,,28.17328931078223,36.15457859379237,36.15457859379237,,,0.0713577226804387,,753609.0,7457828.0,13313367.0,10.875332396683516,,83.29456758780978,58.4721873035812,-5.129624617252474,73.55927537924819,73.55927537924819,,,12033851592.0,12033851592.0,,,,,0.0,-22.565863345536368,,,,,,1.88235294117647,1.8823529411764708,0.0,,5.0,2.0,,36.48249985539476,15.69878382984,33.04527530739327,,3.6556931193951,20.5447517551147,13.777534267791,,,,,7185285124.8,,1145928839.3,1037964342.56,32739992747.0,24804448658.0,,27687781439.0,2336251323.0,-9897256018.0,5052211309.0,2.06122274887367,,0.4624215378399169,,240061443.0,-3482583730.0,8067190403.0,,,0.6282074111379999,0.2046,,,,,1.01044,0.4672502645999999,2.4467014682,21250000000.0,Finance,3202838.25,0.8571428571428571,35.41666666666667,2.083333333333333,39.58333333333333,6.25,66.66666666666666,95.0,,47.5,67.5,67.5,,42.5,66.66666666666666,30.0,95.0,60.833333333333336,54.58333333333333,62.154761904761905,63.217261904761905
UHOMREIT,UH Real Estate Investment Trust,84.7,0.0,21.000000000000004,16.827586206896555,22.310469314079427,63.35583413693346,63.35583413693346,83.53196099674975,131.42077767326654,87.30649740587134,69.4,-2.220446049250313e-15,1.824929096727601e-15,,,,85.75310246356669,12.200000000000005,6.731764705882242,203.9945704867152,100.0,88.8888888888889,,85.75310246356669,12.200000000000005,6.731764705882242,203.9945704867152,100.0,88.8888888888889,,,,18217726000.0,165479.0,0.7674851121458917,0.8706557157982382,97.283,1267.0822346551447,1565.7697156145755,65.5274299517419,1643.099545130098,130.84863351593668,130.29110273859243,-46.65818676120088,66.24744797942633,0.0,1878978000.0,165479.0,1267864.0,2060027.0,1.432398992334934,,63.155668326760185,29.3090629362889,-67.2464792920377,57.95225454226719,57.95225454226719,,,1200717000.0,1315017000.0,,,,,0.0,-30.22386014328061,,,,,,5.96221959858323,5.962219598583234,0.0,,8.0,5.0,90.8963840271422,84.24993047774413,847.339238266411,147.28465257674665,47.21909320340073,86.3115544872177,93.5108928082108,93.5108928082108,,,,,2159889000.0,1963261000.0,1856031000.0,18301562000.0,29568514000.0,,3649678000.0,1315017000.0,0.0,-3649678000.0,28253497000.0,2.89185539046263,2.89185539046263,0.0,,1075394000.0,896949000.0,-957982000.0,1019880000.0,55514000.0,11.4810114563739,97.283,5.71631728950687,,9.865837167736403,9.987813236825795,150.18305,0.0,19.400068674860425,21176674213.0,Finance,14016071.3,1.0,83.33333333333334,77.08333333333334,75.0,52.083333333333336,81.25,90.0,100.0,100.0,98.75,98.75,72.72727272727273,92.5,89.58333333333334,73.75,95.0,92.55681818181819,91.04166666666667,87.3001893939394,88.98295454545455
CILEASING,C&I Leasing PLC,6.7,-0.740740740740738,-4.285714285714283,3.875968992248062,-14.1025641025641,26.415094339622648,-10.06711409395973,71.7948717948718,123.33333333333331,521.5870695045674,521.5870695045674,3.853483977322988,2.297416102780466,,,,48.86357055681015,0.25,0.2513235294117679,-1.05964274901605,46.8705547652916,52.75802117907381,,48.86357055681015,0.25,0.2513235294117679,-1.05964274901605,51.26431541367696,56.67847856563565,,,,3619918000.0,296969.0,0.1006159184019331,5.511681474169135,1.2156,109.00962861072902,244.30205984828035,37.8151635222311,218.21188996651668,21.974546585078816,14.587771907536466,-139.0519076134044,37.51495940067704,0.459996396940149,26455692000.0,296969.0,11349071.0,26642443.0,5.872266240034296,517.0,38.58215900132078,18.509443322906428,-25.161067392336143,40.21919653533912,40.21919653533912,,,59621726000.0,58989291000.0,,,,,-0.740740740740738,-93.0169767505526,,,,,,1.47058823529412,1.4814814814814816,0.0,,2.0,1.0,29.7287309950102,23.5530378153031,2.44687396529528,5.06721639795093,-23.25229306824534,2.54930383994643,7.81157948459387,4.38819800366418,,,,,70732740000.0,21027946000.0,16659708999.999998,3584181000.0,150152177000.0,,3954975000.0,100560501000.0,70135330000.0,66180354999.99999,49591676000.0,1.17928940695354,1.06010548592625,1.47511746094643,0.056390623669982,-4728572000.0,-11957679000.0,5831497000.0,-16446984000.0,11715439000.0,23.9887715328445,1.2156,-1.60367933413304,,5.650084430557519,8.972359209204981,16.12493,23.78616193506224,1.3413165062333456,19902894104.0,Finance,1989692.3,1.0,64.58333333333334,29.166666666666668,66.66666666666666,45.83333333333333,16.666666666666664,70.0,91.66666666666666,20.0,17.5,42.5,18.181818181818183,17.5,70.83333333333334,44.58333333333333,80.83333333333333,24.545454545454547,44.16666666666667,57.9526515151515,54.1155303030303
SCOA,SCOA Nigeria PLC,33.05,9.983361064891836,45.91611479028697,45.91611479028697,-13.36828309305374,365.4929577464789,365.4929577464789,639.3736017897093,1437.2093023255811,734.5959595959595,498.7318840579709,-2.664535259100376e-15,1.7763568394002505e-15,,,,93.60861232398918,10.4,5.023823529411789,269.45859271835405,100.0,100.0,,93.60861232398918,10.4,5.023823529411789,269.45859271835405,100.0,99.99999999999996,,,,462573000.0,619919.0,1.6099709699888172,42.47526024932528,0.7781,641.0476190476192,639.6290646503002,,193.07749329988025,91.55568941718327,56.173017486570856,,48.28038782988088,0.522550535870419,,619919.0,3881693.0,4373122.0,-10.32307427465431,96.0,25.597340376830136,5.071085449962487,-78.86106772972273,-38.251227392395535,-38.251227392395535,,0.0,18662916000.0,20940223250.0,33.05,9.983361064891836,9.983361064891836,195000.0,9.983361064891836,-70.74738937021324,,,,0.0,0.0,0.0,,0.0,,0.0,0.0,16.2109239005452,5.2893323789217,12.0542057166596,5.77105242136344,,2.98834513145622,126.72822437383,34.420733279667,,10.921591521623492,,,8758680620.0,1419863050.0,463275730.0,505468050.0,20623651870.0,16662785380.000002,1196512210.0,21959067650.0,12438325550.0,11241813340.0,-1335415770.0,0.795731028321296,0.570890260685258,,0.0961956016660136,-11306630810.0,-101782900.0,6922187460.0,,,13.485266543495,0.7781,-17.4082075596613,,0.7132805696689761,,-0.01038,19.15061670515781,1.842205096227868,19527261296.0,Consumer durables,20488322.95,0.8571428571428571,89.20863309352518,25.179856115107913,97.84172661870504,95.68345323741008,98.56115107913669,61.53846153846154,97.0873786407767,98.1651376146789,31.62393162393162,23.931623931623932,,,76.97841726618705,81.29496402877699,79.31292008961913,51.24023105674482,76.97841726618705,76.20241839351668,73.08021995514186
NCR,NCR (Nigeria) PLC,179.1,0.0,-10.000000000000002,-10.000000000000002,-10.000000000000002,538.4798245614012,146.35488308115544,2031.1099713284364,7789.867841409691,1610.6017191977076,1823.7379162191191,0.0,-1.887379141862766e-15,,,,2.139062631955668,-19.90000000000001,-6.789411764705903,-333.3333333333325,33.33333333333337,66.6666666666667,,2.139062631955668,-19.90000000000001,-6.789411764705903,-333.3333333333325,33.33333333333334,66.66666666666669,,,,196049000.0,76514.0,1.1713322576398224,98.75930521091811,1.8135,,,-56.71465024160077,,76.50351188720403,76.50351188720403,-37.65025289024748,-55.00194329497912,,205766000.0,76514.0,604154.0,678964.0,47.39797106834371,,43.34396141332533,-9.673590524417095,164.56104769176022,43.34384822829757,43.34384822829757,,0.0,9844749000.0,9844749000.0,,,,,0.0,-84.85785812529066,,,,0.0,0.0,0.0,,0.0,,0.0,0.0,8.94110508477875,6.1773061266871,6.36141661894093,6.36141661894093,39.47216683512636,3.20281659791181,,,,2.7637989580916624,,,3081845000.0,275551000.0,190375000.0,196049000.0,7814753000.0,7721638000.0,1739032000.0,12427846000.0,,,-4613093000.0,0.784340768870796,0.76684921068074,,,1216471000.0,0.0,0.0,1216471000.0,0.0,28.5356018518518,1.8135,,11.26362037037037,1.7627314814814814,1.9052407407407408,-42.71382,,16.102148148148146,19342800659.0,Electronic technology,13703657.4,0.7857142857142857,9.352517985611511,30.935251798561154,99.64028776978418,99.64028776978418,87.76978417266187,82.05128205128204,,,35.8974358974359,27.350427350427353,79.59183673469387,,97.12230215827337,65.46762589928058,82.05128205128204,47.61323332751905,97.12230215827337,72.24041175223087,71.20852350040428
PRESTIGE,Prestige Assurance Co. Plc,1.41,0.0,-5.369127516778528,1.4388489208633106,-11.87500000000001,5.223880597014913,-10.19108280254778,45.36082474226804,206.5217391304348,396.2726754376702,158.47514330705198,6.855072463768122,3.370540129416137,,,,46.88572340781986,0.02,0.0205294117647056,-20.398251578438416,30.43478260869559,42.51207729468594,,46.88572340781986,0.02,0.0205294117647056,-20.398251578438416,38.77607439279729,49.13360655608303,,,,609326000.0,718513.0,0.316897143972614,30.65217391304348,0.046,-83.70527807297202,-83.71560570860318,,-81.17254243876394,-2.037601014906605,-2.037601014906605,-97.37131697180816,,5.17847587654e-05,,718513.0,8361578.0,20780018.0,-1.5440078973804523,,29.70972379254297,41.08503032253466,-20.88047140527691,26.59910978847856,26.59910978847856,,0.0,1266869000.0,1266869000.0,,,,,0.0,-72.0152038237796,,,,0.0,0.0,0.0,,0.0,,0.0,0.0,,1.04403827219694,2.6183037173542,2.1520596751122,0.2823755400784065,1.61474267311055,3.07587395190424,3.07563966819446,,,,,28313713000.0,,295606000.0,609328000.0,37346896000.0,13288445000.0,,17101636999.999998,1934000.0,-1274829000.0,20245260000.0,10.4892021195562,,9.55285335925e-05,,127086000.0,-619756000.0,-850000.0,79951000.0,47135000.0,2.13647086490472,0.046,,0.0060328711433925,,,1.52765,0.0001459340444937,,18686111306.0,Finance,1013103.33,1.0,60.416666666666664,35.41666666666667,45.83333333333333,33.33333333333333,14.583333333333334,57.49999999999999,11.11111111111111,7.5,15.0,10.0,36.36363636363637,82.5,64.58333333333334,37.91666666666667,34.30555555555555,17.215909090909093,73.54166666666667,43.49905303030303,43.39078282828283
RTBRISCOE,RT Briscoe Plc,15.37,-0.1948051948052021,4.986338797814198,72.69662921348313,-3.937500000000005,354.7337278106508,339.1428571428572,676.2626262626261,7585.0,2974.0,1180.8333333333337,2.1765191050659323,2.460866417872685,,,,68.83521740475295,4.729999999999999,5.109558823529413,77.25455786292295,86.49939361159068,93.27200616905432,,68.83521740475295,4.729999999999999,5.109558823529413,77.25455786292295,75.76144427247787,87.92039500339722,,,,2802422000.0,930854.0,0.2184764083811025,5.303657694962042,2.898,576.9446391030133,576.9057561370798,82.11003049385613,246.29952746253312,52.3430342251355,72.73812796549842,-20.120599796125983,53.33920406678431,1.01591502832545,3532452000.0,930854.0,18102467.0,42567854.0,3.4626724684536905,191.0,47.8382942012611,44.218165370738994,15.55153663422057,41.14198448031056,41.14198448031056,,0.0,24888787000.0,24840984000.0,15.4,0.0,0.0,200000.0,0.0,-81.61307840157959,,,,0.0,0.0,0.0,,0.0,,0.0,0.0,21.6025149573832,7.20567555387181,7.59095339725846,7.18529804384756,-7.3989583863338995,21.6383824781852,,,,14.396839403511416,,,47444462000.0,10249197000.0,3418694000.0,3409026000.0,19956201000.0,13238878000.0,1559279000.0,24898423000.0,19978636000.0,18419357000.0,-4942221000.0,0.532944991229011,0.400972481605399,,0.0780473201473814,-2962983000.0,-545363000.0,3552095000.0,-3510396000.0,547413000.0,40.3317895803474,2.898,-2.51878516160952,-2.984132327513657,2.906177902230111,3.002881785584952,-4.2013,16.983523667195417,1.3255185088842305,18115821133.0,Retail trade,14307225.979999999,0.8571428571428571,96.40287769784173,36.69064748201439,97.12230215827337,96.40287769784173,97.84172661870504,83.76068376068376,96.11650485436894,,36.75213675213676,29.914529914529915,15.306122448979592,,43.884892086330936,84.89208633093526,89.93859430752636,27.324263038548754,43.884892086330936,73.75236574392922,65.69289830363081
UNITYBNK,Unity Bank PLC,1.51,0.0,0.0,0.0,0.0,0.0,0.0,0.0,151.66666666666669,88.75,190.3846153846154,8.326672684688674e-16,-2.6945112807652553e-15,,,,100.0,0.0,-2.220446049250313e-16,35.08771929814474,100.0,99.99999999999989,,100.0,0.0,-2.220446049250313e-16,35.08771929814474,100.0,100.00000000000004,,,,,0.0,,,,,,,,,,,,,,0.0,0.0,0.0,,,,,,,,,,,,,,,,0.0,,,,,,,0.0,,,,0.0,0.0,,,,,,,,,,,,,,,,,,,,,,,,,,,,,,,,,,,,,,,,,,17650900103.0,Finance,0.0,0.5,48.95833333333333,55.208333333333336,28.125,15.625,34.375,,,,,,,,100.0,36.45833333333333,,,100.0,27.760416666666664,29.114583333333332
UNIVINSURE,Universal Insurance Plc,1.08,-1.8181818181818197,-1.81818181818182,-12.903225806451609,-25.85376149737834,-5.040782565944888,-10.534290706992993,108.17982480742498,441.2675403259353,116.50701613037413,116.50701613037413,5.241943241943238,7.053930238158632,,,,35.06526037996042,-0.1099999999999998,-0.08841403279412,-71.14977138396286,18.05555555555556,18.27697262479872,,35.06526037996042,-0.1099999999999998,-0.08841403279412,-71.14977138396286,27.289545599452584,33.060451055556506,,,,4495411000.0,4046673.0,0.4816191165134833,3.8530146271851593,0.2803,,,,131.5950779597798,27.54577448716925,,,,,,4046673.0,44350408.0,82049228.0,19.79271102629206,,2088.2527021456985,49.53955792400422,-22.879086466022297,52.726957874116685,52.726957874116685,,0.0,751703000.0,751703000.0,1.15,4.545454545454529,-1.8181818181818197,980143.0,-1.8181818181818197,-58.622436049394246,,,,0.0,0.0,0.0,,0.0,,0.0,0.0,,18.8480071988277,18.8479990004543,18.4275290229593,,17.8034520965183,26.4638677754102,,,,,,24395083000.0,,4597987000.0,4495411000.0,28306911000.0,6632513000.0,,9301504000.0,,,19005407000.0,8.82331585745966,,,,,,,,,1.52112186912345,0.2803,,,,,1.18506,,,17600000381.0,Finance,4370406.84,0.7857142857142857,10.416666666666668,12.5,20.833333333333336,64.58333333333334,12.5,100.0,,72.5,50.0,35.0,,,14.583333333333334,24.166666666666668,100.0,52.5,14.583333333333334,55.64880952380953,54.21130952380953
REGALINS,Regency Alliance Insurance PLC,1.06,0.9523809523809532,-1.6994623535556028,1.961904800747398,-15.031745863158218,-14.351999835555832,-0.8703703061196785,159.53939494609222,655.7185436077405,413.88861551522814,408.8006187015523,8.032008807927138,6.96014866233517,,,,58.36238734721272,0.14950495,-0.0014762808823534,114.98231559990582,68.13377492273402,62.373619845401095,,58.36238734721272,0.14950495,-0.0014762808823534,114.98231559990582,97.3141631403219,97.23077919595596,,,,2265976000.0,3262140.0,0.2834819565118301,,,,,,16.61450008079731,15.964509235405387,,,,0.0,,3262140.0,56717484.0,99453810.94572636,,115.0,,10.911123036179916,,21.887754772068572,21.887754772068572,,0.0,6279732000.0,,1.03,-1.9047619047619064,-1.9047619047619064,902913.0,-1.9047619047619064,-38.27302977626437,,,,0.0,,0.0,,,,0.0,0.0,,,,,,,,,,,,,,,,,,,,,,,,,,,,,,,,,,,,,,,,,,16805249237.0,Finance,3457868.4000000004,0.5,62.5,25.0,10.416666666666668,75.0,27.083333333333332,,,,,,,,16.666666666666664,40.00000000000001,,,16.666666666666664,20.666666666666668,17.5
DAARCOMM,DAAR Communications PLC,2.25,9.75609756097562,54.10958904109589,49.00662251655629,-25.0,136.8421052631579,141.93548387096772,262.9032258064516,1024.9999999999998,350.0,350.0,0.3870967741935494,4.765849159428413,,,,69.84227842741394,0.6799999999999999,0.1681764705882356,294.3134535367552,100.0,84.16666666666667,,69.84227842741394,0.6799999999999999,0.1681764705882356,294.3134535367552,100.0,94.4536908677267,,,,-874657000.0,2946984.0,0.5963364386974953,,-0.0793,72.90741373419884,72.91690064760229,,62.64887059270663,-1.3117365117345912,-1.3117365117345912,-194.4914894520141,45.97557124512537,0.0288949545579757,419823000.0,2946984.0,24913783.0,49257456.0,-1.2788049859782598,370.0,4.384409971079497,8.863171258371082,-5.310842973439815,3.4729354533572705,3.4729354533572705,,,9224347000.0,9224347000.0,2.25,9.75609756097562,9.75609756097562,350000.0,9.75609756097562,-48.51259984028818,,,,0.0,0.0,0.0,,0.0,,0.0,0.0,39.3845181566195,-18.3744744962252,-11.5706886614881,-11.5706886614881,-5.063098765974923,-2.32206802156791,-3.84497664597844,-3.78444259329098,,57.75899265284468,,,5481169000.0,2158732000.0,-1007136000.0,-634209000.0,27131934000.0,3314489000.0,308491000.0,10326516000.0,783976000.0,475485000.0,16805418000.000002,0.359319635308602,0.359319635308602,0.046650193407864,0.3934954641468616,603571000.0,-881088000.0,383009000.0,-277517000.0,881088000.0,0.685146125,-0.0793,0.075446375,-0.034689625,-0.125892,0.052477875,2.10068,0.097997,0.0385613749999999,16399999618.999998,Consumer services,6630714.0,1.0,100.0,12.5,87.5,100.0,87.5,25.0,100.0,25.0,12.5,12.5,0.0,83.33333333333334,25.0,77.5,62.5,12.5,54.16666666666667,63.16666666666667,56.25
GUINEAINS,Guinea Insurance PLC,1.08,-3.571428571428574,-1.81818181818182,-11.475409836065566,-28.0,-8.66503058110427,-19.52303388624238,66.78559663678698,475.41031950457176,130.16412044411703,130.16412044411703,6.448427516388679,6.721782612560986,,,,46.11174908497877,-0.0699999999999998,-0.0352647058823551,-45.12516469038082,53.463203463203534,56.53358986692328,,46.11174908497877,-0.0699999999999998,-0.0352647058823551,-45.12516469038082,87.67495771137497,86.0053394662868,,,,353297000.0,673746.0,0.1672291556648464,,-0.0191,-117.28506787330316,-113.32037460869977,,-62.2768812870174,6.638900250884366,6.8738090859487375,-247.5425785663473,,0.0,,673746.0,16930281.0,37992969.0,4.5571262239522605,76.0,-20.418309188746274,33.83426081689866,-10.6187477789387,12.463211104945584,12.463211104945584,,0.0,178187000.0,364218000.0,,,,,-3.571428571428574,-80.91317575195451,,,,0.0,0.0,0.0,,0.0,,0.0,0.0,,-7.9931970917925,-2.98726118854497,-3.56687821000885,-11.637973716986696,-1.72825135332421,-2.44046917217161,-2.44046917217161,,,,,3635504000.0,,-290593000.0,-129674000.0,7752500000.0,2588192000.0,,2476595000.0,0.0,-1607373000.0,5275905000.0,7.10616169436986,,0.0,,-339548000.0,339285000.0,-213402000.0,-423099000.0,83551000.0,0.457710631011734,-0.0191,-0.0427491564687516,-0.0532682429369995,,,0.66424,0.0,,14826560063.0,Finance,727645.68,1.0,14.583333333333334,8.333333333333332,14.583333333333334,39.58333333333333,6.25,2.5,5.555555555555555,5.0,7.5,5.0,27.27272727272727,92.5,20.833333333333336,16.666666666666664,4.027777777777778,11.193181818181817,56.66666666666667,24.387310606060606,26.471906565656564
FTGINSURE,Fortis Global Insurance Plc,1.09,-0.9090909090909096,1.8691588785046744,-9.166666666666655,179.48717948717947,445.00000000000006,413.99225352112563,445.00000000000006,445.00000000000006,445.00000000000006,445.00000000000006,11.243140565639507,8.212104075887854,,,,45.14966909655477,-0.0799999999999998,-0.1725882352941183,-65.61268575226677,28.48132487667372,20.11928471483577,,45.14966909655477,-0.0799999999999998,-0.1725882352941183,-65.61268575226677,24.224792653965952,17.62026226431338,,,,-1687814000.0,663984.0,0.0158252447045173,,-0.1307,-32.96032553407936,-43.253364024165634,,-133.82127773154448,82.06773628902116,82.06773628902116,,,0.228415180664401,,663984.0,104164040.0,413852087.0,-1.3194785882274347,,-68.60132336565577,1.1228145975363812,-81.57022083756888,87.46695582269251,87.46695582269251,,,1958692000.0,1958692000.0,,,,,-0.9090909090909096,-98.04966877595396,,,,0.0,0.0,0.0,,0.0,,0.0,0.0,,12.4544913907193,-167.570368943644,-167.570368943644,-133.5564872665248,-8.6974647188245,-40.7941820312279,-17.6357322592463,,,,,1007227000.0,,125445000.0,-1687814000.0,25051947000.0,12081102000.0,,15702316000.0,5722245000.0,-6193227000.0,9349631000.0,6.1679437093734,,0.612028966704675,,-1115939000.0,-144256000.0,12000000000.0,-1345217000.0,229278000.0,0.0780129083427116,-0.1307,,-0.1041912999969793,,,0.72416,0.4432059254761238,,14202133609.0,Finance,723742.56,1.0,16.666666666666664,100.0,100.0,95.83333333333334,100.0,0.0,27.77777777777778,0.0,2.5,25.0,3.0303030303030303,37.5,6.25,82.5,13.88888888888889,7.632575757575758,21.875,46.37405303030303,39.28661616161616
NNFM,Northern Nigeria Flour Mills Plc,79.4,0.0,0.0,0.0,0.0,-5.812574139976265,-5.812574139976265,-20.24108488196885,1191.0569105691056,1093.984962406015,269.6461824953445,-2.220446049250313e-16,8.881784197001252e-16,,,,0.1077016767235647,0.0,-1.4210854715202004e-14,35.08771929822575,100.00000000000004,100.00000000000004,,0.1077016767235647,0.0,-1.4210854715202004e-14,35.08771929822575,4.736951571734001e-15,1.6579330501069002e-14,,,,1745076000.0,5399.0,0.5367119311290932,,-13.4671,-158.69551952580196,-158.69556019009832,-84.29391074307053,14.36409451502233,70.43169423478975,18.293143617909557,,-40.812026509358645,0.0,553920000.0,5399.0,31535.0,93071.0,3.8127112087688273,44.0,-28.129210417796973,31.971610354519896,-39.90543937103014,36.37990911075391,36.37990911075391,,7.65868801568499,19842754000.0,21411682000.0,,,,,0.0,169.8150924537731,,,,0.75,,0.944584382871536,0.9445843828715365,0.0,,1.0,0.0,10.9927163948437,1.15070872606875,-5.19316556819115,-9.91467887774335,,-8.13602846960225,-22.2909852366189,-22.2909852366189,,9.945829583577446,,,24204909000.0,2660777000.0,278528000.0,-2399839000.0,31968269000.0,24907237000.0,1692420000.0,22483989000.0,0.0,-1692420000.0,9484280000.0,1.16325457290091,0.19405476879397,0.0,,889215000.0,24673000.0,-234361000.0,,0.0,135.830016835017,-13.4671,4.98998316498316,,1.56300785634119,3.1084175084175083,53.22267,0.0,9.497306397306398,14149080030.0,Process industries,428680.60000000003,0.9285714285714286,15.625,12.5,12.5,0.0,12.5,0.0,7.142857142857142,7.142857142857142,6.666666666666667,26.666666666666668,,96.42857142857143,81.25,10.625,3.571428571428571,13.492063492063494,88.83928571428572,24.983630952380956,29.533730158730158
ABCTRANS,ABC Transport PLC,5.7,0.0,9.826589595375715,-8.653846153846153,-24.10119840213049,49.214659685863886,26.385809312638592,95.8762886597938,1440.5405405405406,1040.0,1040.0,0.9944751381215484,0.2367797947908454,,,,46.55398599529247,0.5,-0.2197941176470568,11.49425287356384,100.0,82.85714285714285,,46.55398599529247,0.5,-0.2197941176470568,11.49425287356384,100.0,100.0,,,,971297000.0,643715.0,0.6560241116109791,17.420537897310513,0.3272,3.972036860502069,3.9521230045165225,19.333477835393342,82.29809293046075,20.48350260520257,0.6173841097814204,-17.01528015998975,32.035872271740686,0.124815274516606,2791290000.0,643715.0,3311113.0,8113755.0,-0.5266798117665215,1212.0,22.477907784691453,15.542921947613465,-2.793680075155874,27.539410875006805,27.539410875006805,,0.147783251231527,6622246000.0,6970972000.0,,,,,0.0,-0.6523732062437687,,,,0.0006,,0.0,1.0526315789473684,0.0,,1.0,0.0,22.6245529435592,6.84401294368551,8.20710109196786,4.61811862283991,0.6879098404540732,5.45776699697592,49.6252618285651,32.7160344190572,,15.861666647296014,,,16950041000.000002,3834871000.0,1160063000.0,782773000.0,14386505000.0,3787339000.0,218257000.0,11965552000.0,1790602000.0,1572345000.0,2420953000.0,0.543301421953782,0.455294613147205,0.87982228651337,0.1218902916449328,1039784000.0,-872934000.0,-253880000.0,116601000.0,940767000.0,7.08429538807216,0.3272,0.434579302539223,0.0487335651013825,0.4848500933285743,1.1666238962945257,0.85061,0.7483848263536824,0.0912208447468927,13637943953.0,Transportation,3669175.5,1.0,16.666666666666664,0.0,33.33333333333333,33.33333333333333,16.666666666666664,83.33333333333334,0.0,80.0,50.0,33.33333333333333,20.0,0.0,100.0,19.999999999999993,41.66666666666667,45.83333333333333,50.0,41.375,44.375
MORISON,Morison Industries PLC,10.62,0.0,0.0,-9.923664122137405,-12.013256006628012,229.81366459627324,106.21359223300968,226.76923076923077,931.0679611650484,796.4945543442842,81.05456612966881,0.0,-2.220446049250313e-15,,,,14.504601064515027,0.0,-0.777352941176467,-60.60606060606065,0.0,7.894919286223337e-15,,14.504601064515027,0.0,-0.777352941176467,-60.60606060606065,1.4947369815205012e-14,1.4947369815204927e-14,,,,12310000.0,33763.0,0.0051239186092929,419.7628458498024,0.0253,,,77.53022304422915,,35.72021011888305,20.34388086123123,,171.73163766301326,0.0822992415449554,-18345000.0,33763.0,127757.0,839835.0,-8.27914556557249,,61.08924794563295,33.32290645273228,-13.055971612422136,78.9013124218693,78.9013124218693,,0.0,739292000.0,517085000.00000006,,,,,0.0,-11.728411200292818,,,,0.0,0.0,0.0,,0.0,,0.0,0.0,34.6455803141429,-9.31738404389463,4.7602135898995,4.14570318035145,,1.30400649266937,2.27767244403625,2.27767244403625,,44.81388011486645,,,557517000.0,193155000.0,-51946000.0,23113000.0,1936108000.0,557382000.0,272223000.0,701763000.0,198181000.0,-74042000.0,1234345000.0,1.0779310945009,0.867414448301536,0.160555598313275,1.3736079644365504,-138607000.0,-37865000.0,800675000.0,,,0.563626713575155,0.0253,-0.140125965465648,,-0.0525152654777791,-0.0185460390634477,1.24787,0.2003528246188685,0.2752062355938372,13338719856.0,Health technology,358563.06,0.8571428571428571,0.0,40.0,100.0,20.0,60.0,75.0,,0.0,0.0,0.0,,100.0,100.0,44.0,75.0,0.0,100.0,56.47142857142857,53.32142857142857
ROYALEX,Royal Exchange PLC,1.37,-2.142857142857129,-8.053691275167779,-14.375,-34.76190476190476,-28.849908659115822,-26.7379679144385,71.25,203.04840147498305,287.90198821004475,287.90198821004475,5.425696237873627,6.04316810431323,,,,39.95554076725844,0.01,-0.1488529411764692,-68.70739205988463,10.74481074481072,8.58770858770856,,39.95554076725844,0.01,-0.1488529411764692,-68.70739205988463,36.83780338717851,31.469227337111544,,,,851427000.0,987489.0,0.2040769131571246,39.367816091954026,0.0348,-17.53554502369669,572.294780024279,-101.0331260385069,596.207530970195,33.40046853502788,23.014503220215264,-25.52418894248401,20.844239393002884,0.318021720098293,-3600000.0,987489.0,11360467.0,30706183.0,-0.6691675023103253,32.0,19.150553699439847,-38.57795930739232,-71.86339364988058,60.52916142451205,60.52916142451205,,0.0,1637480000.0,22171000.0,,,,,4.28571428571429,-72.13812943268452,,,,0.0,0.0,0.0,,0.0,,0.0,0.0,100.0,-3.73878358400781,-43.1481512893415,41.9114586527383,-134.1545528098103,2.97194619688287,4.51016513874828,3.28924095569843,,,,,766399000.0,766399000.0,-28654000.0,321209000.0,11923396000.0,,1294925000.0,4849467000.0,3704946000.0,2410021000.0,7073929000.0,112.954941139326,112.954941139326,0.5237465629072611,0.3495125165117116,-1101724000.0,-669742000.0,2506122000.0,-1252754000.0,151030000.0,0.185418410107639,0.0348,-0.266545118740276,,-0.0070381184845509,-0.0008709644406992,0.85571,0.896354505753083,0.3132871189923715,11573378709.0,Finance,1352859.9300000002,1.0,2.083333333333333,4.166666666666666,1.0416666666666665,43.75,4.166666666666666,40.0,44.44444444444444,12.5,80.0,7.5,0.0,40.0,31.25,11.041666666666666,42.22222222222222,25.0,35.625,33.84375,34.90972222222222
MULTIVERSE,Multiverse Mining & Exploration PLC,25.65,0.0,0.0,27.29528535980149,-8.392857142857148,155.2238805970149,75.08532423208189,159.0909090909091,1182.5,413.0,413.0,1.1102230246251563e-16,-5.412337245047638e-16,,,,71.67723535081086,0.0,3.255882352941189,54.30879712746778,96.73202614379088,93.46405228758174,,71.67723535081086,0.0,3.255882352941189,54.30879712746778,80.02582071488628,60.051641429772566,,,,547112000.0,261533.0,1.0533974931900263,17.418171940785005,1.4726,105.81411600279522,105.81101732155388,58.93777398335863,44.55888181361799,-28.29459238081361,-22.66364065564008,-30.716111291964783,53.60935230215374,0.123126217009392,718599000.0,261533.0,807398.0,1629044.0,-0.0378554806886405,,16.105813031766424,72.31843107045326,1489.7154471544716,3.923879934503595,3.923879934503595,,,1165029000.0,1199451000.0,,,,,0.0,86.13918464954735,,,,,,0.389863547758285,0.3898635477582846,0.0,,3.0,1.0,77.7955150209015,65.0535882431733,66.0615789989264,62.734129943243,39.99576172074138,17.3323766772551,42.7247625479261,34.441909639351,,17.739897601573762,,,1000406000.0,778271000.0,650800000.0,627596000.0,3158188000.0,54877000.0,51819000.0,1399568000.0,239961000.0,188142000.0,1758620000.0,0.0457517647657136,0.0457517647657136,0.136448465273908,0.215947591483616,680788000.0,-205668000.0,-375881000.0,400120000.0,280668000.0,2.34730265441711,1.4726,1.59736694851422,0.9388215765253066,1.527004603625586,1.686084789736851,4.12634,0.5630325010611544,0.1215855125311528,10931872813.0,Non-energy minerals,6708321.449999999,1.0,25.0,25.0,75.0,25.0,25.0,25.0,50.0,25.0,100.0,100.0,100.0,50.0,100.0,35.0,37.5,81.25,75.0,53.1875,59.6875
MEYER,Meyer PLC,21.55,-9.832635983263591,26.02339181286549,15.549597855227896,3.1100478468899624,33.436532507739955,66.40926640926642,123.3160621761658,3680.701754385965,2377.011494252873,2377.011494252873,4.400977995109981,1.047851903597626,,,,63.96053716333112,4.75,2.8579411764706077,123.82170432475976,84.21985815602834,93.498817966903,,63.96053716333112,4.75,2.8579411764706077,123.82170432475976,92.18735156127347,97.3957838537578,,,,461028000.0,1053802.0,1.02915045051371,20.395608555744843,1.0566,5.165721110779343,5.164928559287293,-31.63397235068008,56.0701155728881,20.285262438204168,16.029580730474027,51.62382940508521,20.173006154948386,0.0005306468300949,392354000.0,1053802.0,8572468.0,10247751.0,4.988519237776902,79.0,22.578159299751626,38.608967447979325,0.1685127391793717,35.5412702543601,35.5412702543601,,48.5803735290942,1235361000.0,1263712000.0,,,,,-9.832635983263591,-64.86492794289845,,,,0.45,,1.25523012552301,2.088167053364269,0.0,50.000000000000014,3.0,1.0,33.6096068498831,7.21005568808841,15.9823698028796,11.9744759702381,15.99261621077362,15.7488499652766,24.5952360184932,24.5952360184932,,26.77110868182695,,,4391783000.0,1476061000.0,316650000.0,525893000.0,3587022000.0,3138652000.0,2360766000.0,1304158000.0,1813000.0,-2358953000.0,2282864000.0,2.48367666050493,2.14158447494366,0.0007945450298425,1302.1323772752344,835948000.0,-139212000.0,-151750000.0,702361000.0,139214000.0,8.82366846137472,1.0566,1.67952924881518,1.411135432738733,0.6361914097974116,0.7882906818242654,4.58445,0.0036425549533008,4.743088740697289,10726028745.0,Process industries,22709433.1,1.0,43.75,18.75,25.0,25.0,56.25,73.33333333333333,28.57142857142857,35.714285714285715,53.333333333333336,46.666666666666664,46.15384615384615,78.57142857142857,62.5,33.75,50.95238095238095,45.46703296703297,70.53571428571428,50.97184065934066,53.12271062271062
CHELLARAM,Chellarams PLC,13.2,0.0,0.0,0.0,0.0,-18.769230769230774,0.0,24.52830188679245,489.2857142857142,268.71508379888263,105.2877138413686,-8.881784197001252e-16,3.774758283725532e-15,,,,3.1374369656515317,0.0,5.3290705182007506e-15,-35.087719298244245,3.7895612573872014e-14,-2.8421709430404014e-14,,3.1374369656515317,0.0,5.3290705182007506e-15,-35.087719298244245,100.0,100.0,,,,463508000.0,47835.0,0.4169063431469957,,,,,,,-5.14303422040082,-5.14303422040082,,87.5562994194355,0.219096019661675,,47835.0,333706.0,928820.0,-2.114971481664925,,12.429859764117376,40.08373639103062,22.164597160196685,12.429854896980688,12.429854896980688,,0.0,15667749000.0,15667749000.0,,,,,0.0,60.63872657666734,,,,0.0,0.0,0.0,,0.0,,0.0,0.0,11.3955237724936,2.96331309619713,1.99358008639307,1.78470918367386,7.688521526224607,2.04134001110849,10.9503809828122,6.09395480256815,,8.43221067629646,,,25971066000.0,2959539000.0,769604000.0,463508000.0,22106764000.0,7016278000.0,194113000.0,19314193000.0,4843504000.0,4649391000.0,2792570000.0,0.447816594457825,0.228644523217726,1.09191635388837,0.0400769773288098,2141295000.0,-144505000.0,-2293013000.0,1996791000.0,144504000.0,35.9249797696857,0.6412,,2.7620998028841166,1.0645696303212644,,6.13588,6.699870664315109,0.2685105647197151,9542609701.0,Producer manufacturing,631422.0,0.9285714285714286,38.489208633093526,46.76258992805755,2.158273381294964,25.899280575539567,27.697841726618705,33.33333333333333,,30.275229357798167,20.51282051282051,22.22222222222222,44.89795918367347,23.14814814814815,74.10071942446042,28.201438848920862,33.33333333333333,29.47705781912859,48.62443378630429,38.440219934336305,39.332336854005625
DEAPCAP,DEAP Capital Management & Trust Plc,5.77,9.904761904761896,-5.254515599343191,27.937915742793788,-38.94179894179894,218.7845303867403,188.5,477.0,2784.999999999999,968.5185185185184,185.6435643564356,8.916802080629681,4.861787755851634,,,,56.60931649649661,1.6399999999999997,0.2134117647058886,95.00884114177036,53.86779184247539,50.44538209095171,,56.60931649649661,1.6399999999999997,0.2134117647058886,95.00884114177036,69.2065840900367,65.97716542960501,,,,-28822000.0,5157636.0,1.217533780448578,,-0.0731,-337.7245508982036,-338.2840260310616,-336.74595242854286,-49.60809758629639,0.9797070196806636,1001.8328532924638,,1211.9093851132686,1.44131003618484,-109252000.0,5157636.0,13203107.0,40850803.0,975.2873711423284,,1234.822006472492,18.932021594148107,-12.37550537422345,,,,,363061000.0,307053000.0,,,,,-2.6666666666666607,199.23538165647005,,,,0.0,0.0,0.0,,0.0,,0.0,0.0,98.2834699122339,-489.84883880081054,-532.303738544344,-309.95263370502,,-6.03406885061809,,,,,,,20623000.0,20269000.0,-109606000.0,-109777000.0,3335821000.0,,3017811000.0,2142837000.0,437354000.0,-2580457000.0,1192985000.0,9.82830651385917,9.82830651385917,0.3666047770927549,6.900156395048405,22097000.0000001,-6711000.0,3000000000.0,,0.0,0.0137426199139045,-0.0731,0.0147248543973985,,-0.0730385297135926,-0.0728026335079231,0.79497,0.2914410992496634,2.0109891647675022,8658808369.0,Finance,29759559.72,0.8571428571428571,93.75,0.0,95.83333333333334,100.0,97.91666666666666,97.5,0.0,,0.0,0.0,,45.0,47.91666666666667,77.5,48.75,0.0,46.458333333333336,54.967261904761905,47.10267857142857
MCNICHOLS,McNichols Plc,7.6,-1.2987012987013056,-5.000000000000004,13.432835820895514,11.76470588235294,151.65562913907286,117.14285714285712,322.22222222222223,2177.3327423455103,1220.1939295398602,1686.142355545737,4.777166624225444,4.672467009395295,,,,54.85269440402525,0.8799999999999999,0.61932352941177,47.64368807374673,71.77049180327866,72.5901639344262,,54.85269440402525,0.8799999999999999,0.61932352941177,47.64368807374673,58.47712273524186,60.275184864773074,,,,307908514.0,739699.0,0.1686315256208444,22.176831047563464,0.3427,246.8623481781377,246.9112524029364,169.2557629787409,225.33768330578323,44.0621485423352,25.82167979238934,,68.41741458135817,0.0,504628650.0,739699.0,14710882.0,42966526.0,22.26905608920654,67.0,1.244710432989642,53.333134487988666,-2.892570294759641,6.948235283891416,6.948235283891416,,21.7627856365615,740581710.0,1039763886.0,,,,,-1.2987012987013056,-84.77624522720578,,,,0.06,,0.533333333333333,0.7792207792207791,0.0,49.99999999999999,13.0,3.0,13.2192398616425,6.56091030576242,7.6793865190939,6.24681831540595,0.411172476728048,18.4184892472356,43.4392977520918,43.4392977520918,,6.658329555880056,,,6126098274.0,809823625.0,401927813.0,382686229.0,2315307457.0,1385632750.0,465144082.0,1263502975.0,0.0,-465144082.0,1051804482.0,1.3326417359335,0.813082555937127,0.0,,561309032.0,-536120205.00000006,-15915716.0,25188830.0,536120204.0,5.48543693090719,0.3427,0.502607884508215,0.0225546068881661,0.3598945942297251,0.4518550812108372,0.94181,0.0,0.416499770567625,8375924999.999999,Process industries,5621712.399999999,1.0,31.25,25.0,68.75,75.0,68.75,26.666666666666668,100.0,64.28571428571429,40.0,40.0,30.76923076923077,96.42857142857143,25.0,53.75,63.333333333333336,43.76373626373626,60.714285714285715,60.44848901098901,59.31891025641026
SFSREIT,SFS Real Estate Investment Trust,418.75,0.0,0.0,0.0,0.0,0.0,0.0,103.27669902912622,510.4227583213631,389.766081871345,389.766081871345,0.0,0.0,,,,100.0,0.0,-3.979039320256561e-13,35.08771929824559,99.99999999999996,100.0000000000003,,100.0,0.0,-3.979039320256561e-13,35.08771929824559,100.0,100.0000000000005,,,,628487000.0,7235.0,0.442469757941216,12.554866641082224,33.3536,37.41878334672353,37.418860430670605,8.804924956392284,31.73314944109195,103.92683521683632,106.61304190583677,110.33973858818264,8.149704776327656,0.0,340579000.0,7235.0,53962.0,118903.0,3.6573370685613913,,11.95447864905668,13.270383367629424,24.887609803810932,9.40831681925846,9.40831681925846,,90.0574076195568,619919000.0,762291000.0,,,,,0.0,280.98999473407054,,,,28.3,,6.75820895522388,6.758208955223881,0.0,31.627906976744192,7.0,4.0,85.1414257104775,76.038561920773,148.932023228244,147.28465257674665,155.284068202267,12.2463265389672,14.1364991200065,14.1364991200065,,,,,447903000.0,381351000.0,340579000.0,667071000.0,7341137000.0,,140252000.0,762291000.0,0.0,-140252000.0,6578846000.0,0.396794662405827,0.396794662405827,0.0,,695522000.0,-120335000.0,-435000000.0,695522000.0,0.0,22.39515,33.3536,34.7761,,17.028950000000002,17.028950000000002,328.9423,0.0,7.012600000000001,8375000000.0,Finance,3029656.25,1.0,48.95833333333333,55.208333333333336,28.125,62.5,34.375,22.5,66.66666666666666,37.5,98.75,95.0,96.96969696969697,92.5,96.875,45.83333333333333,44.58333333333333,82.05492424242425,94.6875,61.1936553030303,67.32102272727272
LEARNAFRCA,Learn Africa PLC,9.9,10.000000000000004,8.791208791208799,6.4516129032258025,7.608695652173926,69.23076923076924,51.14503816793894,125.0,960.7153918889088,1275.0014322931586,498.790946723628,0.487804878048784,0.798948335797833,,,,62.44154997256866,0.5999999999999996,-0.2626470588235268,159.4237314968734,82.60869565217389,53.623188405797045,,62.44154997256866,0.5999999999999996,-0.2626470588235268,159.4237314968734,95.68384533623892,74.20706519726211,,,,812796000.0,448294.0,0.6477605146896799,13.597033374536466,0.7281,28.776087725504052,63.61148879136406,,71.1228730593838,11.71766584019283,11.71766584019283,-5.067633535106044,29.59737094788816,,,448294.0,1210922.0,6798570.0,0.9002161686705695,,18.74413334179708,20.825128951883062,-85.13061925495597,18.74413334179708,18.74413334179708,,,1974555000.0,1974555000.0,,,,,10.000000000000004,108.95298378413652,,,,,,3.88888888888889,3.535353535353535,0.0,,1.0,0.0,55.0678468128141,15.9593356210269,18.6999045720129,10.9885172817599,11.533495093493592,10.8128111366319,15.530161156352,,,37.273687564578,,,6154379000.0,3389084000.0,982198000.0,676275000.0,6600540000.0,4929260000.0,1681744000.0,1974555000.0,,,4625985000.0,2.49639032592154,0.956161768094583,,,1395618000.0,-671534000.0,-270008000.0,709815000.0,685803000.0,7.09126853472177,0.7281,,0.8178711085185906,1.131719345244525,,5.33021,,1.9377581898445209,7637354827.0,Consumer services,4438110.600000001,0.9285714285714286,50.0,75.0,50.0,62.5,62.5,75.0,57.14285714285714,75.0,75.0,75.0,57.14285714285714,,62.5,60.0,66.07142857142857,70.53571428571428,62.5,66.9375,67.8125
JOHNHOLT,John Holt PLC,18.8,0.0,7.428571428571431,30.55555555555556,77.35849056603774,248.14814814814807,251.40186915887853,198.4126984126984,3086.4406779661017,2373.684210526316,219.18505942275044,0.0,2.670201710385902,,,,74.59666114575032,6.200000000000001,3.076029411764706,119.093965669793,100.0,99.99999999999996,,74.59666114575032,6.200000000000001,3.076029411764706,119.093965669793,100.0,100.0,,,,469000000.0,365652.0,0.2306412238797798,,-1.6909,-132.12745340198742,-132.11322596388482,-312.5683060109289,-81.04284559417947,9.771216048687029,23.976221928665787,377.1331058020478,11.48936170212766,0.0804928131416838,-755000000.0,365652.0,3420157.0,12940712.0,12.992876492425,81.0,15.193798449612403,-4.571959053947882,105.02392344497608,-54.04376784015224,-54.04376784015224,,0.0,3278000000.0,4867000000.0,,,,,0.0,-64.63576927540717,,,,0.0,0.0,0.0,,0.0,,0.0,0.0,17.6312247644684,-54.9125168236878,-43.4724091520861,-44.2799461641992,94.07806191117092,-6.46810183819916,-13.2194876946258,-13.2194876946258,,72.54374158815612,,,1486000000.0,262000000.0,-816000000.0,-658000000.0,11262000000.0,3563000000.0,1700000000.0,5940000000.0,898000000.0,-802000000.0,5322000000.0,0.732073145674954,0.673926443394288,0.168733558812477,1.8930957683741647,1429000000.0,-28000000.0,43000000.0,1398000000.0,31000000.0,3.81856509876932,-1.6909,3.6720925478744,3.592432037738565,-2.0968702022851717,-1.9401188758888528,13.67591,2.3075851000638283,4.3684795880941065,7316046554.0,Consumer services,6874257.600000001,1.0,87.5,100.0,100.0,87.5,100.0,62.5,0.0,0.0,0.0,0.0,100.0,50.0,37.5,95.0,31.25,25.0,43.75,60.75,54.375
GOLDBREW,Golden Guinea Breweries Plc,7.1,0.0,0.0,0.0,0.0,0.0,0.0,0.0,776.5432098765431,776.5432098765431,944.1176470588234,2.220446049250313e-15,2.4424906541753444e-15,,,,100.0,0.0,-3.552713678800501e-15,35.08771929833583,100.0,100.0,,100.0,0.0,-3.552713678800501e-15,35.08771929833583,100.00000000000004,100.00000000000004,,,,,0.0,,,,,,,,,,,,,,0.0,0.0,0.0,,,,,,,,,,,,,,,,0.0,,,,,,,0.0,,,,0.0,0.0,,,,,,,,,,,,,,,,,,,,,,,,,,,,,,,,,,,,,,,,,,7123714000.0,Consumer non-durables,0.0,0.5,34.61538461538461,19.230769230769234,7.6923076923076925,3.8461538461538463,19.230769230769234,,,,,,,,69.23076923076923,16.923076923076923,,,69.23076923076923,17.846153846153847,19.615384615384613
ACADEMY,Academy Press PLC,7.05,0.0,0.0,-10.759493670886082,-15.5688622754491,4.444444444444442,-3.4246575342465757,96.7442598027318,2837.501101562913,1578.5720680274544,380.6819973451081,-2.498001805406602e-16,0.5547230547230548,,,,34.13363669605484,0.0,-0.6691176470588296,-40.49382716049345,4.761904761904745,6.349206349206335,,34.13363669605484,0.0,-0.6691176470588296,-40.49382716049345,32.02786840629852,42.70382454173136,,,,133451000.0,875211.0,2.255199752219744,78.42046718576196,0.0899,-88.71028506844154,-81.52661421159586,,-81.52661421159586,-11.623340275808356,-11.623340275808356,,16.86585925266482,0.182395703427472,,875211.0,2017029.0,3418178.0,-13.81722629338032,176.0,-3.7084370256709263,21.353150147538116,-22.19498720448065,-3.7084370256709263,-3.7084370256709263,,,1111704000.0,1111704000.0,,,,,0.0,127.578164003994,,,,,,1.47758865248227,1.773035460992908,0.0,,4.0,1.0,45.7492972730367,-2.85871117621763,2.33722243898396,3.02198069705895,,3.90490879494744,13.0227479207185,9.43535030552418,,48.60800844925431,,,4416011000.0,2020294000.0,-126241000.0,133451000.0,3206649000.0,1619074000.0,612245000.0,2178584000.0,584879000.0,-27366000.0,1028066000.0,1.4563894705785,0.96029968408857,0.502983264821727,1.046789164938389,752674000.0,-534488000.00000006,-203479000.0,,,4.86773699294533,0.0899,,,-0.1391545414462081,,1.28177,0.6447078924162257,0.6748732363315696,6395760259.0,Consumer services,6170237.55,0.9285714285714286,0.0,50.0,12.5,50.0,12.5,0.0,14.285714285714285,62.5,50.0,50.0,,16.666666666666664,75.0,25.0,7.142857142857142,54.166666666666664,45.83333333333333,32.88690476190476,37.738095238095234
UNIONDICON,Union Dicon Salt Plc,21.7,9.873417721518983,9.873417721518983,44.66666666666666,3.827751196172252,244.44444444444443,239.0625,191.27516778523488,119.19191919191918,77.14285714285714,414.218009478673,-6.661338147750939e-16,0.3545232273838629,,,,73.67117685198312,-0.1999999999999993,2.2076470588235324,77.45274142502758,30.23255813953488,14.818260120585697,,73.67117685198312,-0.1999999999999993,2.2076470588235324,77.45274142502758,14.829489876176114,4.9431632920586965,,,,80784000.0,914495.0,11.982329734028824,,-0.2603,55.94109681787407,55.93076541986623,20.991829864104776,,1783.0563357950084,1748.856707218167,2968.1748621421752,-256.63221118915,0.0,-327148340.0,914495.0,1093488.0,1623667.0,-2.465960554844719,,,,-16.522932183457467,,,,0.0,15883957000.0,15272785000.0,,,,,9.873417721518983,4503.780708819975,,,,0.0,0.0,0.0,,0.0,,0.0,0.0,-66.4831098469457,-489.84883880081054,-321.292157659488,-309.95263370502,1135.9490765104035,-0.947678966908342,,,,1454.9520881303897,,,22149000.0,-14725344.0,-336982682.0,-71163000.0,14247752000.0,13988440000.0,11506439000.0,15344200000.0,0.0,-11506439000.0,-1355760000.0,0.915906299997021,0.915906299997021,,,13594968000.0,-2831817000.0,0.0,10766379000.0,2828589000.0,0.0810291718188669,-0.2603,49.7353829944466,39.3873661952251,-1.2328063333650392,-1.196828707937925,-4.95987,0.0,42.09477731519759,5931608589.0,Consumer non-durables,19844541.5,0.7857142857142857,76.92307692307693,30.76923076923077,100.0,61.53846153846154,100.0,,37.5,,0.0,0.0,100.0,,61.53846153846154,73.84615384615384,37.5,33.333333333333336,61.53846153846154,56.10714285714285,53.25778388278388
OMATEK,Omatek Ventures PLC,2.03,2.525252525252516,-2.403846153846166,-7.305936073059367,-37.53846153846154,66.39344262295081,78.07017543859648,217.18749999999997,914.9999999999998,305.99999999999994,305.99999999999994,1.8654853000402736,4.924191539073313,,,,47.04343500888676,0.0699999999999998,-0.0803529411764691,5.234356412086665,54.629629629629584,55.864197530864175,,47.04343500888676,0.0699999999999998,-0.0803529411764691,5.234356412086665,53.86076159730275,54.034928742291065,,,,-58920000.0,746611.0,0.2522113007712599,,,,,,25.746691871455575,-15.156794425087108,-15.191637630662022,,,0.411950718685832,,746611.0,9101134.0,25677925.0,0.0411015207562679,,,-100.0,-75.0,-100.0,-100.0,,,5126000000.0,5141000000.0,,,,,2.525252525252516,-40.66568201437571,,,,0.0,0.0,0.0,,,,0.0,0.0,,,,,,,,,,,,,,,,,2434000000.0,28000000.0,3000000.0,5141000000.0,1002000000.0,999000000.0,-2707000000.0,0.0054464112040459,0.0005835440575763,1.64262295081967,0.0029940119760479,,,,,,,,,,,,0.20736,0.3406077911482765,0.0010197838058331,5824743367.0,Electronic technology,1515620.3299999998,0.5714285714285714,17.985611510791365,2.158273381294964,63.30935251798561,74.10071942446042,73.38129496402878,,,,,,,15.74074074074074,22.302158273381295,46.187050359712224,,,19.021449507061018,23.781898290891096,20.114265730272923
TRANSEXPR,Trans Nationwide Express Plc,7.06,9.968847352024918,10.312499999999988,41.2,228.3720930232558,228.3720930232558,228.3720930232558,253.0,1074.542662866561,856.7373402848294,213.36603987067087,1.94346442406002,0.5687126092999246,,,,70.91896912284137,0.6599999999999993,1.0822058823529446,13.567266550560088,31.389955896998107,10.597998767012848,,70.91896912284137,0.6599999999999993,1.0822058823529446,13.567266550560088,30.991987035957777,10.483683843796245,,,,-176719000.0,671998.0,2.524431080948077,,-0.1995,4.545454545454537,15.907956093804216,30.6051636992851,-80.52629965982572,-21.85435366270959,-20.266154272145258,-240.4980059426299,-38.667561005564416,0.0,-76199000.0,671998.0,1889444.0,2979775.0,0.0246309048383938,66.0,-28.67297903247464,-21.70070499493305,-38.521160802093576,-24.611034699421094,-24.611034699421094,,,436665000.0,471095000.0,,,,,1.0903426791277304,-18.517446804190172,,,,0.0,0.0,0.0,,0.0,,0.0,0.0,37.0354946546944,-56.5889305965977,-56.4023868472395,-56.6841991169122,-70.94310130409484,-18.5549356924442,-95.96610387647455,-118.519048641428,,93.62442525129212,,,175294000.0,64921000.00000001,-99197000.0,-99364000.0,475130000.0,287727000.0,16716000.000000002,471095000.0,0.0,-16716000.000000002,4034000.0,0.610762160498413,0.607225718804063,0.0,,-124479000.0,32429000.000000004,0.0,-124359000.0,-120000.0,0.351889938581702,-0.1995,-0.249882526867501,-0.2496416356069337,-0.1991307531204095,-0.152963943032774,0.0081,0.0,0.0335561525969612,5484826988.0,Transportation,4744305.88,1.0,100.0,100.0,83.33333333333334,83.33333333333334,83.33333333333334,16.666666666666664,20.0,0.0,0.0,0.0,0.0,100.0,66.66666666666666,90.00000000000003,18.333333333333332,0.0,83.33333333333333,55.33333333333334,49.583333333333336
NSLTECH,Secure Electronic Technology Plc,0.88,-2.222222222222224,-12.0,-9.278350515463917,-40.637632713129406,7.317073170731714,15.789473684210526,33.33333333333333,340.0,76.0,15.789473684210526,6.359174855881561,8.206503671624128,,,,39.14530117900879,0.02,-0.0900882352941174,-96.692111959287,11.594202898550732,12.077294685990347,,39.14530117900879,0.02,-0.0900882352941174,-96.692111959287,47.51985668681956,46.48881086900776,,,,-166793559.0,8965805.0,0.2226690822706268,,-0.0338,-75.12953367875645,-75.08733223018938,-75.90955879743017,-37.81717652218856,-8.053263089529612,-8.046895438972452,,-12.616665483036083,0.0698406151530367,13574000.0,8965805.0,147756556.0,394745964.0,-0.8305044090644685,50.0,-3.092704353187102,0.3531851198423696,-13.725333643443683,-2.41249038230984,-2.41249038230984,,,541908737.0,540723000.0,0.92,2.222222222222224,2.222222222222224,100000.0,2.222222222222224,-61.16864949086553,,,,0.0,0.0,0.0,,0.0,,0.0,0.0,38.8189097036837,-4.21813896536232,-4.26596022770132,-4.51787580609427,-0.0721420272514776,-4.13679440353359,-5.30239241016787,-4.72885552807581,,43.03704866904602,,,4215698000.000001,1636488000.0,-177824000.0,-190460000.0,4411041000.0,160437000.0,24765000.0,851372000.0,310649000.0,285884000.0,3559669000.0,0.296708296114647,0.296708296114647,0.0872690691185051,0.0797201986808262,27078960.0,-30120248.0,-20000000.0,-3041290.0,30120248.0,0.748587064994655,-0.0338,0.0048084467126221,-0.0005400458844294,-0.0315764426782017,0.0024103531183299,0.6321,0.0551623534592669,0.0043975537774747,5068385901.0,Consumer services,7889908.4,1.0,12.5,0.0,25.0,12.5,37.5,12.5,42.857142857142854,12.5,25.0,37.5,28.57142857142857,66.66666666666666,0.0,17.5,27.678571428571427,25.892857142857142,33.33333333333333,31.645833333333332,32.76785714285714
PREMPAINTS,Premier Paints PLC,37.5,0.0,0.0,0.0,236.019661733615,275.0,275.0,275.0,275.0,260.92396535129933,243.09240622140896,9.325873406851317e-15,0.0,,,,100.0,0.0,0.3205882352940818,35.08771929824581,100.0,100.0,,100.0,0.0,0.3205882352940818,35.08771929824581,100.0,100.0,,,,1993000.0,220558.0,4.348463848236132,,-0.0269,-29.326923076923084,-29.577464788732392,-4.181275159070251,,-5.372688977299321,-6.334354459744818,74.19354838709677,34.76567158246214,1.11656578272133,7379000.0,220558.0,348940.0,645243.0,-2.6407068265146503,15.0,16.116391664102856,10.0123370880433,-64.0933650313378,13.205888647690095,13.205888647690095,,0.0,370091000.0,373390000.0,,,,,0.0,204.71808900125723,,,,0.0,0.0,0.0,,0.0,,0.0,0.0,23.6389624877981,-1.64551666434249,-1.64691116999024,-2.30930135267048,-0.0111560451819829,-2.03451675619892,,,,25.28447915214057,,,143420000.0,33903000.0,-2360000.0,-3312000.0,157466000.0,591000.0,442000.0,382949000.0,180590000.0,180148000.0,-225483000.0,0.0015827954685449,0.0012908754921128,,0.0024475330859959,-16000.0,0.0,0.0,-16000.0,0.0,1.1660162601626,-0.0269,-0.000130081300813,-0.000130081300813,-0.0191869918699186,0.0599918699186991,-1.8332,1.4682113821138212,0.0035934959349593,4612500000.0,Process industries,8270925.0,0.8571428571428571,15.625,96.875,87.5,68.75,93.75,53.333333333333336,21.428571428571427,,26.666666666666668,13.333333333333334,23.076923076923077,,93.75,72.5,37.38095238095238,21.025641025641026,93.75,57.68956043956044,55.36057692307692
STACO,Staco Insurance PLC,0.48,0.0,0.0,0.0,0.0,0.0,0.0,0.0,0.0,-4.000000000000004,-4.000000000000004,0.0,0.0,,,,100.0,0.0,3.8857805861880484e-16,35.08771929823747,100.0,100.0,,100.0,0.0,3.8857805861880484e-16,35.08771929823747,100.0,100.0,,,,,0.0,,,,,,,,,,,,,,0.0,0.0,0.0,,,,,,,,,,,,,,,,0.0,,,,,,,0.0,,,,0.0,0.0,,,,,,,,,,,,,,,,,,,,,,,,,,,,,,,,,,,,,,,,,,4483722087.0,Finance,0.0,0.5,48.95833333333333,55.208333333333336,28.125,15.625,34.375,,,,,,,,96.875,36.45833333333333,,,96.875,27.447916666666664,28.645833333333332
AUSTINLAZ,Austin Laz & Co. Plc,4.2,2.689486552567245,23.893805309734518,16.666666666666668,-17.485265225933198,77.96610169491527,-9.871244635193133,103.88349514563106,106.89655172413796,100.95693779904308,110.0,1.7449477351916425,2.328201696229448,,,,66.73182043201908,0.81,-0.0870882352941189,259.1784805525258,87.09677419354841,56.45161290322585,,66.73182043201908,0.81,-0.0870882352941189,259.1784805525258,100.0,81.53324358526682,,,,-16236999.999999998,1146345.0,1.2392034730494903,,-0.015,-337.9040228165306,-483.6720226843101,,-483.6720226843101,-1.1373697807216627,-1.1373697807216627,,-104.36703055934169,0.0,-2524000.0,1146345.0,6996165.0,9534803.0,-0.3587875775625743,,-68.60132336565577,,,-100.0,-100.0,,,40355000.0,40355000.0,4.1,0.2444987775061072,0.2444987775061072,500000.0,0.2444987775061072,-5.792029763229734,,,,0.0,0.0,0.0,,0.0,,0.0,0.0,,,,,,-1.14387482401045,-1.17734625414712,-1.17734625414712,,,,,0.0,-13713000.0,-16236999.999999998,-16236999.999999998,1411355000.0,49020000.0,1371000.0,40355000.0,0.0,-1371000.0,1371000000.0,1.21471936563003,0.494263412216578,0.0,,,,,,,0.0,-0.015,,,-0.0150362083973848,-0.0023373400255588,1.26961,0.0,0.0012696090233919,4416627505.0,Consumer durables,4814649.0,0.7857142857142857,70.86330935251799,18.705035971223023,66.90647482014388,50.35971223021583,11.510791366906476,0.4273504273504274,0.48543689320388345,11.926605504587156,,,,94.44444444444444,44.60431654676259,43.66906474820144,0.45639366027715544,11.926605504587156,69.52438049560351,32.019662492344935,32.29881590974982
TRIPPLEG,Tripple Gee & Company Plc.,4.26,0.0,0.0,0.0,-35.93984962406016,-3.619909502262447,-3.619909502262447,113.0,1117.142857142857,456.8627450980391,189.79591836734693,1.7763568394002505e-15,3.3306690738754696e-16,,,,17.247372629933594,0.0,7.105427357601002e-15,-35.08771929824442,2.8421709430404014e-14,3.700743415417188e-14,,17.247372629933594,0.0,7.105427357601002e-15,-35.08771929824442,0.0,1.1324274851176595e-14,,,,3733000.0,94943.0,0.4585338007068558,,,,,,,14.364511160464865,14.364511160464865,,,0.8131976043774359,,94943.0,705722.0,1977528.0,14.497425719118777,,23.39924812483783,2.210612364614728,56.435816583304856,22.75505798698673,22.75505798698673,,0.0,3835054000.0,3835054000.0,,,,,0.0,-56.53390102092204,,,,0.0,0.0,0.0,,0.0,,0.0,0.0,59.2421901117426,20.8813153046781,10.5196100746136,10.554107304166,,4.04419812329174,,9.2512745295551,,29.191324480229884,,,2249456000.0,1332627000.0,469716000.0,237410000.0,6263758000.0,3041304000.0,40629000.0,6524068000.0,5093673000.0,5053044000.0,-260310000.0,0.793027686181212,0.290764615048445,,0.007976365974023,162374000.0,151044000.0,-278768000.0,,,2.27239262217115,0.2399,,,0.4745054683957999,,-0.26296,5.145610736530242,0.0410432743944275,4217008392.0,Commercial services,404457.18,0.7142857142857143,38.489208633093526,2.877697841726619,15.107913669064748,51.798561151079134,17.26618705035971,58.119658119658126,,,49.572649572649574,55.55555555555556,,,83.81294964028777,25.10791366906475,58.119658119658126,52.56410256410257,83.81294964028777,49.632434711571406,53.662718177106676
AFRINSURE,African Alliance Insurance PLC,0.2,0.0,0.0,0.0,0.0,0.0,0.0,0.0,0.0,-60.0,-61.53846153846153,-8.881784197001252e-16,6.106226635438361e-16,,,,100.0,0.0,-1.3322676295501878e-15,-35.08771929823547,0.0,-1.0658141036401504e-14,,100.0,0.0,-1.3322676295501878e-15,-35.08771929823547,100.00000000000004,100.0,,,,,0.0,,,,,,,,,,,,,,0.0,0.0,0.0,,,,,,,,,,,,,,,,0.0,,,,,,,0.0,,,,0.0,0.0,,,,,,,,,,,,,,,,,,,,,,,,,,,,,,,,,,,,,,,,,,4117000061.0,Finance,0.0,0.5,48.95833333333333,55.208333333333336,28.125,15.625,34.375,,,,,,,,93.75,36.45833333333333,,,93.75,27.135416666666664,28.177083333333332
INTENEGINS,International Energy Insurance Co. Plc,2.79,-9.708737864077664,7.307692307692305,-13.354037267080749,-14.153846153846152,2.5735294117647,1.454545454545456,48.40425531914895,634.2105263157895,458.0,458.0,5.208137715179968,3.451261641267888,,,,46.43162146792592,0.04,-0.1263823529411789,22.40413614821235,77.32240437158471,70.40072859744991,,46.43162146792592,0.04,-0.1263823529411789,22.40413614821235,87.88180641431806,89.7995323600699,,,,551067000.0,1602068.0,0.859307831711329,,,,,,976.7022918661222,118.28497425175492,116.0736085339339,,,0.17694847013463,,1602068.0,8801774.0,14851442.0,116.58810055470266,,,7.028277509375891,14.004305469405626,205.9480314931586,205.9480314931586,,0.0,1814563000.0,2049585000.0,,,,,-6.148867313915856,30.85800523042033,,,,0.0,0.0,0.0,,,,0.0,0.0,,,,,,,,,,,,,,,,,15719059000.0,7658191000.0,,6201997000.0,2778099000.0,-4341657000.0,9517062000.0,3.73645933201111,,0.291907208338035,,,,,,,,,,,,,3.75562,1.0962925331679685,,3967823928.0,Finance,4469769.72,0.5714285714285714,6.25,27.083333333333332,37.5,37.5,43.75,,,,,,,52.5,62.5,30.416666666666664,,,57.5,22.110119047619047,21.94345238095238
ENAMELWA,Nigerian Enamelware PLC,37.0,0.0,0.0,0.0,-8.641975308641975,-17.77777777777778,-8.641975308641975,46.24505928853755,85.9296367490727,49.0933971219574,22.685871487678323,-8.881784197001252e-16,2.997602166487923e-15,,,,13.59827149355651,0.0,2.131628207280301e-14,35.087719298276056,100.0,100.0,,13.59827149355651,0.0,2.131628207280301e-14,35.087719298276056,100.0,99.99999999999996,,,,15476000.0,5010.0,1.0454924874791318,,-3.4338,-204.304243491996,-204.3059811508452,-165.57344099249735,,7.884134756576305,-2.011936915843416,,-170.91597586444982,0.0,-189222000.0,5010.0,39608.0,42742.0,-0.1634969033569511,80.0,-45.01247185866497,23.50922299689431,-88.2951924431842,99.21862928114729,99.21862928114729,,0.0,3348774000.0,3684370000.0,,,,,0.0,-76.10872675250357,,,,0.0,0.0,0.0,,0.0,,0.0,0.0,-19.7559241847712,-31.1910493587484,-31.1911688280657,-31.1911688280657,,-9.46363114888543,,,,17.864366484077728,,,837035000.0,-165364000.0,-261080000.0,-261081000.00000003,2730748000.0,2467686000.0,217010000.0,3684370000.0,0.0,-217010000.0,-953622000.0,0.669771494176752,0.459526323360575,,,-662410000.0,-18443000.0,0.0,,0.0,11.0089830597643,-3.4338,-8.71225273569024,,-3.43381734006734,-2.488715277777778,-12.54238,0.0,2.8541929713804715,2813176575.0,Consumer durables,185370.0,0.7857142857142857,38.489208633093526,33.093525179856115,2.877697841726619,33.81294964028777,12.949640287769784,1.7094017094017095,3.8834951456310676,,5.982905982905983,4.273504273504273,,,74.82014388489209,24.244604316546763,2.7964484275163883,5.128205128205128,74.82014388489209,25.43293405390912,27.12247890794374
UPL,University Press PLC,4.8,0.0,6.666666666666663,-7.692307692307699,-22.580645161290327,-5.882352941176468,-20.000000000000004,10.3448275862069,310.2564102564103,-3.0303030303030374,47.692307692307686,5.5538426320608805,1.3491291981097344,,,,45.94918804915415,-0.2000000000000001,-0.6008823529411726,-21.832095431014857,66.66666666666667,43.3816425120773,,45.94918804915415,-0.2000000000000001,-0.6008823529411726,-21.832095431014857,100.0,66.66666666666667,,,,195290000.0,471202.0,0.2518324716177939,37.267080745341616,0.1288,-87.66874102441359,-87.26504906507833,22.567812750036627,-56.6625094868028,2.776825157197127,2.776825157197127,93.36163921375362,12.374939206558745,,326289000.0,471202.0,12355896.0,17914931.0,-9.376112414915786,,14.4637823511207,22.3686583780351,-54.92267354240781,14.4637823511207,14.4637823511207,,,972909000.0,972909000.0,,,,,0.0,-87.38277166555277,,,,,,3.125,3.125,0.0,,16.0,1.0,56.4803238948728,5.62882372681949,8.35855417133018,1.47350290671923,-0.8992458012985682,1.25070804149892,1.65202156520458,,,48.79901566195424,,,3894597000.0,2199681000.0,219220000.0,57387000.0000001,4651194000.0,2928093000.0,949160000.0,1112160000.0,,,3539034000.0,3.00962679962874,1.10366848286942,,,39012000.0000001,-35838000.0,-64711000.0,-35022000.0,74034000.0,9.02760019471037,0.1288,,-0.0811803157089543,0.5081477017222595,0.7563315639414941,8.20341,,2.2001344428733685,2070765610.0,Consumer services,2261769.6,0.9285714285714286,25.0,25.0,0.0,0.0,0.0,50.0,28.57142857142857,37.5,37.5,62.5,14.285714285714285,,50.0,10.0,39.285714285714285,37.94642857142857,50.0,35.263392857142854,38.59375
ALEX,Aluminium Extrusion Industries PLC,9.0,0.0,-5.2631578947368425,-14.69194312796209,-40.637632713129406,25.87412587412587,-32.73085182534001,25.87412587412587,23.28767123287672,-3.7433155080213862,-19.282511210762333,3.1086244689504387e-15,8.881784197001252e-16,,,,1.3689818530468187,-1.5500000000000007,-1.1852941176470289,-113.04347826087418,-2.605323364453701e-14,-3.0987558198426595e-14,,1.3689818530468187,-1.5500000000000007,-1.1852941176470289,-113.04347826087418,8.41451632235746e-30,8.41451632235746e-30,,,,-200249000.0,231015.0,0.5798918609554793,,-2.3923,-337.9040228165306,-336.2346113989637,-1093.799227304745,22.637485754022688,40.736894941655706,20.45277369127676,,-180.95378319980117,0.0501397226906318,-465585000.0,231015.0,1901363.0,3507769.0,-3.083513617379833,55.0,-33.2104036168309,1.3073220758428317,-20.93553072975995,33.21953254506171,33.21953254506171,,,857384000.0,826994000.0,,,,,0.0,-82.72552567822211,,,,0.0,0.0,0.0,,0.0,,0.0,0.0,-10.5538158254887,-24.9297141851457,-24.5498541933921,-26.2351183279579,,-15.7361722208449,-21.7845281280888,-21.7845281280888,,14.375898359656963,,,2005739000.0,-211682000.0,-500025000.0,-526208000.0,3654177000.0,654358000.0,12416000.0,971731000.0,345094000.0,332678000.0,2682446000.0,0.791248787778388,0.0221984681871936,0.128649001694722,0.0359786029313752,,,,,,9.11881921838913,-2.3923,,,-2.27329556820455,-2.1167187983051154,12.19538,1.5689228754841875,0.056447653166997,1979603943.0,Non-energy minerals,2079135.0,0.9285714285714286,0.0,0.0,0.0,0.0,0.0,0.0,0.0,0.0,0.0,0.0,,75.0,75.0,0.0,0.0,0.0,75.0,16.785714285714285,20.535714285714285
MULTITREX,Multi-Trex Integrated Foods Plc,0.36,0.0,0.0,0.0,0.0,0.0,0.0,0.0,0.0,-28.000000000000004,-68.69565217391303,-8.881784197001252e-16,-1.7763568394002505e-15,,,,100.0,0.0,-2.8310687127941488e-15,-35.087719298248174,0.0,3.947459643111667e-15,,100.0,0.0,-2.8310687127941488e-15,-35.087719298248174,99.99999999999996,99.99999999999994,,,,-471046000.0,0.0,,,,,,,-192.1923990777746,-6.163309953096587,,,,,,0.0,0.0,0.0,,3.0,,,,-96.00721868188202,-96.00721868188202,,,2574338000.0,,,,,,0.0,,,,,0.0,,0.0,,,,0.0,0.0,,,,,,,,,,,,,,,,,,,,,,,,,,,,,,,,,,,,,,,,,,1340097680.0,Consumer non-durables,0.0,0.5,34.61538461538461,19.230769230769234,7.6923076923076925,3.8461538461538463,19.230769230769234,,,,,,,,100.0,16.923076923076923,,,100.0,20.923076923076923,24.23076923076923
AFROMEDIA,Afromedia PLC,0.24,0.0,0.0,0.0,0.0,0.0,0.0,0.0,19.99999999999999,-52.0,-52.0,-4.440892098500626e-16,2.7755575615628914e-16,,,,100.0,0.0,6.661338147750939e-16,35.08771929824667,100.0,100.0,,100.0,0.0,6.661338147750939e-16,35.08771929824667,100.0,100.0,,,,,0.0,,,,,,,,,,,,,,0.0,0.0,0.0,,,,,,,,,,,,,,,,0.0,,,,,,,0.0,,,,0.0,0.0,,,,,,,,,,,,,,,,,,,,,,,,,,,,,,,,,,,,,,,,,,1065371226.0,Commercial services,0.0,0.5,38.489208633093526,46.76258992805755,21.58273381294964,14.748201438848922,27.697841726618705,,,,,,,,84.89208633093526,29.856115107913674,,,84.89208633093526,23.93884892086331,25.197841726618705
PHARMDEKO,Pharma-Deko PLC,1.83,0.0,0.0,0.0,0.0,0.0,0.0,0.0,36.56716417910447,-6.153846153846149,-47.71428571428572,-8.881784197001252e-16,-1.3461454173580025e-15,,,,100.0,0.0,-1.5543122344752194e-15,-35.08771929824493,-1.7763568394002505e-15,-3.2566542055671257e-15,,100.0,0.0,-1.5543122344752194e-15,-35.08771929824493,100.0,100.0,,,,,0.0,,,,,,,,,,,,,,0.0,0.0,0.0,,,,,,,,,,,,,,,,0.0,,,,,,,0.0,,,,0.0,0.0,,,,,,,,,,,,,,,,,,,,,,,,,,,,,,,,,,,,,,,,,,396781407.0,Health technology,0.0,0.5,20.0,60.0,0.0,0.0,0.0,,,,,,,,80.0,16.0,,,80.0,18.6,21.0
JULI,Juli Plc,7.25,0.0,0.0,-0.1377410468319529,-0.1377410468319529,-10.049627791563282,-10.049627791563282,-29.20596393897365,380.1324503311258,314.2857142857143,162.68115942028987,-1.7763568394002505e-15,-2.220446049250313e-15,,,,0.0379355140246531,0.0,-0.0047058823529892,-37.0370370372801,3.315866100213801e-14,3.0000693287648675e-14,,0.0379355140246531,0.0,-0.0047058823529892,-37.0370370372801,-9.473903143468002e-15,-6.710681393289834e-15,,,,,24460.0,0.4345794475546466,,,,,,,,,,,,,24460.0,528698.0,571942.0,,,,,,,,,,,,,,,,0.0,-74.87390728204707,,,,,,,,,,,,,,,,,,,,,,,,,,,,,,,,,,,,,,,,,,,,,,,,,,,,,,Retail trade,177335.0,0.5,30.215827338129497,41.007194244604314,7.913669064748201,0.3597122302158274,10.071942446043165,,,,,,,,98.20143884892086,17.913669064748202,,,98.20143884892086,21.089928057553955,24.20863309352518
LEGENDINT,LEGEND INTERNET PLC,6.0,0.0,-1.6393442622950762,-3.0694668820678577,-9.090909090909086,4.5296167247386725,7.1428571428571495,-28.571428571428573,-3.225806451612906,-3.225806451612906,-3.225806451612906,0.8028409275111197,3.17496110063639,,,,50.45705908115465,0.6500000000000004,-0.1191764705882434,53.041362530413565,86.66666666666669,87.77777777777779,,50.45705908115465,0.6500000000000004,-0.1191764705882434,53.041362530413565,87.14226723896041,91.20724461304728,,,,,1194420.0,0.5868508212752265,,,,,,,,,,,,,1194420.0,7222433.0,19653091.0,,,,,,,,,,,,,,,,0.0,62.0141186702088,,,,,,,1.0,,,,,,,,,,,,,,,,,,,,,,,,,,,,,,,,,,,,,,,,,,,,,,,Communications,7166520.0,0.5,24.46043165467626,32.37410071942446,32.37410071942446,1.4388489208633095,38.84892086330935,,,,,,,,38.1294964028777,25.89928057553957,,,38.1294964028777,17.87769784172662,17.194244604316548
ZICHIS,Zichis Agro-Allied Industries Plc,29.43,-9.972468644845511,-11.621621621621616,135.44,236.019661733615,538.4798245614012,413.99225352112563,2031.1099713284364,2857.788944723618,2857.788944723618,2857.788944723618,3.9614170337738615,5.496117461258659,,,,61.2981761598388,7.649999999999999,16.22176470588235,48.93548882344891,64.59260212397128,79.39273130335908,,61.2981761598388,7.649999999999999,16.22176470588235,48.93548882344891,16.093075190747637,49.426408524080976,,,,,1804691.0,0.1515979700235885,,,,,,,,,,,,,1804691.0,48839557.0,115030177.0,,,,,,,,,,,,29.43,-9.972468644845511,-9.972468644845511,828518.0,-9.972468644845511,-11.313069978747636,,,,,,,0.3059039461609055,,,,,,,,,,,,,,,,,,,,,,,,,,,,,,,,,,,,,,,,,,,,,,,Process industries,53112056.13,0.5,87.5,96.875,100.0,100.0,100.0,,,,,,,,6.25,96.875,,,6.25,39.53125,30.15625
NIDF,Chapel Hill Denham Lists Nigeria Infrastructure Debt Fund Units NGN,129.0,0.0,0.0,2.380952380952381,11.785095320623912,12.173913043478262,12.173913043478262,15.487914055505817,19.003690036900363,19.003690036900363,19.003690036900363,0.0,-1.52655665885959e-16,,,,99.80803542802002,2.0,1.9999999999999147,95.2380952380994,100.0,100.00000000000004,,99.80803542802002,2.0,1.9999999999999147,95.2380952380994,100.0,100.0,,,,,20806.0,0.1181358317912914,,,,,,,,,,,,,20806.0,348344.0,1438034.0,,,,,,,,,,,,,,,,0.0,-88.32514084348978,,,,,,,14.465116279069768,,,,,,,,,,,,,,,,,,,,,,,,,,,,,,,,,,,,,,,,,,,,,,,Miscellaneous,2683974.0,0.5,53.23741007194245,63.30935251798561,40.28776978417266,22.302158273381295,41.007194244604314,,,,,,,,90.64748201438849,44.02877697841726,,,90.64748201438849,29.47482014388489,29.60431654676259
EKOCORP,Ekocorp PLC,5.8,0.0,0.0,0.0,0.0,0.0,0.0,0.0,-1.6949152542372972,63.84180790960451,14.851485148514852,-8.881784197001252e-16,0.0,,,,100.0,0.0,4.440892098500626e-15,35.087719298596625,100.0,100.0,,100.0,0.0,4.440892098500626e-15,35.087719298596625,100.0,100.0,,,,,0.0,,,,,,,,,,,,,,0.0,0.0,0.0,,,,,,,,,,,,,,,,0.0,,,,,,,,,,,,,,,,,,,,,,,,,,,,,,,,,,,,,,,,,,,,,,,,,,,,,,,Health services,0.0,0.5,38.489208633093526,46.76258992805755,21.58273381294964,14.748201438848922,27.697841726618705,,,,,,,,87.41007194244604,29.856115107913674,,,87.41007194244604,24.19064748201439,25.575539568345324
NREIT,Chapel Hill Denham Management Limited,103.0,0.0,0.0,0.0,0.0,0.0,0.0,0.0,0.0,0.0,0.0,0.0,0.0,,,,100.0,0.0,0.0,0.0,,,,100.0,0.0,0.0,0.0,,,,,,,36340.0,1.6924997205559074,,,,,,,,,,,,,36340.0,81433.0,179941.0,,,,,,,,,,,,,,,,0.0,217.68511233499436,,,,,,,,,,,,,,,,,,,,,,,,,,,,,,,,,,,,,,,,,,,,,,,,,,,,,,,3743020.0,0.5,38.489208633093526,46.76258992805755,21.58273381294964,14.748201438848922,27.697841726618705,,,,,,,,87.41007194244604,29.856115107913674,,,87.41007194244604,24.19064748201439,25.575539568345324
THOMASWY,Thomas Wyatt Nigeria Plc,2.75,0.0,0.0,0.0,0.0,0.0,0.0,48.64864864864864,1314.2869103683586,711.4751437786414,258.69596408344705,1.3877787807814457e-17,-2.237793284010081e-16,,,,41.59799364240816,0.0,-5.3290705182007506e-15,35.087719298251905,100.0,100.0,,41.59799364240816,0.0,-5.3290705182007506e-15,35.087719298251905,100.0,100.0,,,,,0.0,0.0,,,,,,,,,,,,,0.0,0.0,0.0,,,,,,,,,,,,,,,,0.0,,,,,,,,,,,,,,,,,,,,,,,,,,,,,,,,,,,,,,,,,,,,,,,,,,,,,,,Distribution services,0.0,0.5,38.489208633093526,46.76258992805755,21.58273381294964,35.25179856115108,27.697841726618705,,,,,,,,91.36690647482014,33.9568345323741,,,91.36690647482014,26.02158273381295,27.194244604316545
CNIF,CORONATION INFRASTRUCTURE Units NGN,110.0,0.0,0.0,0.0,0.0,10.0,10.0,10.0,10.0,10.0,10.0,0.0,0.0,,,,100.0,0.0,0.0,35.08771929824562,100.0,100.0,,100.0,0.0,0.0,35.08771929824562,,,,,,,42226.0,1.603764627240375,,,,,,,,,,,,,42226.0,66130.0,276190.0,,,,,,,,,,,,,,,,0.0,1278.1331592689294,,,,,,,0.0,,,,,,,,,,,,,,,,,,,,,,,,,,,,,,,,,,,,,,,,,,,,,,,,4644860.0,0.5,38.489208633093526,46.76258992805755,39.568345323741006,18.705035971223023,39.568345323741006,,,,,,,,87.41007194244604,36.61870503597122,,,87.41007194244604,26.557553956834532,27.26618705035971
HMCALL,Haldane McCall Plc,3.65,0.0,-1.3513513513513584,-5.194805194805199,-18.708240534521163,-6.410256410256411,-8.750000000000002,-13.711583924349892,-13.507109004739334,-13.507109004739334,-13.507109004739334,1.3260808164494984,0.7927742358622459,,,,46.99468550768232,0.2199999999999997,-0.193441176470591,-6.527221480493164,36.25730994152045,31.972355130249863,,46.99468550768232,0.2199999999999997,-0.193441176470591,-6.527221480493164,60.80179704135909,54.56774983110905,,,,,311824.0,0.3331157244479683,,,,,,,,,,,,,311824.0,3435845.0,5354151.0,,,,,,,,,,,,,,,,0.0,-58.59774256894645,,,,,,,1.3698630136986305,,,,,,,,,,,,,,,,,,,,,,,,,,,,,,,,,,,,,,,,,,,,,,,Finance,1138157.5999999999,0.5,31.25,20.833333333333336,18.75,4.166666666666666,18.75,,,,,,,,85.41666666666666,18.750000000000004,,,85.41666666666666,20.104166666666668,22.5
